date,city,province,latitude,longitude,soil_moisture_0_to_7cm,soil_moisture_7_to_28cm,soil_moisture_28_to_100cm,soil_temperature_0_to_7cm
2024-08-01,Balikpapan,Kalimantan Timur,-1.2379,116.8529,0.37,0.365,0.347,27.7
2024-08-02,Balikpapan,Kalimantan Timur,-1.2379,116.8529,0.386,0.37,0.34,27.1
2024-08-03,Balikpapan,Kalimantan Timur,-1.2379,116.8529,0.41,0.397,0.339,26.6
2024-08-04,Balikpapan,Kalimantan Timur,-1.2379,116.8529,0.394,0.393,0.344,27.7
2024-08-05,Balikpapan,Kalimantan Timur,-1.2379,116.8529,0.383,0.382,0.346,27.9
2024-08-06,Balikpapan,Kalimantan Timur,-1.2379,116.8529,0.402,0.394,0.348,26.6
2024-08-07,Balikpapan,Kalimantan Timur,-1.2379,116.8529,0.417,0.412,0.354,26.2
2024-08-08,Balikpapan,Kalimantan Timur,-1.2379,116.8529,0.412,0.41,0.361,26.4
2024-08-09,Balikpapan,Kalimantan Timur,-1.2379,116.8529,0.408,0.403,0.366,26.8
2024-08-10,Balikpapan,Kalimantan Timur,-1.2379,116.8529,0.386,0.386,0.366,27.3
2024-08-11,Balikpapan,Kalimantan Timur,-1.2379,116.8529,0.384,0.382,0.366,27.6
2024-08-12,Balikpapan,Kalimantan Timur,-1.2379,116.8529,0.39,0.386,0.364,27.0
2024-08-13,Balikpapan,Kalimantan Timur,-1.2379,116.8529,0.383,0.379,0.365,27.1
2024-08-14,Balikpapan,Kalimantan Timur,-1.2379,116.8529,0.385,0.379,0.364,27.1
2024-08-15,Balikpapan,Kalimantan Timur,-1.2379,116.8529,0.39,0.382,0.363,26.8
2024-08-16,Balikpapan,Kalimantan Timur,-1.2379,116.8529,0.379,0.375,0.361,27.4
2024-08-17,Balikpapan,Kalimantan Timur,-1.2379,116.8529,0.386,0.373,0.359,27.1
2024-08-18,Balikpapan,Kalimantan Timur,-1.2379,116.8529,0.375,0.365,0.357,26.8
2024-08-19,Balikpapan,Kalimantan Timur,-1.2379,116.8529,0.364,0.36,0.356,26.9
2024-08-20,Balikpapan,Kalimantan Timur,-1.2379,116.8529,0.393,0.37,0.358,26.6
2024-08-21,Balikpapan,Kalimantan Timur,-1.2379,116.8529,0.417,0.406,0.356,26.0
2024-08-22,Balikpapan,Kalimantan Timur,-1.2379,116.8529,0.426,0.419,0.362,25.0
2024-08-23,Balikpapan,Kalimantan Timur,-1.2379,116.8529,0.413,0.415,0.381,26.0
2024-08-24,Balikpapan,Kalimantan Timur,-1.2379,116.8529,0.397,0.399,0.384,26.5
2024-08-25,Balikpapan,Kalimantan Timur,-1.2379,116.8529,0.405,0.4,0.384,26.4
2024-08-26,Balikpapan,Kalimantan Timur,-1.2379,116.8529,0.392,0.39,0.383,26.9
2024-08-27,Balikpapan,Kalimantan Timur,-1.2379,116.8529,0.421,0.412,0.384,26.0
2024-08-28,Balikpapan,Kalimantan Timur,-1.2379,116.8529,0.42,0.421,0.392,26.0
2024-08-29,Balikpapan,Kalimantan Timur,-1.2379,116.8529,0.413,0.415,0.398,26.8
2024-08-30,Balikpapan,Kalimantan Timur,-1.2379,116.8529,0.412,0.414,0.401,26.5
2024-08-31,Balikpapan,Kalimantan Timur,-1.2379,116.8529,0.405,0.408,0.404,26.9
2024-09-01,Balikpapan,Kalimantan Timur,-1.2379,116.8529,0.389,0.394,0.404,27.4
2024-09-02,Balikpapan,Kalimantan Timur,-1.2379,116.8529,0.382,0.385,0.406,28.0
2024-09-03,Balikpapan,Kalimantan Timur,-1.2379,116.8529,0.371,0.378,0.402,28.2
2024-09-04,Balikpapan,Kalimantan Timur,-1.2379,116.8529,0.365,0.373,0.401,28.1
2024-09-05,Balikpapan,Kalimantan Timur,-1.2379,116.8529,0.374,0.373,0.401,27.4
2024-09-06,Balikpapan,Kalimantan Timur,-1.2379,116.8529,0.393,0.392,0.4,27.1
2024-09-07,Balikpapan,Kalimantan Timur,-1.2379,116.8529,0.385,0.389,0.398,27.8
2024-09-08,Balikpapan,Kalimantan Timur,-1.2379,116.8529,0.393,0.389,0.396,27.4
2024-09-09,Balikpapan,Kalimantan Timur,-1.2379,116.8529,0.388,0.387,0.395,27.9
2024-09-10,Balikpapan,Kalimantan Timur,-1.2379,116.8529,0.393,0.388,0.394,27.8
2024-09-11,Balikpapan,Kalimantan Timur,-1.2379,116.8529,0.384,0.389,0.392,28.3
2024-09-12,Balikpapan,Kalimantan Timur,-1.2379,116.8529,0.378,0.383,0.391,28.2
2024-09-13,Balikpapan,Kalimantan Timur,-1.2379,116.8529,0.375,0.378,0.389,28.3
2024-09-14,Balikpapan,Kalimantan Timur,-1.2379,116.8529,0.369,0.373,0.387,28.3
2024-09-15,Balikpapan,Kalimantan Timur,-1.2379,116.8529,0.366,0.368,0.385,28.0
2024-09-16,Balikpapan,Kalimantan Timur,-1.2379,116.8529,0.361,0.364,0.383,27.9
2024-09-17,Balikpapan,Kalimantan Timur,-1.2379,116.8529,0.352,0.359,0.38,28.5
2024-09-18,Balikpapan,Kalimantan Timur,-1.2379,116.8529,0.353,0.355,0.378,28.4
2024-09-19,Balikpapan,Kalimantan Timur,-1.2379,116.8529,0.349,0.352,0.376,28.4
2024-09-20,Balikpapan,Kalimantan Timur,-1.2379,116.8529,0.341,0.348,0.374,28.3
2024-09-21,Balikpapan,Kalimantan Timur,-1.2379,116.8529,0.338,0.345,0.371,28.1
2024-09-22,Balikpapan,Kalimantan Timur,-1.2379,116.8529,0.339,0.34,0.368,28.6
2024-09-23,Balikpapan,Kalimantan Timur,-1.2379,116.8529,0.347,0.341,0.366,28.5
2024-09-24,Balikpapan,Kalimantan Timur,-1.2379,116.8529,0.347,0.339,0.364,28.5
2024-09-25,Balikpapan,Kalimantan Timur,-1.2379,116.8529,0.361,0.338,0.362,27.9
2024-09-26,Balikpapan,Kalimantan Timur,-1.2379,116.8529,0.385,0.357,0.36,27.5
2024-09-27,Balikpapan,Kalimantan Timur,-1.2379,116.8529,0.38,0.359,0.361,27.0
2024-09-28,Balikpapan,Kalimantan Timur,-1.2379,116.8529,0.37,0.364,0.361,27.6
2024-09-29,Balikpapan,Kalimantan Timur,-1.2379,116.8529,0.36,0.36,0.361,27.9
2024-09-30,Balikpapan,Kalimantan Timur,-1.2379,116.8529,0.396,0.377,0.359,26.5
2024-10-01,Balikpapan,Kalimantan Timur,-1.2379,116.8529,0.373,0.37,0.359,27.7
2024-10-02,Balikpapan,Kalimantan Timur,-1.2379,116.8529,0.399,0.382,0.357,26.6
2024-10-03,Balikpapan,Kalimantan Timur,-1.2379,116.8529,0.42,0.414,0.359,26.4
2024-10-04,Balikpapan,Kalimantan Timur,-1.2379,116.8529,0.406,0.404,0.364,27.3
2024-10-05,Balikpapan,Kalimantan Timur,-1.2379,116.8529,0.39,0.392,0.365,27.8
2024-10-06,Balikpapan,Kalimantan Timur,-1.2379,116.8529,0.39,0.386,0.366,28.0
2024-10-07,Balikpapan,Kalimantan Timur,-1.2379,116.8529,0.381,0.38,0.363,27.5
2024-10-08,Balikpapan,Kalimantan Timur,-1.2379,116.8529,0.362,0.368,0.361,27.7
2024-10-09,Balikpapan,Kalimantan Timur,-1.2379,116.8529,0.385,0.369,0.36,28.0
2024-10-10,Balikpapan,Kalimantan Timur,-1.2379,116.8529,0.395,0.373,0.357,27.5
2024-10-11,Balikpapan,Kalimantan Timur,-1.2379,116.8529,0.39,0.382,0.356,27.6
2024-10-12,Balikpapan,Kalimantan Timur,-1.2379,116.8529,0.39,0.383,0.356,27.9
2024-10-13,Balikpapan,Kalimantan Timur,-1.2379,116.8529,0.397,0.388,0.356,27.4
2024-10-14,Balikpapan,Kalimantan Timur,-1.2379,116.8529,0.397,0.38,0.354,26.8
2024-10-15,Balikpapan,Kalimantan Timur,-1.2379,116.8529,0.38,0.374,0.351,27.1
2024-10-16,Balikpapan,Kalimantan Timur,-1.2379,116.8529,0.38,0.369,0.349,27.3
2024-10-17,Balikpapan,Kalimantan Timur,-1.2379,116.8529,0.405,0.38,0.348,26.1
2024-10-18,Balikpapan,Kalimantan Timur,-1.2379,116.8529,0.391,0.385,0.349,26.4
2024-10-19,Balikpapan,Kalimantan Timur,-1.2379,116.8529,0.381,0.376,0.349,27.0
2024-10-20,Balikpapan,Kalimantan Timur,-1.2379,116.8529,0.371,0.37,0.349,27.9
2024-10-21,Balikpapan,Kalimantan Timur,-1.2379,116.8529,0.406,0.391,0.349,27.1
2024-10-22,Balikpapan,Kalimantan Timur,-1.2379,116.8529,0.382,0.385,0.351,28.3
2024-10-23,Balikpapan,Kalimantan Timur,-1.2379,116.8529,0.367,0.372,0.349,28.7
2024-10-24,Balikpapan,Kalimantan Timur,-1.2379,116.8529,0.353,0.361,0.348,29.1
2024-10-25,Balikpapan,Kalimantan Timur,-1.2379,116.8529,0.342,0.35,0.346,29.1
2024-10-26,Balikpapan,Kalimantan Timur,-1.2379,116.8529,0.332,0.341,0.344,29.2
2024-10-27,Balikpapan,Kalimantan Timur,-1.2379,116.8529,0.33,0.334,0.342,29.0
2024-10-28,Balikpapan,Kalimantan Timur,-1.2379,116.8529,0.326,0.328,0.341,28.7
2024-10-29,Balikpapan,Kalimantan Timur,-1.2379,116.8529,0.32,0.323,0.339,28.9
2024-10-30,Balikpapan,Kalimantan Timur,-1.2379,116.8529,0.318,0.319,0.337,28.6
2024-10-31,Balikpapan,Kalimantan Timur,-1.2379,116.8529,0.365,0.333,0.335,27.4
2024-11-01,Balikpapan,Kalimantan Timur,-1.2379,116.8529,0.367,0.346,0.333,27.1
2024-11-02,Balikpapan,Kalimantan Timur,-1.2379,116.8529,0.379,0.358,0.334,27.7
2024-11-03,Balikpapan,Kalimantan Timur,-1.2379,116.8529,0.402,0.386,0.342,26.7
2024-11-04,Balikpapan,Kalimantan Timur,-1.2379,116.8529,0.395,0.39,0.344,26.8
2024-11-05,Balikpapan,Kalimantan Timur,-1.2379,116.8529,0.382,0.383,0.347,27.5
2024-11-06,Balikpapan,Kalimantan Timur,-1.2379,116.8529,0.38,0.373,0.347,27.1
2024-11-07,Balikpapan,Kalimantan Timur,-1.2379,116.8529,0.399,0.383,0.347,26.9
2024-11-08,Balikpapan,Kalimantan Timur,-1.2379,116.8529,0.387,0.385,0.348,27.8
2024-11-09,Balikpapan,Kalimantan Timur,-1.2379,116.8529,0.398,0.389,0.349,27.5
2024-11-10,Balikpapan,Kalimantan Timur,-1.2379,116.8529,0.397,0.392,0.353,26.9
2024-11-11,Balikpapan,Kalimantan Timur,-1.2379,116.8529,0.397,0.389,0.351,27.1
2024-11-12,Balikpapan,Kalimantan Timur,-1.2379,116.8529,0.368,0.365,0.318,27.5
2024-11-13,Balikpapan,Kalimantan Timur,-1.2379,116.8529,0.262,0.264,0.156,29.1
2024-11-14,Balikpapan,Kalimantan Timur,-1.2379,116.8529,0.295,0.241,0.149,28.2
2024-11-15,Balikpapan,Kalimantan Timur,-1.2379,116.8529,0.273,0.227,0.151,28.9
2024-11-16,Balikpapan,Kalimantan Timur,-1.2379,116.8529,0.331,0.233,0.149,28.0
2024-11-17,Balikpapan,Kalimantan Timur,-1.2379,116.8529,0.35,0.255,0.148,27.8
2024-11-18,Balikpapan,Kalimantan Timur,-1.2379,116.8529,0.372,0.285,0.151,27.6
2024-11-19,Balikpapan,Kalimantan Timur,-1.2379,116.8529,0.372,0.314,0.15,27.3
2024-11-20,Balikpapan,Kalimantan Timur,-1.2379,116.8529,0.386,0.341,0.152,27.3
2024-11-21,Balikpapan,Kalimantan Timur,-1.2379,116.8529,0.372,0.345,0.156,27.8
2024-11-22,Balikpapan,Kalimantan Timur,-1.2379,116.8529,0.354,0.328,0.158,28.2
2024-11-23,Balikpapan,Kalimantan Timur,-1.2379,116.8529,0.387,0.34,0.162,27.8
2024-11-24,Balikpapan,Kalimantan Timur,-1.2379,116.8529,0.386,0.351,0.163,27.8
2024-11-25,Balikpapan,Kalimantan Timur,-1.2379,116.8529,0.389,0.358,0.162,27.4
2024-11-26,Balikpapan,Kalimantan Timur,-1.2379,116.8529,0.397,0.365,0.167,27.5
2024-11-27,Balikpapan,Kalimantan Timur,-1.2379,116.8529,0.394,0.378,0.175,27.6
2024-11-28,Balikpapan,Kalimantan Timur,-1.2379,116.8529,0.395,0.37,0.178,27.0
2024-11-29,Balikpapan,Kalimantan Timur,-1.2379,116.8529,0.38,0.356,0.175,28.2
2024-11-30,Balikpapan,Kalimantan Timur,-1.2379,116.8529,0.397,0.377,0.182,26.8
2024-12-01,Balikpapan,Kalimantan Timur,-1.2379,116.8529,0.379,0.355,0.182,27.2
2024-12-02,Balikpapan,Kalimantan Timur,-1.2379,116.8529,0.364,0.352,0.191,28.4
2024-12-03,Balikpapan,Kalimantan Timur,-1.2379,116.8529,0.401,0.363,0.182,27.8
2024-12-04,Balikpapan,Kalimantan Timur,-1.2379,116.8529,0.377,0.375,0.184,27.9
2024-12-05,Balikpapan,Kalimantan Timur,-1.2379,116.8529,0.378,0.371,0.189,27.1
2024-12-06,Balikpapan,Kalimantan Timur,-1.2379,116.8529,0.341,0.34,0.189,27.7
2024-12-07,Balikpapan,Kalimantan Timur,-1.2379,116.8529,0.297,0.321,0.188,28.2
2024-12-08,Balikpapan,Kalimantan Timur,-1.2379,116.8529,0.303,0.297,0.175,28.6
2024-12-09,Balikpapan,Kalimantan Timur,-1.2379,116.8529,0.32,0.28,0.165,27.6
2024-12-10,Balikpapan,Kalimantan Timur,-1.2379,116.8529,0.289,0.27,0.163,28.7
2024-12-11,Balikpapan,Kalimantan Timur,-1.2379,116.8529,0.285,0.259,0.159,28.7
2024-12-12,Balikpapan,Kalimantan Timur,-1.2379,116.8529,0.256,0.246,0.161,28.1
2024-12-13,Balikpapan,Kalimantan Timur,-1.2379,116.8529,0.333,0.243,0.165,27.9
2024-12-14,Balikpapan,Kalimantan Timur,-1.2379,116.8529,0.339,0.26,0.164,27.9
2024-12-15,Balikpapan,Kalimantan Timur,-1.2379,116.8529,0.351,0.305,0.17,26.9
2024-12-16,Balikpapan,Kalimantan Timur,-1.2379,116.8529,0.305,0.283,0.168,28.0
2024-12-17,Balikpapan,Kalimantan Timur,-1.2379,116.8529,0.32,0.284,0.165,28.4
2024-12-18,Balikpapan,Kalimantan Timur,-1.2379,116.8529,0.372,0.327,0.167,28.1
2024-12-19,Balikpapan,Kalimantan Timur,-1.2379,116.8529,0.334,0.326,0.166,28.0
2024-12-20,Balikpapan,Kalimantan Timur,-1.2379,116.8529,0.327,0.311,0.163,28.2
2024-12-21,Balikpapan,Kalimantan Timur,-1.2379,116.8529,0.325,0.297,0.155,28.1
2024-12-22,Balikpapan,Kalimantan Timur,-1.2379,116.8529,0.316,0.285,0.153,27.6
2024-12-23,Balikpapan,Kalimantan Timur,-1.2379,116.8529,0.359,0.297,0.152,27.7
2024-12-24,Balikpapan,Kalimantan Timur,-1.2379,116.8529,0.359,0.311,0.153,27.9
2024-12-25,Balikpapan,Kalimantan Timur,-1.2379,116.8529,0.377,0.353,0.157,26.5
2024-12-26,Balikpapan,Kalimantan Timur,-1.2379,116.8529,0.33,0.333,0.159,27.6
2024-12-27,Balikpapan,Kalimantan Timur,-1.2379,116.8529,0.326,0.317,0.163,28.0
2024-12-28,Balikpapan,Kalimantan Timur,-1.2379,116.8529,0.308,0.303,0.161,28.5
2024-12-29,Balikpapan,Kalimantan Timur,-1.2379,116.8529,0.356,0.324,0.161,28.5
2024-12-30,Balikpapan,Kalimantan Timur,-1.2379,116.8529,0.313,0.32,0.162,28.6
2024-12-31,Balikpapan,Kalimantan Timur,-1.2379,116.8529,0.344,0.314,0.161,28.0
2025-01-01,Balikpapan,Kalimantan Timur,-1.2379,116.8529,0.368,0.32,0.166,27.7
2025-01-02,Balikpapan,Kalimantan Timur,-1.2379,116.8529,0.364,0.322,0.168,27.5
2025-01-03,Balikpapan,Kalimantan Timur,-1.2379,116.8529,0.378,0.349,0.17,27.8
2025-01-04,Balikpapan,Kalimantan Timur,-1.2379,116.8529,0.399,0.381,0.173,27.2
2025-01-05,Balikpapan,Kalimantan Timur,-1.2379,116.8529,0.382,0.371,0.185,27.5
2025-01-06,Balikpapan,Kalimantan Timur,-1.2379,116.8529,0.368,0.36,0.19,28.2
2025-01-07,Balikpapan,Kalimantan Timur,-1.2379,116.8529,0.379,0.356,0.195,28.0
2025-01-08,Balikpapan,Kalimantan Timur,-1.2379,116.8529,0.398,0.373,0.199,27.1
2025-01-09,Balikpapan,Kalimantan Timur,-1.2379,116.8529,0.388,0.379,0.205,27.5
2025-01-10,Balikpapan,Kalimantan Timur,-1.2379,116.8529,0.364,0.368,0.213,28.1
2025-01-11,Balikpapan,Kalimantan Timur,-1.2379,116.8529,0.364,0.355,0.219,28.3
2025-01-12,Balikpapan,Kalimantan Timur,-1.2379,116.8529,0.373,0.359,0.225,27.9
2025-01-13,Balikpapan,Kalimantan Timur,-1.2379,116.8529,0.394,0.379,0.231,27.6
2025-01-14,Balikpapan,Kalimantan Timur,-1.2379,116.8529,0.393,0.375,0.238,27.2
2025-01-15,Balikpapan,Kalimantan Timur,-1.2379,116.8529,0.402,0.386,0.245,26.7
2025-01-16,Balikpapan,Kalimantan Timur,-1.2379,116.8529,0.372,0.375,0.254,27.4
2025-01-17,Balikpapan,Kalimantan Timur,-1.2379,116.8529,0.361,0.352,0.252,27.8
2025-01-18,Balikpapan,Kalimantan Timur,-1.2379,116.8529,0.372,0.347,0.246,28.0
2025-01-19,Balikpapan,Kalimantan Timur,-1.2379,116.8529,0.393,0.35,0.237,27.5
2025-01-20,Balikpapan,Kalimantan Timur,-1.2379,116.8529,0.404,0.391,0.237,27.3
2025-01-21,Balikpapan,Kalimantan Timur,-1.2379,116.8529,0.415,0.403,0.247,27.1
2025-01-22,Balikpapan,Kalimantan Timur,-1.2379,116.8529,0.414,0.409,0.264,27.4
2025-01-23,Balikpapan,Kalimantan Timur,-1.2379,116.8529,0.415,0.41,0.282,27.4
2025-01-24,Balikpapan,Kalimantan Timur,-1.2379,116.8529,0.412,0.4,0.294,25.9
2025-01-25,Balikpapan,Kalimantan Timur,-1.2379,116.8529,0.407,0.394,0.301,27.3
2025-01-26,Balikpapan,Kalimantan Timur,-1.2379,116.8529,0.424,0.417,0.311,25.3
2025-01-27,Balikpapan,Kalimantan Timur,-1.2379,116.8529,0.4,0.399,0.322,26.8
2025-01-28,Balikpapan,Kalimantan Timur,-1.2379,116.8529,0.406,0.397,0.328,26.7
2025-01-29,Balikpapan,Kalimantan Timur,-1.2379,116.8529,0.42,0.412,0.341,26.2
2025-01-30,Balikpapan,Kalimantan Timur,-1.2379,116.8529,0.422,0.42,0.362,26.3
2025-01-31,Balikpapan,Kalimantan Timur,-1.2379,116.8529,0.42,0.418,0.375,27.0
2025-02-01,Balikpapan,Kalimantan Timur,-1.2379,116.8529,0.397,0.405,0.379,27.4
2025-02-02,Balikpapan,Kalimantan Timur,-1.2379,116.8529,0.362,0.382,0.379,28.4
2025-02-03,Balikpapan,Kalimantan Timur,-1.2379,116.8529,0.364,0.361,0.377,27.8
2025-02-04,Balikpapan,Kalimantan Timur,-1.2379,116.8529,0.364,0.353,0.37,28.0
2025-02-05,Balikpapan,Kalimantan Timur,-1.2379,116.8529,0.312,0.341,0.351,28.6
2025-02-06,Balikpapan,Kalimantan Timur,-1.2379,116.8529,0.394,0.359,0.328,27.4
2025-02-07,Balikpapan,Kalimantan Timur,-1.2379,116.8529,0.378,0.362,0.324,27.6
2025-02-08,Balikpapan,Kalimantan Timur,-1.2379,116.8529,0.358,0.361,0.327,27.9
2025-02-09,Balikpapan,Kalimantan Timur,-1.2379,116.8529,0.353,0.353,0.334,27.7
2025-02-10,Balikpapan,Kalimantan Timur,-1.2379,116.8529,0.338,0.343,0.333,28.4
2025-02-11,Balikpapan,Kalimantan Timur,-1.2379,116.8529,0.374,0.353,0.332,27.9
2025-02-12,Balikpapan,Kalimantan Timur,-1.2379,116.8529,0.353,0.349,0.334,27.5
2025-02-13,Balikpapan,Kalimantan Timur,-1.2379,116.8529,0.342,0.345,0.332,28.0
2025-02-14,Balikpapan,Kalimantan Timur,-1.2379,116.8529,0.368,0.344,0.332,27.6
2025-02-15,Balikpapan,Kalimantan Timur,-1.2379,116.8529,0.33,0.333,0.331,28.2
2025-02-16,Balikpapan,Kalimantan Timur,-1.2379,116.8529,0.356,0.33,0.323,27.6
2025-02-17,Balikpapan,Kalimantan Timur,-1.2379,116.8529,0.395,0.38,0.321,27.2
2025-02-18,Balikpapan,Kalimantan Timur,-1.2379,116.8529,0.412,0.398,0.323,26.8
2025-02-19,Balikpapan,Kalimantan Timur,-1.2379,116.8529,0.383,0.387,0.325,27.7
2025-02-20,Balikpapan,Kalimantan Timur,-1.2379,116.8529,0.419,0.407,0.331,26.3
2025-02-21,Balikpapan,Kalimantan Timur,-1.2379,116.8529,0.393,0.397,0.34,27.9
2025-02-22,Balikpapan,Kalimantan Timur,-1.2379,116.8529,0.407,0.398,0.343,27.6
2025-02-23,Balikpapan,Kalimantan Timur,-1.2379,116.8529,0.403,0.4,0.344,26.7
2025-02-24,Balikpapan,Kalimantan Timur,-1.2379,116.8529,0.398,0.39,0.344,27.0
2025-02-25,Balikpapan,Kalimantan Timur,-1.2379,116.8529,0.405,0.403,0.349,27.4
2025-02-26,Balikpapan,Kalimantan Timur,-1.2379,116.8529,0.418,0.413,0.361,26.9
2025-02-27,Balikpapan,Kalimantan Timur,-1.2379,116.8529,0.413,0.414,0.371,26.6
2025-02-28,Balikpapan,Kalimantan Timur,-1.2379,116.8529,0.383,0.389,0.374,27.9
2025-03-01,Balikpapan,Kalimantan Timur,-1.2379,116.8529,0.378,0.377,0.377,27.6
2025-03-02,Balikpapan,Kalimantan Timur,-1.2379,116.8529,0.351,0.365,0.375,27.9
2025-03-03,Balikpapan,Kalimantan Timur,-1.2379,116.8529,0.344,0.342,0.36,28.1
2025-03-04,Balikpapan,Kalimantan Timur,-1.2379,116.8529,0.396,0.36,0.342,27.8
2025-03-05,Balikpapan,Kalimantan Timur,-1.2379,116.8529,0.403,0.404,0.348,27.2
2025-03-06,Balikpapan,Kalimantan Timur,-1.2379,116.8529,0.387,0.39,0.35,28.2
2025-03-07,Balikpapan,Kalimantan Timur,-1.2379,116.8529,0.419,0.415,0.356,26.8
2025-03-08,Balikpapan,Kalimantan Timur,-1.2379,116.8529,0.416,0.411,0.367,25.7
2025-03-09,Balikpapan,Kalimantan Timur,-1.2379,116.8529,0.382,0.389,0.369,27.5
2025-03-10,Balikpapan,Kalimantan Timur,-1.2379,116.8529,0.386,0.376,0.369,27.6
2025-03-11,Balikpapan,Kalimantan Timur,-1.2379,116.8529,0.414,0.41,0.372,26.9
2025-03-12,Balikpapan,Kalimantan Timur,-1.2379,116.8529,0.403,0.402,0.376,27.8
2025-03-13,Balikpapan,Kalimantan Timur,-1.2379,116.8529,0.398,0.394,0.376,27.5
2025-03-14,Balikpapan,Kalimantan Timur,-1.2379,116.8529,0.37,0.372,0.364,28.3
2025-03-15,Balikpapan,Kalimantan Timur,-1.2379,116.8529,0.392,0.385,0.356,28.0
2025-03-16,Balikpapan,Kalimantan Timur,-1.2379,116.8529,0.404,0.399,0.351,27.2
2025-03-17,Balikpapan,Kalimantan Timur,-1.2379,116.8529,0.421,0.417,0.353,25.9
2025-03-18,Balikpapan,Kalimantan Timur,-1.2379,116.8529,0.404,0.402,0.358,27.3
2025-03-19,Balikpapan,Kalimantan Timur,-1.2379,116.8529,0.4,0.396,0.368,28.0
2025-03-20,Balikpapan,Kalimantan Timur,-1.2379,116.8529,0.424,0.412,0.378,26.1
2025-03-21,Balikpapan,Kalimantan Timur,-1.2379,116.8529,0.397,0.401,0.377,27.0
2025-03-22,Balikpapan,Kalimantan Timur,-1.2379,116.8529,0.416,0.411,0.379,26.9
2025-03-23,Balikpapan,Kalimantan Timur,-1.2379,116.8529,0.39,0.4,0.38,27.7
2025-03-24,Balikpapan,Kalimantan Timur,-1.2379,116.8529,0.395,0.398,0.381,28.1
2025-03-25,Balikpapan,Kalimantan Timur,-1.2379,116.8529,0.399,0.405,0.383,28.1
2025-03-26,Balikpapan,Kalimantan Timur,-1.2379,116.8529,0.37,0.381,0.379,28.7
2025-03-27,Balikpapan,Kalimantan Timur,-1.2379,116.8529,0.384,0.374,0.363,28.8
2025-03-28,Balikpapan,Kalimantan Timur,-1.2379,116.8529,0.387,0.373,0.355,28.4
2025-03-29,Balikpapan,Kalimantan Timur,-1.2379,116.8529,0.374,0.363,0.361,28.1
2025-03-30,Balikpapan,Kalimantan Timur,-1.2379,116.8529,0.387,0.387,0.362,27.5
2025-03-31,Balikpapan,Kalimantan Timur,-1.2379,116.8529,0.391,0.39,0.367,28.1
2025-04-01,Balikpapan,Kalimantan Timur,-1.2379,116.8529,0.422,0.423,0.396,25.9
2025-04-02,Balikpapan,Kalimantan Timur,-1.2379,116.8529,0.401,0.41,0.406,27.2
2025-04-03,Balikpapan,Kalimantan Timur,-1.2379,116.8529,0.408,0.404,0.403,27.9
2025-04-04,Balikpapan,Kalimantan Timur,-1.2379,116.8529,0.414,0.418,0.406,26.8
2025-04-05,Balikpapan,Kalimantan Timur,-1.2379,116.8529,0.41,0.411,0.406,27.2
2025-04-06,Balikpapan,Kalimantan Timur,-1.2379,116.8529,0.421,0.419,0.406,27.1
2025-04-07,Balikpapan,Kalimantan Timur,-1.2379,116.8529,0.393,0.404,0.404,28.1
2025-04-08,Balikpapan,Kalimantan Timur,-1.2379,116.8529,0.392,0.386,0.406,28.1
2025-04-09,Balikpapan,Kalimantan Timur,-1.2379,116.8529,0.418,0.419,0.407,27.4
2025-04-10,Balikpapan,Kalimantan Timur,-1.2379,116.8529,0.407,0.412,0.408,27.9
2025-04-11,Balikpapan,Kalimantan Timur,-1.2379,116.8529,0.421,0.418,0.408,26.6
2025-04-12,Balikpapan,Kalimantan Timur,-1.2379,116.8529,0.414,0.416,0.408,28.0
2025-04-13,Balikpapan,Kalimantan Timur,-1.2379,116.8529,0.423,0.423,0.413,27.7
2025-04-14,Balikpapan,Kalimantan Timur,-1.2379,116.8529,0.421,0.422,0.414,27.8
2025-04-15,Balikpapan,Kalimantan Timur,-1.2379,116.8529,0.423,0.424,0.416,26.9
2025-04-16,Balikpapan,Kalimantan Timur,-1.2379,116.8529,0.396,0.405,0.414,28.4
2025-04-17,Balikpapan,Kalimantan Timur,-1.2379,116.8529,0.41,0.41,0.412,27.6
2025-04-18,Balikpapan,Kalimantan Timur,-1.2379,116.8529,0.419,0.422,0.416,26.9
2025-04-19,Balikpapan,Kalimantan Timur,-1.2379,116.8529,0.409,0.409,0.413,28.0
2025-04-20,Balikpapan,Kalimantan Timur,-1.2379,116.8529,0.387,0.391,0.409,28.6
2025-04-21,Balikpapan,Kalimantan Timur,-1.2379,116.8529,0.404,0.385,0.404,28.0
2025-04-22,Balikpapan,Kalimantan Timur,-1.2379,116.8529,0.392,0.389,0.395,27.7
2025-04-23,Balikpapan,Kalimantan Timur,-1.2379,116.8529,0.365,0.378,0.393,28.3
2025-04-24,Balikpapan,Kalimantan Timur,-1.2379,116.8529,0.403,0.384,0.388,27.0
2025-04-25,Balikpapan,Kalimantan Timur,-1.2379,116.8529,0.424,0.424,0.399,26.6
2025-04-26,Balikpapan,Kalimantan Timur,-1.2379,116.8529,0.419,0.421,0.408,26.9
2025-04-27,Balikpapan,Kalimantan Timur,-1.2379,116.8529,0.416,0.418,0.413,27.4
2025-04-28,Balikpapan,Kalimantan Timur,-1.2379,116.8529,0.398,0.407,0.412,27.6
2025-04-29,Balikpapan,Kalimantan Timur,-1.2379,116.8529,0.405,0.407,0.41,27.1
2025-04-30,Balikpapan,Kalimantan Timur,-1.2379,116.8529,0.396,0.405,0.408,27.4
2025-05-01,Balikpapan,Kalimantan Timur,-1.2379,116.8529,0.375,0.391,0.409,28.4
2025-05-02,Balikpapan,Kalimantan Timur,-1.2379,116.8529,0.383,0.372,0.406,27.6
2025-05-03,Balikpapan,Kalimantan Timur,-1.2379,116.8529,0.335,0.357,0.395,28.7
2025-05-04,Balikpapan,Kalimantan Timur,-1.2379,116.8529,0.306,0.347,0.395,29.1
2025-05-05,Balikpapan,Kalimantan Timur,-1.2379,116.8529,0.352,0.35,0.395,28.5
2025-05-06,Balikpapan,Kalimantan Timur,-1.2379,116.8529,0.368,0.361,0.394,28.4
2025-05-07,Balikpapan,Kalimantan Timur,-1.2379,116.8529,0.368,0.363,0.392,28.2
2025-05-08,Balikpapan,Kalimantan Timur,-1.2379,116.8529,0.315,0.345,0.384,28.8
2025-05-09,Balikpapan,Kalimantan Timur,-1.2379,116.8529,0.363,0.336,0.383,28.1
2025-05-10,Balikpapan,Kalimantan Timur,-1.2379,116.8529,0.369,0.345,0.388,27.7
2025-05-11,Balikpapan,Kalimantan Timur,-1.2379,116.8529,0.319,0.339,0.393,28.9
2025-05-12,Balikpapan,Kalimantan Timur,-1.2379,116.8529,0.411,0.4,0.387,26.5
2025-05-13,Balikpapan,Kalimantan Timur,-1.2379,116.8529,0.413,0.412,0.391,27.6
2025-05-14,Balikpapan,Kalimantan Timur,-1.2379,116.8529,0.421,0.422,0.395,27.0
2025-05-15,Balikpapan,Kalimantan Timur,-1.2379,116.8529,0.403,0.41,0.396,28.1
2025-05-16,Balikpapan,Kalimantan Timur,-1.2379,116.8529,0.384,0.396,0.397,28.5
2025-05-17,Balikpapan,Kalimantan Timur,-1.2379,116.8529,0.416,0.417,0.4,27.8
2025-05-18,Balikpapan,Kalimantan Timur,-1.2379,116.8529,0.407,0.414,0.405,27.9
2025-05-19,Balikpapan,Kalimantan Timur,-1.2379,116.8529,0.391,0.401,0.404,28.1
2025-05-20,Balikpapan,Kalimantan Timur,-1.2379,116.8529,0.41,0.407,0.403,26.7
2025-05-21,Balikpapan,Kalimantan Timur,-1.2379,116.8529,0.411,0.409,0.403,27.2
2025-05-22,Balikpapan,Kalimantan Timur,-1.2379,116.8529,0.409,0.413,0.404,27.9
2025-05-23,Balikpapan,Kalimantan Timur,-1.2379,116.8529,0.39,0.404,0.404,27.8
2025-05-24,Balikpapan,Kalimantan Timur,-1.2379,116.8529,0.369,0.39,0.402,28.5
2025-05-25,Balikpapan,Kalimantan Timur,-1.2379,116.8529,0.343,0.373,0.4,29.0
2025-05-26,Balikpapan,Kalimantan Timur,-1.2379,116.8529,0.377,0.367,0.398,28.8
2025-05-27,Balikpapan,Kalimantan Timur,-1.2379,116.8529,0.427,0.415,0.401,25.9
2025-05-28,Balikpapan,Kalimantan Timur,-1.2379,116.8529,0.406,0.416,0.406,27.7
2025-05-29,Balikpapan,Kalimantan Timur,-1.2379,116.8529,0.374,0.396,0.405,28.8
2025-05-30,Balikpapan,Kalimantan Timur,-1.2379,116.8529,0.404,0.41,0.404,28.5
2025-05-31,Balikpapan,Kalimantan Timur,-1.2379,116.8529,0.422,0.42,0.405,27.3
2025-06-01,Balikpapan,Kalimantan Timur,-1.2379,116.8529,0.424,0.424,0.411,26.3
2025-06-02,Balikpapan,Kalimantan Timur,-1.2379,116.8529,0.419,0.419,0.414,26.3
2025-06-03,Balikpapan,Kalimantan Timur,-1.2379,116.8529,0.41,0.416,0.414,26.6
2025-06-04,Balikpapan,Kalimantan Timur,-1.2379,116.8529,0.395,0.403,0.41,27.6
2025-06-05,Balikpapan,Kalimantan Timur,-1.2379,116.8529,0.378,0.393,0.407,27.9
2025-06-06,Balikpapan,Kalimantan Timur,-1.2379,116.8529,0.36,0.382,0.405,28.2
2025-06-07,Balikpapan,Kalimantan Timur,-1.2379,116.8529,0.358,0.37,0.402,27.8
2025-06-08,Balikpapan,Kalimantan Timur,-1.2379,116.8529,0.35,0.355,0.398,27.7
2025-06-09,Balikpapan,Kalimantan Timur,-1.2379,116.8529,0.315,0.346,0.397,28.2
2025-06-10,Balikpapan,Kalimantan Timur,-1.2379,116.8529,0.334,0.343,0.395,27.7
2025-06-11,Balikpapan,Kalimantan Timur,-1.2379,116.8529,0.333,0.337,0.4,27.7
2025-06-12,Balikpapan,Kalimantan Timur,-1.2379,116.8529,0.359,0.351,0.4,27.7
2025-06-13,Balikpapan,Kalimantan Timur,-1.2379,116.8529,0.364,0.357,0.398,27.9
2025-06-14,Balikpapan,Kalimantan Timur,-1.2379,116.8529,0.398,0.391,0.396,27.4
2025-06-15,Balikpapan,Kalimantan Timur,-1.2379,116.8529,0.402,0.399,0.396,27.8
2025-06-16,Balikpapan,Kalimantan Timur,-1.2379,116.8529,0.373,0.391,0.394,28.4
2025-06-17,Balikpapan,Kalimantan Timur,-1.2379,116.8529,0.374,0.383,0.392,28.1
2025-06-18,Balikpapan,Kalimantan Timur,-1.2379,116.8529,0.383,0.376,0.39,27.0
2025-06-19,Balikpapan,Kalimantan Timur,-1.2379,116.8529,0.418,0.412,0.391,26.0
2025-06-20,Balikpapan,Kalimantan Timur,-1.2379,116.8529,0.419,0.419,0.399,25.5
2025-06-21,Balikpapan,Kalimantan Timur,-1.2379,116.8529,0.402,0.409,0.402,27.1
2025-06-22,Balikpapan,Kalimantan Timur,-1.2379,116.8529,0.396,0.405,0.402,27.1
2025-06-23,Balikpapan,Kalimantan Timur,-1.2379,116.8529,0.376,0.393,0.4,27.6
2025-06-24,Balikpapan,Kalimantan Timur,-1.2379,116.8529,0.374,0.383,0.398,27.3
2025-06-25,Balikpapan,Kalimantan Timur,-1.2379,116.8529,0.364,0.372,0.397,27.6
2025-06-26,Balikpapan,Kalimantan Timur,-1.2379,116.8529,0.366,0.361,0.395,27.2
2025-06-27,Balikpapan,Kalimantan Timur,-1.2379,116.8529,0.349,0.356,0.393,27.8
2025-06-28,Balikpapan,Kalimantan Timur,-1.2379,116.8529,0.345,0.35,0.39,27.7
2025-06-29,Balikpapan,Kalimantan Timur,-1.2379,116.8529,0.337,0.347,0.388,27.7
2025-06-30,Balikpapan,Kalimantan Timur,-1.2379,116.8529,0.336,0.344,0.386,27.2
2025-07-01,Balikpapan,Kalimantan Timur,-1.2379,116.8529,0.332,0.347,0.385,27.8
2025-07-02,Balikpapan,Kalimantan Timur,-1.2379,116.8529,0.328,0.343,0.382,27.8
2025-07-03,Balikpapan,Kalimantan Timur,-1.2379,116.8529,0.295,0.335,0.379,28.3
2025-07-04,Balikpapan,Kalimantan Timur,-1.2379,116.8529,0.356,0.343,0.378,27.7
2025-07-05,Balikpapan,Kalimantan Timur,-1.2379,116.8529,0.371,0.357,0.372,27.0
2025-07-06,Balikpapan,Kalimantan Timur,-1.2379,116.8529,0.362,0.368,0.368,27.8
2025-07-07,Balikpapan,Kalimantan Timur,-1.2379,116.8529,0.399,0.388,0.364,26.1
2025-07-08,Balikpapan,Kalimantan Timur,-1.2379,116.8529,0.403,0.401,0.364,26.3
2025-07-09,Balikpapan,Kalimantan Timur,-1.2379,116.8529,0.373,0.386,0.365,27.1
2025-07-10,Balikpapan,Kalimantan Timur,-1.2379,116.8529,0.374,0.376,0.365,26.7
2025-07-11,Balikpapan,Kalimantan Timur,-1.2379,116.8529,0.366,0.366,0.364,27.1
2025-07-12,Balikpapan,Kalimantan Timur,-1.2379,116.8529,0.365,0.362,0.362,27.6
2025-07-13,Balikpapan,Kalimantan Timur,-1.2379,116.8529,0.365,0.359,0.357,27.8
2025-07-14,Balikpapan,Kalimantan Timur,-1.2379,116.8529,0.34,0.353,0.357,27.8
2025-07-15,Balikpapan,Kalimantan Timur,-1.2379,116.8529,0.384,0.361,0.356,26.0
2025-07-16,Balikpapan,Kalimantan Timur,-1.2379,116.8529,0.38,0.367,0.354,26.9
2025-07-17,Balikpapan,Kalimantan Timur,-1.2379,116.8529,0.401,0.381,0.353,25.9
2025-07-18,Balikpapan,Kalimantan Timur,-1.2379,116.8529,0.363,0.374,0.354,27.0
2025-07-19,Balikpapan,Kalimantan Timur,-1.2379,116.8529,0.342,0.363,0.354,27.0
2025-07-20,Balikpapan,Kalimantan Timur,-1.2379,116.8529,0.315,0.353,0.353,27.1
2025-07-21,Balikpapan,Kalimantan Timur,-1.2379,116.8529,0.293,0.341,0.352,27.4
2025-07-22,Balikpapan,Kalimantan Timur,-1.2379,116.8529,0.288,0.335,0.354,27.6
2025-07-23,Balikpapan,Kalimantan Timur,-1.2379,116.8529,0.286,0.329,0.355,28.1
2025-07-24,Balikpapan,Kalimantan Timur,-1.2379,116.8529,0.274,0.322,0.354,28.5
2025-07-25,Balikpapan,Kalimantan Timur,-1.2379,116.8529,0.262,0.315,0.352,28.8
2025-07-26,Balikpapan,Kalimantan Timur,-1.2379,116.8529,0.254,0.31,0.351,28.8
2025-07-27,Balikpapan,Kalimantan Timur,-1.2379,116.8529,0.306,0.31,0.353,28.0
2025-07-28,Balikpapan,Kalimantan Timur,-1.2379,116.8529,0.291,0.307,0.351,28.4
2025-07-29,Balikpapan,Kalimantan Timur,-1.2379,116.8529,0.265,0.305,0.348,28.4
2025-07-30,Balikpapan,Kalimantan Timur,-1.2379,116.8529,0.253,0.301,0.346,28.4
2025-07-31,Balikpapan,Kalimantan Timur,-1.2379,116.8529,0.246,0.293,0.345,28.2
2025-08-01,Balikpapan,Kalimantan Timur,-1.2379,116.8529,0.247,0.287,0.343,28.6
2025-08-02,Balikpapan,Kalimantan Timur,-1.2379,116.8529,0.252,0.281,0.341,28.4
2025-08-03,Balikpapan,Kalimantan Timur,-1.2379,116.8529,0.307,0.28,0.339,27.6
2025-08-04,Balikpapan,Kalimantan Timur,-1.2379,116.8529,0.384,0.335,0.335,26.8
2025-08-05,Balikpapan,Kalimantan Timur,-1.2379,116.8529,0.374,0.362,0.333,27.2
2025-08-06,Balikpapan,Kalimantan Timur,-1.2379,116.8529,0.341,0.349,0.331,27.3
2025-08-07,Balikpapan,Kalimantan Timur,-1.2379,116.8529,0.341,0.346,0.33,27.5
2025-08-08,Balikpapan,Kalimantan Timur,-1.2379,116.8529,0.333,0.339,0.328,27.4
2025-08-09,Balikpapan,Kalimantan Timur,-1.2379,116.8529,0.369,0.344,0.327,26.6
2025-08-10,Balikpapan,Kalimantan Timur,-1.2379,116.8529,0.389,0.347,0.324,25.8
2025-08-11,Balikpapan,Kalimantan Timur,-1.2379,116.8529,0.357,0.349,0.323,27.2
2025-08-12,Balikpapan,Kalimantan Timur,-1.2379,116.8529,0.378,0.351,0.32,26.8
2025-08-13,Balikpapan,Kalimantan Timur,-1.2379,116.8529,0.383,0.375,0.32,26.5
2025-08-14,Balikpapan,Kalimantan Timur,-1.2379,116.8529,0.351,0.36,0.32,27.0
2025-08-15,Balikpapan,Kalimantan Timur,-1.2379,116.8529,0.327,0.35,0.321,27.2
2025-08-16,Balikpapan,Kalimantan Timur,-1.2379,116.8529,0.367,0.345,0.322,27.0
2025-08-17,Balikpapan,Kalimantan Timur,-1.2379,116.8529,0.385,0.358,0.322,27.1
2025-08-18,Balikpapan,Kalimantan Timur,-1.2379,116.8529,0.368,0.367,0.322,26.9
2025-08-19,Balikpapan,Kalimantan Timur,-1.2379,116.8529,0.381,0.373,0.324,27.4
2025-08-20,Balikpapan,Kalimantan Timur,-1.2379,116.8529,0.413,0.408,0.333,26.4
2025-08-21,Balikpapan,Kalimantan Timur,-1.2379,116.8529,0.398,0.397,0.34,26.1
2025-08-22,Balikpapan,Kalimantan Timur,-1.2379,116.8529,0.367,0.38,0.342,26.5
2025-08-23,Balikpapan,Kalimantan Timur,-1.2379,116.8529,0.354,0.365,0.342,26.6
2025-08-24,Balikpapan,Kalimantan Timur,-1.2379,116.8529,0.37,0.36,0.34,26.0
2025-08-25,Balikpapan,Kalimantan Timur,-1.2379,116.8529,0.326,0.346,0.333,27.0
2025-08-26,Balikpapan,Kalimantan Timur,-1.2379,116.8529,0.312,0.338,0.333,27.1
2025-08-27,Balikpapan,Kalimantan Timur,-1.2379,116.8529,0.333,0.332,0.333,26.8
2025-08-28,Balikpapan,Kalimantan Timur,-1.2379,116.8529,0.374,0.328,0.327,26.7
2025-08-29,Balikpapan,Kalimantan Timur,-1.2379,116.8529,0.313,0.318,0.327,27.4
2025-08-30,Balikpapan,Kalimantan Timur,-1.2379,116.8529,0.301,0.312,0.328,27.3
2025-08-31,Balikpapan,Kalimantan Timur,-1.2379,116.8529,0.346,0.31,0.327,26.9
2025-09-01,Balikpapan,Kalimantan Timur,-1.2379,116.8529,0.323,0.313,0.325,27.6
2025-09-02,Balikpapan,Kalimantan Timur,-1.2379,116.8529,0.299,0.31,0.323,28.4
2025-09-03,Balikpapan,Kalimantan Timur,-1.2379,116.8529,0.302,0.3,0.321,27.6
2025-09-04,Balikpapan,Kalimantan Timur,-1.2379,116.8529,0.264,0.292,0.32,28.0
2025-09-05,Balikpapan,Kalimantan Timur,-1.2379,116.8529,0.335,0.295,0.318,27.3
2025-09-06,Balikpapan,Kalimantan Timur,-1.2379,116.8529,0.393,0.352,0.313,26.8
2025-09-07,Balikpapan,Kalimantan Timur,-1.2379,116.8529,0.41,0.396,0.318,26.3
2025-09-08,Balikpapan,Kalimantan Timur,-1.2379,116.8529,0.405,0.402,0.325,26.8
2025-09-09,Balikpapan,Kalimantan Timur,-1.2379,116.8529,0.412,0.404,0.33,26.5
2025-09-10,Balikpapan,Kalimantan Timur,-1.2379,116.8529,0.412,0.408,0.336,27.1
2025-09-11,Balikpapan,Kalimantan Timur,-1.2379,116.8529,0.417,0.413,0.347,27.0
2025-09-12,Balikpapan,Kalimantan Timur,-1.2379,116.8529,0.411,0.416,0.359,27.2
2025-09-13,Balikpapan,Kalimantan Timur,-1.2379,116.8529,0.401,0.406,0.358,27.2
2025-09-14,Balikpapan,Kalimantan Timur,-1.2379,116.8529,0.376,0.389,0.36,27.5
2025-09-15,Balikpapan,Kalimantan Timur,-1.2379,116.8529,0.384,0.383,0.359,27.5
2025-09-16,Balikpapan,Kalimantan Timur,-1.2379,116.8529,0.372,0.376,0.358,27.4
2025-09-17,Balikpapan,Kalimantan Timur,-1.2379,116.8529,0.397,0.382,0.355,26.7
2025-09-18,Balikpapan,Kalimantan Timur,-1.2379,116.8529,0.394,0.394,0.353,26.8
2025-09-19,Balikpapan,Kalimantan Timur,-1.2379,116.8529,0.351,0.378,0.347,28.2
2025-09-20,Balikpapan,Kalimantan Timur,-1.2379,116.8529,0.361,0.362,0.343,28.0
2025-09-21,Balikpapan,Kalimantan Timur,-1.2379,116.8529,0.328,0.347,0.335,28.0
2025-09-22,Balikpapan,Kalimantan Timur,-1.2379,116.8529,0.3,0.337,0.333,28.5
2025-09-23,Balikpapan,Kalimantan Timur,-1.2379,116.8529,0.275,0.322,0.325,28.1
2025-09-24,Balikpapan,Kalimantan Timur,-1.2379,116.8529,0.252,0.31,0.322,28.4
2025-09-25,Balikpapan,Kalimantan Timur,-1.2379,116.8529,0.253,0.291,0.318,28.0
2025-09-26,Balikpapan,Kalimantan Timur,-1.2379,116.8529,0.22,0.275,0.308,28.1
2025-09-27,Balikpapan,Kalimantan Timur,-1.2379,116.8529,0.209,0.261,0.291,28.0
2025-09-28,Balikpapan,Kalimantan Timur,-1.2379,116.8529,0.226,0.254,0.285,27.8
2025-09-29,Balikpapan,Kalimantan Timur,-1.2379,116.8529,0.206,0.245,0.279,28.7
2025-09-30,Balikpapan,Kalimantan Timur,-1.2379,116.8529,0.3,0.244,0.273,27.8
2025-10-01,Balikpapan,Kalimantan Timur,-1.2379,116.8529,0.328,0.259,0.268,28.2
2025-10-02,Balikpapan,Kalimantan Timur,-1.2379,116.8529,0.247,0.242,0.261,28.9
2025-10-03,Balikpapan,Kalimantan Timur,-1.2379,116.8529,0.243,0.23,0.256,28.5
2025-10-04,Balikpapan,Kalimantan Timur,-1.2379,116.8529,0.368,0.269,0.247,26.2
2025-10-05,Balikpapan,Kalimantan Timur,-1.2379,116.8529,0.324,0.297,0.247,26.9
2025-10-06,Balikpapan,Kalimantan Timur,-1.2379,116.8529,0.356,0.304,0.246,25.4
2025-10-07,Balikpapan,Kalimantan Timur,-1.2379,116.8529,0.341,0.323,0.247,27.3
2025-10-08,Balikpapan,Kalimantan Timur,-1.2379,116.8529,0.285,0.31,0.249,28.2
2025-10-09,Balikpapan,Kalimantan Timur,-1.2379,116.8529,0.248,0.3,0.25,28.4
2025-10-10,Balikpapan,Kalimantan Timur,-1.2379,116.8529,0.223,0.29,0.252,28.3
2025-10-11,Balikpapan,Kalimantan Timur,-1.2379,116.8529,0.223,0.28,0.253,28.7
2025-10-12,Balikpapan,Kalimantan Timur,-1.2379,116.8529,0.225,0.272,0.251,28.1
2025-10-13,Balikpapan,Kalimantan Timur,-1.2379,116.8529,0.226,0.263,0.251,28.6
2025-10-14,Balikpapan,Kalimantan Timur,-1.2379,116.8529,0.211,0.254,0.249,28.4
2025-10-15,Balikpapan,Kalimantan Timur,-1.2379,116.8529,0.176,0.246,0.247,29.1
2025-10-16,Balikpapan,Kalimantan Timur,-1.2379,116.8529,0.147,0.235,0.246,29.9
2025-10-17,Balikpapan,Kalimantan Timur,-1.2379,116.8529,0.122,0.22,0.241,29.7
2025-10-18,Balikpapan,Kalimantan Timur,-1.2379,116.8529,0.121,0.206,0.234,29.8
2025-10-19,Balikpapan,Kalimantan Timur,-1.2379,116.8529,0.131,0.197,0.233,29.2
2025-10-20,Balikpapan,Kalimantan Timur,-1.2379,116.8529,0.173,0.191,0.231,29.1
2025-10-21,Balikpapan,Kalimantan Timur,-1.2379,116.8529,0.302,0.192,0.228,28.3
2025-10-22,Balikpapan,Kalimantan Timur,-1.2379,116.8529,0.378,0.276,0.229,27.2
2025-10-23,Balikpapan,Kalimantan Timur,-1.2379,116.8529,0.351,0.316,0.231,28.0
2025-10-24,Balikpapan,Kalimantan Timur,-1.2379,116.8529,0.412,0.401,0.241,26.6
2025-10-25,Balikpapan,Kalimantan Timur,-1.2379,116.8529,0.414,0.407,0.261,27.5
2025-10-26,Balikpapan,Kalimantan Timur,-1.2379,116.8529,0.425,0.421,0.284,25.6
2025-10-27,Balikpapan,Kalimantan Timur,-1.2379,116.8529,0.402,0.4,0.296,27.0
2025-10-28,Balikpapan,Kalimantan Timur,-1.2379,116.8529,0.395,0.391,0.303,27.8
2025-10-29,Balikpapan,Kalimantan Timur,-1.2379,116.8529,0.399,0.397,0.307,27.1
2025-10-30,Balikpapan,Kalimantan Timur,-1.2379,116.8529,0.389,0.387,0.309,27.7
2025-10-31,Balikpapan,Kalimantan Timur,-1.2379,116.8529,0.403,0.394,0.311,26.6
2025-11-01,Balikpapan,Kalimantan Timur,-1.2379,116.8529,0.37,0.384,0.313,28.5
2025-11-02,Balikpapan,Kalimantan Timur,-1.2379,116.8529,0.367,0.363,0.306,28.5
2025-11-03,Balikpapan,Kalimantan Timur,-1.2379,116.8529,0.346,0.348,0.309,28.7
2025-11-04,Balikpapan,Kalimantan Timur,-1.2379,116.8529,0.357,0.345,0.305,28.0
2025-11-05,Balikpapan,Kalimantan Timur,-1.2379,116.8529,0.39,0.368,0.306,27.8
2025-11-06,Balikpapan,Kalimantan Timur,-1.2379,116.8529,0.383,0.387,0.311,27.8
2025-11-07,Balikpapan,Kalimantan Timur,-1.2379,116.8529,0.344,0.365,0.315,28.6
2025-11-08,Balikpapan,Kalimantan Timur,-1.2379,116.8529,0.363,0.361,0.316,28.6
2025-11-09,Balikpapan,Kalimantan Timur,-1.2379,116.8529,0.404,0.396,0.32,26.8
2025-11-10,Balikpapan,Kalimantan Timur,-1.2379,116.8529,0.367,0.382,0.323,27.7
2025-11-11,Balikpapan,Kalimantan Timur,-1.2379,116.8529,0.384,0.375,0.322,27.6
2025-11-12,Balikpapan,Kalimantan Timur,-1.2379,116.8529,0.389,0.385,0.322,27.7
2025-11-13,Balikpapan,Kalimantan Timur,-1.2379,116.8529,0.402,0.404,0.332,27.1
2025-11-14,Balikpapan,Kalimantan Timur,-1.2379,116.8529,0.383,0.39,0.325,27.5
2025-11-15,Balikpapan,Kalimantan Timur,-1.2379,116.8529,0.382,0.378,0.314,28.2
2025-11-16,Balikpapan,Kalimantan Timur,-1.2379,116.8529,0.402,0.392,0.314,27.7
2025-11-17,Balikpapan,Kalimantan Timur,-1.2379,116.8529,0.383,0.388,0.317,28.1
2025-11-18,Balikpapan,Kalimantan Timur,-1.2379,116.8529,0.395,0.398,0.316,27.8
2025-11-19,Balikpapan,Kalimantan Timur,-1.2379,116.8529,0.395,0.395,0.323,27.4
2025-11-20,Balikpapan,Kalimantan Timur,-1.2379,116.8529,0.387,0.381,0.323,27.0
2025-11-21,Balikpapan,Kalimantan Timur,-1.2379,116.8529,0.36,0.364,0.323,27.7
2025-11-22,Balikpapan,Kalimantan Timur,-1.2379,116.8529,0.393,0.367,0.323,27.3
2025-11-23,Balikpapan,Kalimantan Timur,-1.2379,116.8529,0.374,0.362,0.324,27.4
2025-11-24,Balikpapan,Kalimantan Timur,-1.2379,116.8529,0.393,0.37,0.321,27.7
2025-11-25,Balikpapan,Kalimantan Timur,-1.2379,116.8529,0.378,0.384,0.322,27.9
2025-11-26,Balikpapan,Kalimantan Timur,-1.2379,116.8529,0.359,0.365,0.322,28.5
2025-11-27,Balikpapan,Kalimantan Timur,-1.2379,116.8529,0.33,0.341,0.319,28.9
2025-11-28,Balikpapan,Kalimantan Timur,-1.2379,116.8529,0.315,0.329,0.313,28.9
2025-11-29,Balikpapan,Kalimantan Timur,-1.2379,116.8529,0.402,0.374,0.304,26.7
2025-11-30,Balikpapan,Kalimantan Timur,-1.2379,116.8529,0.374,0.371,0.305,27.5
2025-12-01,Balikpapan,Kalimantan Timur,-1.2379,116.8529,0.391,0.382,0.309,27.4
2025-12-02,Balikpapan,Kalimantan Timur,-1.2379,116.8529,0.383,0.38,0.313,27.8
2025-12-03,Balikpapan,Kalimantan Timur,-1.2379,116.8529,0.401,0.397,0.317,27.9
2025-12-04,Balikpapan,Kalimantan Timur,-1.2379,116.8529,0.408,0.409,0.33,27.2
2025-12-05,Balikpapan,Kalimantan Timur,-1.2379,116.8529,0.404,0.402,0.338,27.7
2025-12-06,Balikpapan,Kalimantan Timur,-1.2379,116.8529,0.401,0.406,0.344,27.5
2025-12-07,Balikpapan,Kalimantan Timur,-1.2379,116.8529,0.394,0.402,0.349,28.1
2025-12-08,Balikpapan,Kalimantan Timur,-1.2379,116.8529,0.406,0.402,0.353,27.5
2025-12-09,Balikpapan,Kalimantan Timur,-1.2379,116.8529,0.409,0.408,0.362,26.9
2025-12-10,Balikpapan,Kalimantan Timur,-1.2379,116.8529,0.393,0.394,0.365,28.0
2025-12-11,Balikpapan,Kalimantan Timur,-1.2379,116.8529,0.398,0.402,0.364,27.8
2025-12-12,Balikpapan,Kalimantan Timur,-1.2379,116.8529,0.404,0.409,0.364,27.9
2025-12-13,Balikpapan,Kalimantan Timur,-1.2379,116.8529,0.397,0.4,0.367,27.7
2025-12-14,Balikpapan,Kalimantan Timur,-1.2379,116.8529,0.394,0.392,0.365,27.7
2025-12-15,Balikpapan,Kalimantan Timur,-1.2379,116.8529,0.396,0.394,0.366,27.4
2025-12-16,Balikpapan,Kalimantan Timur,-1.2379,116.8529,0.4,0.394,0.366,27.5
2025-12-17,Balikpapan,Kalimantan Timur,-1.2379,116.8529,0.414,0.417,0.374,27.4
2025-12-18,Balikpapan,Kalimantan Timur,-1.2379,116.8529,0.413,0.415,0.381,27.2
2025-12-19,Balikpapan,Kalimantan Timur,-1.2379,116.8529,0.404,0.41,0.389,27.2
2025-12-20,Balikpapan,Kalimantan Timur,-1.2379,116.8529,0.409,0.417,0.396,26.9
2025-12-21,Balikpapan,Kalimantan Timur,-1.2379,116.8529,0.413,0.41,0.398,27.4
2025-12-22,Balikpapan,Kalimantan Timur,-1.2379,116.8529,0.399,0.407,0.398,27.7
2025-12-23,Balikpapan,Kalimantan Timur,-1.2379,116.8529,0.408,0.409,0.398,27.7
2025-12-24,Balikpapan,Kalimantan Timur,-1.2379,116.8529,0.413,0.409,0.398,27.7
2025-12-25,Balikpapan,Kalimantan Timur,-1.2379,116.8529,0.385,0.405,0.399,28.3
2025-12-26,Balikpapan,Kalimantan Timur,-1.2379,116.8529,0.39,0.401,0.4,28.8
2025-12-27,Balikpapan,Kalimantan Timur,-1.2379,116.8529,0.419,0.424,0.415,27.0
2025-12-28,Balikpapan,Kalimantan Timur,-1.2379,116.8529,0.396,0.409,0.415,28.4
2025-12-29,Balikpapan,Kalimantan Timur,-1.2379,116.8529,0.398,0.404,0.412,28.2
2025-12-30,Balikpapan,Kalimantan Timur,-1.2379,116.8529,0.411,0.415,0.41,27.7
2025-12-31,Balikpapan,Kalimantan Timur,-1.2379,116.8529,0.403,0.411,0.41,28.0
2026-01-01,Balikpapan,Kalimantan Timur,-1.2379,116.8529,0.415,0.419,0.41,27.2
2026-01-02,Balikpapan,Kalimantan Timur,-1.2379,116.8529,0.405,0.41,0.409,27.2
2026-01-03,Balikpapan,Kalimantan Timur,-1.2379,116.8529,0.425,0.424,0.411,26.7
2026-01-04,Balikpapan,Kalimantan Timur,-1.2379,116.8529,0.412,0.418,0.415,26.8
2026-01-05,Balikpapan,Kalimantan Timur,-1.2379,116.8529,0.417,0.42,0.413,26.7
2026-01-06,Balikpapan,Kalimantan Timur,-1.2379,116.8529,0.407,0.414,0.414,27.3
2026-01-07,Balikpapan,Kalimantan Timur,-1.2379,116.8529,0.417,0.418,0.413,27.1
2026-01-08,Balikpapan,Kalimantan Timur,-1.2379,116.8529,0.423,0.425,0.42,26.3
2026-01-09,Balikpapan,Kalimantan Timur,-1.2379,116.8529,0.408,0.416,0.418,26.8
2026-01-10,Balikpapan,Kalimantan Timur,-1.2379,116.8529,0.407,0.411,0.416,27.3
2026-01-11,Balikpapan,Kalimantan Timur,-1.2379,116.8529,0.419,0.423,0.418,26.1
2026-01-12,Balikpapan,Kalimantan Timur,-1.2379,116.8529,0.4,0.411,0.417,27.3
2026-01-13,Balikpapan,Kalimantan Timur,-1.2379,116.8529,0.415,0.418,0.417,27.4
2026-01-14,Balikpapan,Kalimantan Timur,-1.2379,116.8529,0.404,0.414,0.417,27.3
2026-01-15,Balikpapan,Kalimantan Timur,-1.2379,116.8529,0.407,0.414,0.414,27.3
2026-01-16,Balikpapan,Kalimantan Timur,-1.2379,116.8529,0.41,0.415,0.414,27.6
2026-01-17,Balikpapan,Kalimantan Timur,-1.2379,116.8529,0.39,0.404,0.412,28.4
2026-01-18,Balikpapan,Kalimantan Timur,-1.2379,116.8529,0.376,0.392,0.412,28.5
2026-01-19,Balikpapan,Kalimantan Timur,-1.2379,116.8529,0.364,0.381,0.408,28.8
2026-01-20,Balikpapan,Kalimantan Timur,-1.2379,116.8529,0.346,0.372,0.404,28.4
2026-01-21,Balikpapan,Kalimantan Timur,-1.2379,116.8529,0.331,0.36,0.404,28.7
2026-01-22,Balikpapan,Kalimantan Timur,-1.2379,116.8529,0.311,0.351,0.403,28.7
2026-01-23,Balikpapan,Kalimantan Timur,-1.2379,116.8529,0.307,0.355,0.405,28.6
2026-01-24,Balikpapan,Kalimantan Timur,-1.2379,116.8529,0.299,0.352,0.405,28.7
2026-01-25,Balikpapan,Kalimantan Timur,-1.2379,116.8529,0.346,0.35,0.402,28.4
2026-01-26,Balikpapan,Kalimantan Timur,-1.2379,116.8529,0.314,0.344,0.405,28.5
2026-01-27,Balikpapan,Kalimantan Timur,-1.2379,116.8529,0.365,0.353,0.405,28.2
2026-01-28,Balikpapan,Kalimantan Timur,-1.2379,116.8529,0.386,0.371,0.404,27.4
2026-01-29,Balikpapan,Kalimantan Timur,-1.2379,116.8529,0.377,0.374,0.402,27.6
2026-01-30,Balikpapan,Kalimantan Timur,-1.2379,116.8529,0.374,0.372,0.399,27.5
2026-01-31,Balikpapan,Kalimantan Timur,-1.2379,116.8529,0.397,0.396,0.398,26.4
2026-02-01,Balikpapan,Kalimantan Timur,-1.2379,116.8529,0.4,0.404,0.399,27.4
2026-02-02,Balikpapan,Kalimantan Timur,-1.2379,116.8529,0.41,0.417,0.404,26.8
2026-02-03,Balikpapan,Kalimantan Timur,-1.2379,116.8529,0.406,0.411,0.406,27.7
2026-02-04,Balikpapan,Kalimantan Timur,-1.2379,116.8529,0.419,0.421,0.411,27.3
2026-02-05,Balikpapan,Kalimantan Timur,-1.2379,116.8529,0.406,0.414,0.414,27.6
2026-02-06,Balikpapan,Kalimantan Timur,-1.2379,116.8529,0.421,0.423,0.417,26.7
2026-02-07,Balikpapan,Kalimantan Timur,-1.2379,116.8529,0.419,0.424,0.419,27.0
2026-02-08,Balikpapan,Kalimantan Timur,-1.2379,116.8529,0.42,0.421,0.419,27.8
2026-02-09,Balikpapan,Kalimantan Timur,-1.2379,116.8529,0.413,0.42,0.419,28.0
2026-02-10,Balikpapan,Kalimantan Timur,-1.2379,116.8529,0.413,0.418,0.418,27.6
2026-02-11,Balikpapan,Kalimantan Timur,-1.2379,116.8529,0.411,0.416,0.417,27.5
2026-02-12,Balikpapan,Kalimantan Timur,-1.2379,116.8529,0.417,0.418,0.416,27.4
2026-02-13,Balikpapan,Kalimantan Timur,-1.2379,116.8529,0.424,0.424,0.417,27.0
2026-02-14,Balikpapan,Kalimantan Timur,-1.2379,116.8529,0.412,0.42,0.421,27.1
2026-02-15,Balikpapan,Kalimantan Timur,-1.2379,116.8529,0.409,0.414,0.419,27.8
2026-02-16,Balikpapan,Kalimantan Timur,-1.2379,116.8529,0.419,0.422,0.419,28.2
2026-02-17,Balikpapan,Kalimantan Timur,-1.2379,116.8529,0.418,0.422,0.421,27.9
2026-02-18,Balikpapan,Kalimantan Timur,-1.2379,116.8529,0.404,0.413,0.418,28.0
2026-02-19,Balikpapan,Kalimantan Timur,-1.2379,116.8529,0.413,0.414,0.418,26.6
2026-02-20,Balikpapan,Kalimantan Timur,-1.2379,116.8529,0.403,0.408,0.417,28.0
2026-02-21,Balikpapan,Kalimantan Timur,-1.2379,116.8529,0.426,0.426,0.42,25.4
2026-02-22,Balikpapan,Kalimantan Timur,-1.2379,116.8529,0.402,0.414,0.421,27.2
2026-02-23,Balikpapan,Kalimantan Timur,-1.2379,116.8529,0.409,0.408,0.418,27.2
2026-02-24,Balikpapan,Kalimantan Timur,-1.2379,116.8529,0.415,0.418,0.417,26.8
2026-02-25,Balikpapan,Kalimantan Timur,-1.2379,116.8529,0.411,0.411,0.416,26.2
2026-02-26,Balikpapan,Kalimantan Timur,-1.2379,116.8529,0.405,0.409,0.415,27.3
2026-02-27,Balikpapan,Kalimantan Timur,-1.2379,116.8529,0.396,0.405,0.415,27.4
2026-02-28,Balikpapan,Kalimantan Timur,-1.2379,116.8529,0.395,0.395,0.415,27.7
2026-03-01,Balikpapan,Kalimantan Timur,-1.2379,116.8529,0.383,0.389,0.411,28.4
2026-03-02,Balikpapan,Kalimantan Timur,-1.2379,116.8529,0.349,0.376,0.408,28.3
2026-03-03,Balikpapan,Kalimantan Timur,-1.2379,116.8529,0.362,0.37,0.407,28.1
2026-03-04,Balikpapan,Kalimantan Timur,-1.2379,116.8529,0.371,0.368,0.405,28.2
2026-03-05,Balikpapan,Kalimantan Timur,-1.2379,116.8529,0.407,0.395,0.402,27.4
2026-03-06,Balikpapan,Kalimantan Timur,-1.2379,116.8529,0.399,0.409,0.403,28.0
2026-03-07,Balikpapan,Kalimantan Timur,-1.2379,116.8529,0.419,0.42,0.406,26.1
2026-03-08,Balikpapan,Kalimantan Timur,-1.2379,116.8529,0.408,0.411,0.406,27.4
2026-03-09,Balikpapan,Kalimantan Timur,-1.2379,116.8529,0.412,0.418,0.409,27.1
2026-03-10,Balikpapan,Kalimantan Timur,-1.2379,116.8529,0.416,0.419,0.413,27.4
2026-03-11,Balikpapan,Kalimantan Timur,-1.2379,116.8529,0.407,0.417,0.416,27.4
2026-03-12,Balikpapan,Kalimantan Timur,-1.2379,116.8529,0.399,0.405,0.414,27.7
2026-03-13,Balikpapan,Kalimantan Timur,-1.2379,116.8529,0.396,0.399,0.413,27.6
2026-03-14,Balikpapan,Kalimantan Timur,-1.2379,116.8529,0.393,0.4,0.411,27.1
2026-03-15,Balikpapan,Kalimantan Timur,-1.2379,116.8529,0.401,0.404,0.409,27.3
2026-03-16,Balikpapan,Kalimantan Timur,-1.2379,116.8529,0.417,0.42,0.412,26.8
2026-03-17,Balikpapan,Kalimantan Timur,-1.2379,116.8529,0.397,0.411,0.414,27.5
2026-03-18,Balikpapan,Kalimantan Timur,-1.2379,116.8529,0.407,0.413,0.414,27.7
2026-03-19,Balikpapan,Kalimantan Timur,-1.2379,116.8529,0.412,0.419,0.416,27.1
2026-03-20,Balikpapan,Kalimantan Timur,-1.2379,116.8529,0.421,0.422,0.417,27.0
2026-03-21,Balikpapan,Kalimantan Timur,-1.2379,116.8529,0.407,0.416,0.419,27.4
2026-03-22,Balikpapan,Kalimantan Timur,-1.2379,116.8529,0.412,0.419,0.418,27.5
2026-03-23,Balikpapan,Kalimantan Timur,-1.2379,116.8529,0.412,0.419,0.418,27.1
2026-03-24,Balikpapan,Kalimantan Timur,-1.2379,116.8529,0.398,0.408,0.417,28.0
2026-03-25,Balikpapan,Kalimantan Timur,-1.2379,116.8529,0.379,0.394,0.415,28.2
2026-03-26,Balikpapan,Kalimantan Timur,-1.2379,116.8529,0.362,0.386,0.412,28.7
2026-03-27,Balikpapan,Kalimantan Timur,-1.2379,116.8529,0.346,0.374,0.41,28.9
2026-03-28,Balikpapan,Kalimantan Timur,-1.2379,116.8529,0.33,0.36,0.413,28.5
2026-03-29,Balikpapan,Kalimantan Timur,-1.2379,116.8529,0.298,0.354,0.407,28.9
2026-03-30,Balikpapan,Kalimantan Timur,-1.2379,116.8529,0.306,0.344,0.403,28.3
2026-03-31,Balikpapan,Kalimantan Timur,-1.2379,116.8529,0.361,0.353,0.401,27.5
2026-04-01,Balikpapan,Kalimantan Timur,-1.2379,116.8529,0.36,0.368,0.399,28.0
2026-04-02,Balikpapan,Kalimantan Timur,-1.2379,116.8529,0.371,0.362,0.4,27.8
2026-04-03,Balikpapan,Kalimantan Timur,-1.2379,116.8529,0.414,0.396,0.398,25.8
2026-04-04,Balikpapan,Kalimantan Timur,-1.2379,116.8529,0.371,0.389,0.397,27.8
2026-04-05,Balikpapan,Kalimantan Timur,-1.2379,116.8529,0.368,0.378,0.395,28.3
2026-04-06,Balikpapan,Kalimantan Timur,-1.2379,116.8529,0.384,0.368,0.393,28.1
2026-04-07,Balikpapan,Kalimantan Timur,-1.2379,116.8529,0.396,0.399,0.391,27.8
2026-04-08,Balikpapan,Kalimantan Timur,-1.2379,116.8529,0.398,0.407,0.393,28.1
2026-04-09,Balikpapan,Kalimantan Timur,-1.2379,116.8529,0.402,0.415,0.399,28.0
2026-04-10,Balikpapan,Kalimantan Timur,-1.2379,116.8529,0.386,0.397,0.401,28.4
2026-04-11,Balikpapan,Kalimantan Timur,-1.2379,116.8529,0.379,0.392,0.4,28.0
2026-04-12,Balikpapan,Kalimantan Timur,-1.2379,116.8529,0.354,0.384,0.4,28.6
2026-04-13,Balikpapan,Kalimantan Timur,-1.2379,116.8529,0.417,0.408,0.402,27.5
2026-04-14,Balikpapan,Kalimantan Timur,-1.2379,116.8529,0.407,0.411,0.404,27.9
2026-04-15,Balikpapan,Kalimantan Timur,-1.2379,116.8529,0.406,0.408,0.405,27.8
2026-04-16,Balikpapan,Kalimantan Timur,-1.2379,116.8529,0.409,0.413,0.406,28.1
2026-04-17,Balikpapan,Kalimantan Timur,-1.2379,116.8529,0.395,0.404,0.406,28.3
2026-04-18,Balikpapan,Kalimantan Timur,-1.2379,116.8529,0.376,0.396,0.404,28.4
2026-04-19,Balikpapan,Kalimantan Timur,-1.2379,116.8529,0.366,0.387,0.404,28.5
2026-04-20,Balikpapan,Kalimantan Timur,-1.2379,116.8529,0.353,0.378,0.403,28.8
2026-04-21,Balikpapan,Kalimantan Timur,-1.2379,116.8529,0.37,0.372,0.4,28.3
2026-04-22,Balikpapan,Kalimantan Timur,-1.2379,116.8529,0.372,0.366,0.399,27.6
2026-04-23,Balikpapan,Kalimantan Timur,-1.2379,116.8529,0.374,0.382,0.398,27.9
2026-04-24,Balikpapan,Kalimantan Timur,-1.2379,116.8529,0.351,0.377,0.397,28.6
2026-04-25,Balikpapan,Kalimantan Timur,-1.2379,116.8529,0.337,0.367,0.397,28.6
2026-04-26,Balikpapan,Kalimantan Timur,-1.2379,116.8529,0.323,0.354,0.396,28.7
2026-04-27,Balikpapan,Kalimantan Timur,-1.2379,116.8529,0.336,0.339,0.394,28.3
2026-04-28,Balikpapan,Kalimantan Timur,-1.2379,116.8529,0.361,0.347,0.391,28.3
2026-04-29,Balikpapan,Kalimantan Timur,-1.2379,116.8529,0.35,0.361,0.389,28.9
2026-04-30,Balikpapan,Kalimantan Timur,-1.2379,116.8529,0.353,0.354,0.389,28.5
2026-05-01,Balikpapan,Kalimantan Timur,-1.2379,116.8529,0.363,0.355,0.388,28.0
2026-05-02,Balikpapan,Kalimantan Timur,-1.2379,116.8529,0.344,0.353,0.387,28.6
2026-05-03,Balikpapan,Kalimantan Timur,-1.2379,116.8529,0.317,0.337,0.387,28.7
2026-05-04,Balikpapan,Kalimantan Timur,-1.2379,116.8529,0.324,0.326,0.384,28.7
2026-05-05,Balikpapan,Kalimantan Timur,-1.2379,116.8529,0.355,0.321,0.381,28.0
2026-05-06,Balikpapan,Kalimantan Timur,-1.2379,116.8529,0.35,0.325,0.376,28.1
2026-05-07,Balikpapan,Kalimantan Timur,-1.2379,116.8529,0.3,0.311,0.37,28.8
2026-05-08,Balikpapan,Kalimantan Timur,-1.2379,116.8529,0.362,0.335,0.365,28.0
2026-05-09,Balikpapan,Kalimantan Timur,-1.2379,116.8529,0.37,0.36,0.363,28.3
2026-05-10,Balikpapan,Kalimantan Timur,-1.2379,116.8529,0.409,0.4,0.362,27.7
2026-05-11,Balikpapan,Kalimantan Timur,-1.2379,116.8529,0.381,0.396,0.365,28.5
2026-05-12,Balikpapan,Kalimantan Timur,-1.2379,116.8529,0.37,0.381,0.368,29.0
2026-05-13,Balikpapan,Kalimantan Timur,-1.2379,116.8529,0.387,0.379,0.371,29.3
2026-05-14,Balikpapan,Kalimantan Timur,-1.2379,116.8529,0.398,0.396,0.371,29.4
2026-05-15,Balikpapan,Kalimantan Timur,-1.2379,116.8529,0.42,0.418,0.375,27.9
2026-05-16,Balikpapan,Kalimantan Timur,-1.2379,116.8529,0.4,0.407,0.383,29.0
2026-05-17,Balikpapan,Kalimantan Timur,-1.2379,116.8529,0.412,0.41,0.385,27.2
2026-05-18,Balikpapan,Kalimantan Timur,-1.2379,116.8529,0.417,0.418,0.39,28.2
2026-05-19,Balikpapan,Kalimantan Timur,-1.2379,116.8529,0.424,0.424,0.403,27.8
2026-05-20,Balikpapan,Kalimantan Timur,-1.2379,116.8529,0.416,0.422,0.415,27.7
2026-05-21,Balikpapan,Kalimantan Timur,-1.2379,116.8529,0.393,0.407,0.417,28.7
2026-05-22,Balikpapan,Kalimantan Timur,-1.2379,116.8529,0.377,0.394,0.414,29.2
2026-05-23,Balikpapan,Kalimantan Timur,-1.2379,116.8529,0.383,0.395,0.411,29.3
2026-05-24,Balikpapan,Kalimantan Timur,-1.2379,116.8529,0.395,0.396,0.405,29.1
2026-05-25,Balikpapan,Kalimantan Timur,-1.2379,116.8529,0.399,0.402,0.403,28.4
2026-05-26,Balikpapan,Kalimantan Timur,-1.2379,116.8529,0.373,0.394,0.401,28.7
2026-05-27,Balikpapan,Kalimantan Timur,-1.2379,116.8529,0.39,0.393,0.399,27.9
2026-05-28,Balikpapan,Kalimantan Timur,-1.2379,116.8529,0.374,0.393,0.398,28.8
2026-05-29,Balikpapan,Kalimantan Timur,-1.2379,116.8529,0.389,0.394,0.398,28.6
2026-05-30,Balikpapan,Kalimantan Timur,-1.2379,116.8529,0.41,0.412,0.399,27.6
2026-05-31,Balikpapan,Kalimantan Timur,-1.2379,116.8529,0.381,0.398,0.398,28.9
2024-08-01,Banjarbaru,Kalimantan Selatan,-3.4478,114.824,0.523,0.408,0.493,28.2
2024-08-02,Banjarbaru,Kalimantan Selatan,-3.4478,114.824,0.526,0.405,0.493,28.0
2024-08-03,Banjarbaru,Kalimantan Selatan,-3.4478,114.824,0.511,0.405,0.492,27.8
2024-08-04,Banjarbaru,Kalimantan Selatan,-3.4478,114.824,0.479,0.399,0.491,27.8
2024-08-05,Banjarbaru,Kalimantan Selatan,-3.4478,114.824,0.457,0.395,0.489,27.6
2024-08-06,Banjarbaru,Kalimantan Selatan,-3.4478,114.824,0.488,0.397,0.489,26.9
2024-08-07,Banjarbaru,Kalimantan Selatan,-3.4478,114.824,0.51,0.389,0.489,26.6
2024-08-08,Banjarbaru,Kalimantan Selatan,-3.4478,114.824,0.497,0.387,0.48,27.6
2024-08-09,Banjarbaru,Kalimantan Selatan,-3.4478,114.824,0.481,0.385,0.477,27.6
2024-08-10,Banjarbaru,Kalimantan Selatan,-3.4478,114.824,0.461,0.383,0.472,28.0
2024-08-11,Banjarbaru,Kalimantan Selatan,-3.4478,114.824,0.444,0.381,0.467,27.5
2024-08-12,Banjarbaru,Kalimantan Selatan,-3.4478,114.824,0.438,0.378,0.463,27.3
2024-08-13,Banjarbaru,Kalimantan Selatan,-3.4478,114.824,0.429,0.376,0.462,28.0
2024-08-14,Banjarbaru,Kalimantan Selatan,-3.4478,114.824,0.414,0.373,0.459,28.5
2024-08-15,Banjarbaru,Kalimantan Selatan,-3.4478,114.824,0.404,0.37,0.457,28.6
2024-08-16,Banjarbaru,Kalimantan Selatan,-3.4478,114.824,0.409,0.369,0.455,28.0
2024-08-17,Banjarbaru,Kalimantan Selatan,-3.4478,114.824,0.433,0.368,0.455,28.4
2024-08-18,Banjarbaru,Kalimantan Selatan,-3.4478,114.824,0.404,0.365,0.453,29.1
2024-08-19,Banjarbaru,Kalimantan Selatan,-3.4478,114.824,0.397,0.364,0.452,28.9
2024-08-20,Banjarbaru,Kalimantan Selatan,-3.4478,114.824,0.399,0.361,0.449,28.6
2024-08-21,Banjarbaru,Kalimantan Selatan,-3.4478,114.824,0.401,0.359,0.449,28.4
2024-08-22,Banjarbaru,Kalimantan Selatan,-3.4478,114.824,0.455,0.357,0.446,27.4
2024-08-23,Banjarbaru,Kalimantan Selatan,-3.4478,114.824,0.526,0.369,0.447,27.6
2024-08-24,Banjarbaru,Kalimantan Selatan,-3.4478,114.824,0.5,0.37,0.44,28.0
2024-08-25,Banjarbaru,Kalimantan Selatan,-3.4478,114.824,0.482,0.371,0.439,28.2
2024-08-26,Banjarbaru,Kalimantan Selatan,-3.4478,114.824,0.469,0.37,0.437,28.1
2024-08-27,Banjarbaru,Kalimantan Selatan,-3.4478,114.824,0.471,0.37,0.438,27.6
2024-08-28,Banjarbaru,Kalimantan Selatan,-3.4478,114.824,0.542,0.378,0.439,27.1
2024-08-29,Banjarbaru,Kalimantan Selatan,-3.4478,114.824,0.51,0.377,0.436,27.8
2024-08-30,Banjarbaru,Kalimantan Selatan,-3.4478,114.824,0.512,0.377,0.438,27.8
2024-08-31,Banjarbaru,Kalimantan Selatan,-3.4478,114.824,0.529,0.387,0.429,28.3
2024-09-01,Banjarbaru,Kalimantan Selatan,-3.4478,114.824,0.547,0.405,0.422,28.1
2024-09-02,Banjarbaru,Kalimantan Selatan,-3.4478,114.824,0.501,0.402,0.424,28.5
2024-09-03,Banjarbaru,Kalimantan Selatan,-3.4478,114.824,0.473,0.399,0.42,29.0
2024-09-04,Banjarbaru,Kalimantan Selatan,-3.4478,114.824,0.457,0.395,0.416,29.1
2024-09-05,Banjarbaru,Kalimantan Selatan,-3.4478,114.824,0.522,0.399,0.412,27.9
2024-09-06,Banjarbaru,Kalimantan Selatan,-3.4478,114.824,0.517,0.393,0.406,28.5
2024-09-07,Banjarbaru,Kalimantan Selatan,-3.4478,114.824,0.496,0.392,0.406,28.8
2024-09-08,Banjarbaru,Kalimantan Selatan,-3.4478,114.824,0.537,0.399,0.405,28.4
2024-09-09,Banjarbaru,Kalimantan Selatan,-3.4478,114.824,0.564,0.448,0.401,27.7
2024-09-10,Banjarbaru,Kalimantan Selatan,-3.4478,114.824,0.549,0.447,0.394,27.9
2024-09-11,Banjarbaru,Kalimantan Selatan,-3.4478,114.824,0.509,0.442,0.394,28.6
2024-09-12,Banjarbaru,Kalimantan Selatan,-3.4478,114.824,0.477,0.436,0.391,28.3
2024-09-13,Banjarbaru,Kalimantan Selatan,-3.4478,114.824,0.455,0.429,0.386,28.2
2024-09-14,Banjarbaru,Kalimantan Selatan,-3.4478,114.824,0.434,0.421,0.382,28.2
2024-09-15,Banjarbaru,Kalimantan Selatan,-3.4478,114.824,0.415,0.415,0.38,28.5
2024-09-16,Banjarbaru,Kalimantan Selatan,-3.4478,114.824,0.4,0.41,0.379,29.0
2024-09-17,Banjarbaru,Kalimantan Selatan,-3.4478,114.824,0.387,0.405,0.378,29.2
2024-09-18,Banjarbaru,Kalimantan Selatan,-3.4478,114.824,0.375,0.4,0.378,29.6
2024-09-19,Banjarbaru,Kalimantan Selatan,-3.4478,114.824,0.365,0.396,0.377,29.9
2024-09-20,Banjarbaru,Kalimantan Selatan,-3.4478,114.824,0.353,0.39,0.376,31.1
2024-09-21,Banjarbaru,Kalimantan Selatan,-3.4478,114.824,0.345,0.386,0.375,31.7
2024-09-22,Banjarbaru,Kalimantan Selatan,-3.4478,114.824,0.348,0.381,0.375,31.4
2024-09-23,Banjarbaru,Kalimantan Selatan,-3.4478,114.824,0.379,0.376,0.372,30.1
2024-09-24,Banjarbaru,Kalimantan Selatan,-3.4478,114.824,0.414,0.374,0.374,30.4
2024-09-25,Banjarbaru,Kalimantan Selatan,-3.4478,114.824,0.521,0.375,0.376,29.2
2024-09-26,Banjarbaru,Kalimantan Selatan,-3.4478,114.824,0.495,0.374,0.372,29.8
2024-09-27,Banjarbaru,Kalimantan Selatan,-3.4478,114.824,0.487,0.373,0.372,29.8
2024-09-28,Banjarbaru,Kalimantan Selatan,-3.4478,114.824,0.54,0.387,0.374,29.1
2024-09-29,Banjarbaru,Kalimantan Selatan,-3.4478,114.824,0.54,0.391,0.372,28.1
2024-09-30,Banjarbaru,Kalimantan Selatan,-3.4478,114.824,0.52,0.396,0.38,28.3
2024-10-01,Banjarbaru,Kalimantan Selatan,-3.4478,114.824,0.501,0.396,0.379,28.7
2024-10-02,Banjarbaru,Kalimantan Selatan,-3.4478,114.824,0.509,0.397,0.378,28.0
2024-10-03,Banjarbaru,Kalimantan Selatan,-3.4478,114.824,0.54,0.404,0.377,27.2
2024-10-04,Banjarbaru,Kalimantan Selatan,-3.4478,114.824,0.559,0.427,0.378,27.4
2024-10-05,Banjarbaru,Kalimantan Selatan,-3.4478,114.824,0.541,0.442,0.376,27.9
2024-10-06,Banjarbaru,Kalimantan Selatan,-3.4478,114.824,0.533,0.45,0.379,28.3
2024-10-07,Banjarbaru,Kalimantan Selatan,-3.4478,114.824,0.505,0.446,0.376,28.7
2024-10-08,Banjarbaru,Kalimantan Selatan,-3.4478,114.824,0.481,0.439,0.372,29.1
2024-10-09,Banjarbaru,Kalimantan Selatan,-3.4478,114.824,0.493,0.434,0.372,29.1
2024-10-10,Banjarbaru,Kalimantan Selatan,-3.4478,114.824,0.51,0.429,0.37,28.6
2024-10-11,Banjarbaru,Kalimantan Selatan,-3.4478,114.824,0.524,0.424,0.365,28.7
2024-10-12,Banjarbaru,Kalimantan Selatan,-3.4478,114.824,0.542,0.437,0.358,29.0
2024-10-13,Banjarbaru,Kalimantan Selatan,-3.4478,114.824,0.528,0.435,0.356,28.6
2024-10-14,Banjarbaru,Kalimantan Selatan,-3.4478,114.824,0.531,0.438,0.358,28.7
2024-10-15,Banjarbaru,Kalimantan Selatan,-3.4478,114.824,0.548,0.447,0.357,27.7
2024-10-16,Banjarbaru,Kalimantan Selatan,-3.4478,114.824,0.559,0.467,0.36,27.6
2024-10-17,Banjarbaru,Kalimantan Selatan,-3.4478,114.824,0.581,0.511,0.36,26.9
2024-10-18,Banjarbaru,Kalimantan Selatan,-3.4478,114.824,0.578,0.556,0.362,27.6
2024-10-19,Banjarbaru,Kalimantan Selatan,-3.4478,114.824,0.58,0.547,0.363,27.5
2024-10-20,Banjarbaru,Kalimantan Selatan,-3.4478,114.824,0.567,0.537,0.364,28.3
2024-10-21,Banjarbaru,Kalimantan Selatan,-3.4478,114.824,0.569,0.532,0.364,27.7
2024-10-22,Banjarbaru,Kalimantan Selatan,-3.4478,114.824,0.554,0.529,0.365,28.5
2024-10-23,Banjarbaru,Kalimantan Selatan,-3.4478,114.824,0.527,0.519,0.366,28.7
2024-10-24,Banjarbaru,Kalimantan Selatan,-3.4478,114.824,0.5,0.502,0.365,29.2
2024-10-25,Banjarbaru,Kalimantan Selatan,-3.4478,114.824,0.481,0.49,0.365,29.1
2024-10-26,Banjarbaru,Kalimantan Selatan,-3.4478,114.824,0.471,0.483,0.368,29.3
2024-10-27,Banjarbaru,Kalimantan Selatan,-3.4478,114.824,0.454,0.474,0.367,30.1
2024-10-28,Banjarbaru,Kalimantan Selatan,-3.4478,114.824,0.436,0.463,0.366,30.1
2024-10-29,Banjarbaru,Kalimantan Selatan,-3.4478,114.824,0.436,0.454,0.366,29.6
2024-10-30,Banjarbaru,Kalimantan Selatan,-3.4478,114.824,0.448,0.443,0.364,29.8
2024-10-31,Banjarbaru,Kalimantan Selatan,-3.4478,114.824,0.526,0.438,0.362,28.4
2024-11-01,Banjarbaru,Kalimantan Selatan,-3.4478,114.824,0.552,0.452,0.363,28.2
2024-11-02,Banjarbaru,Kalimantan Selatan,-3.4478,114.824,0.585,0.508,0.365,27.4
2024-11-03,Banjarbaru,Kalimantan Selatan,-3.4478,114.824,0.593,0.571,0.367,26.5
2024-11-04,Banjarbaru,Kalimantan Selatan,-3.4478,114.824,0.588,0.573,0.37,26.7
2024-11-05,Banjarbaru,Kalimantan Selatan,-3.4478,114.824,0.581,0.574,0.375,27.8
2024-11-06,Banjarbaru,Kalimantan Selatan,-3.4478,114.824,0.583,0.577,0.383,27.7
2024-11-07,Banjarbaru,Kalimantan Selatan,-3.4478,114.824,0.559,0.558,0.385,28.3
2024-11-08,Banjarbaru,Kalimantan Selatan,-3.4478,114.824,0.541,0.544,0.386,29.0
2024-11-09,Banjarbaru,Kalimantan Selatan,-3.4478,114.824,0.563,0.541,0.386,28.8
2024-11-10,Banjarbaru,Kalimantan Selatan,-3.4478,114.824,0.575,0.544,0.387,28.6
2024-11-11,Banjarbaru,Kalimantan Selatan,-3.4478,114.824,0.579,0.551,0.388,27.9
2024-11-12,Banjarbaru,Kalimantan Selatan,-3.4478,114.824,0.597,0.588,0.41,26.7
2024-11-13,Banjarbaru,Kalimantan Selatan,-3.4478,114.824,0.559,0.568,0.443,28.7
2024-11-14,Banjarbaru,Kalimantan Selatan,-3.4478,114.824,0.569,0.558,0.444,28.0
2024-11-15,Banjarbaru,Kalimantan Selatan,-3.4478,114.824,0.53,0.529,0.441,28.4
2024-11-16,Banjarbaru,Kalimantan Selatan,-3.4478,114.824,0.577,0.563,0.443,27.9
2024-11-17,Banjarbaru,Kalimantan Selatan,-3.4478,114.824,0.597,0.594,0.451,27.9
2024-11-18,Banjarbaru,Kalimantan Selatan,-3.4478,114.824,0.593,0.593,0.459,27.9
2024-11-19,Banjarbaru,Kalimantan Selatan,-3.4478,114.824,0.584,0.583,0.465,28.2
2024-11-20,Banjarbaru,Kalimantan Selatan,-3.4478,114.824,0.583,0.578,0.469,27.9
2024-11-21,Banjarbaru,Kalimantan Selatan,-3.4478,114.824,0.591,0.571,0.471,28.0
2024-11-22,Banjarbaru,Kalimantan Selatan,-3.4478,114.824,0.592,0.574,0.471,28.3
2024-11-23,Banjarbaru,Kalimantan Selatan,-3.4478,114.824,0.595,0.587,0.474,27.6
2024-11-24,Banjarbaru,Kalimantan Selatan,-3.4478,114.824,0.592,0.583,0.478,27.5
2024-11-25,Banjarbaru,Kalimantan Selatan,-3.4478,114.824,0.599,0.599,0.496,27.3
2024-11-26,Banjarbaru,Kalimantan Selatan,-3.4478,114.824,0.594,0.591,0.503,27.4
2024-11-27,Banjarbaru,Kalimantan Selatan,-3.4478,114.824,0.596,0.596,0.512,27.8
2024-11-28,Banjarbaru,Kalimantan Selatan,-3.4478,114.824,0.598,0.599,0.518,26.4
2024-11-29,Banjarbaru,Kalimantan Selatan,-3.4478,114.824,0.602,0.602,0.529,26.7
2024-11-30,Banjarbaru,Kalimantan Selatan,-3.4478,114.824,0.603,0.607,0.548,26.4
2024-12-01,Banjarbaru,Kalimantan Selatan,-3.4478,114.824,0.602,0.607,0.572,25.8
2024-12-02,Banjarbaru,Kalimantan Selatan,-3.4478,114.824,0.598,0.603,0.585,26.9
2024-12-03,Banjarbaru,Kalimantan Selatan,-3.4478,114.824,0.605,0.606,0.593,26.6
2024-12-04,Banjarbaru,Kalimantan Selatan,-3.4478,114.824,0.596,0.602,0.596,26.7
2024-12-05,Banjarbaru,Kalimantan Selatan,-3.4478,114.824,0.6,0.602,0.596,25.7
2024-12-06,Banjarbaru,Kalimantan Selatan,-3.4478,114.824,0.597,0.601,0.597,26.4
2024-12-07,Banjarbaru,Kalimantan Selatan,-3.4478,114.824,0.579,0.589,0.595,28.0
2024-12-08,Banjarbaru,Kalimantan Selatan,-3.4478,114.824,0.581,0.585,0.593,28.1
2024-12-09,Banjarbaru,Kalimantan Selatan,-3.4478,114.824,0.594,0.591,0.592,27.2
2024-12-10,Banjarbaru,Kalimantan Selatan,-3.4478,114.824,0.6,0.603,0.592,27.1
2024-12-11,Banjarbaru,Kalimantan Selatan,-3.4478,114.824,0.606,0.605,0.594,26.5
2024-12-12,Banjarbaru,Kalimantan Selatan,-3.4478,114.824,0.601,0.602,0.596,27.0
2024-12-13,Banjarbaru,Kalimantan Selatan,-3.4478,114.824,0.588,0.595,0.596,27.8
2024-12-14,Banjarbaru,Kalimantan Selatan,-3.4478,114.824,0.59,0.596,0.596,27.9
2024-12-15,Banjarbaru,Kalimantan Selatan,-3.4478,114.824,0.597,0.601,0.596,26.2
2024-12-16,Banjarbaru,Kalimantan Selatan,-3.4478,114.824,0.591,0.6,0.595,27.1
2024-12-17,Banjarbaru,Kalimantan Selatan,-3.4478,114.824,0.586,0.591,0.594,27.8
2024-12-18,Banjarbaru,Kalimantan Selatan,-3.4478,114.824,0.599,0.595,0.591,27.5
2024-12-19,Banjarbaru,Kalimantan Selatan,-3.4478,114.824,0.603,0.606,0.588,26.5
2024-12-20,Banjarbaru,Kalimantan Selatan,-3.4478,114.824,0.604,0.606,0.595,26.1
2024-12-21,Banjarbaru,Kalimantan Selatan,-3.4478,114.824,0.599,0.603,0.596,27.2
2024-12-22,Banjarbaru,Kalimantan Selatan,-3.4478,114.824,0.603,0.603,0.598,26.8
2024-12-23,Banjarbaru,Kalimantan Selatan,-3.4478,114.824,0.593,0.598,0.598,27.2
2024-12-24,Banjarbaru,Kalimantan Selatan,-3.4478,114.824,0.6,0.6,0.598,26.3
2024-12-25,Banjarbaru,Kalimantan Selatan,-3.4478,114.824,0.594,0.6,0.598,26.9
2024-12-26,Banjarbaru,Kalimantan Selatan,-3.4478,114.824,0.594,0.599,0.597,27.0
2024-12-27,Banjarbaru,Kalimantan Selatan,-3.4478,114.824,0.587,0.594,0.597,27.3
2024-12-28,Banjarbaru,Kalimantan Selatan,-3.4478,114.824,0.588,0.588,0.595,27.4
2024-12-29,Banjarbaru,Kalimantan Selatan,-3.4478,114.824,0.58,0.58,0.593,27.5
2024-12-30,Banjarbaru,Kalimantan Selatan,-3.4478,114.824,0.563,0.566,0.591,28.1
2024-12-31,Banjarbaru,Kalimantan Selatan,-3.4478,114.824,0.578,0.558,0.587,27.3
2025-01-01,Banjarbaru,Kalimantan Selatan,-3.4478,114.824,0.589,0.569,0.578,26.9
2025-01-02,Banjarbaru,Kalimantan Selatan,-3.4478,114.824,0.582,0.562,0.566,27.5
2025-01-03,Banjarbaru,Kalimantan Selatan,-3.4478,114.824,0.594,0.585,0.561,27.2
2025-01-04,Banjarbaru,Kalimantan Selatan,-3.4478,114.824,0.594,0.594,0.561,26.7
2025-01-05,Banjarbaru,Kalimantan Selatan,-3.4478,114.824,0.598,0.602,0.565,26.5
2025-01-06,Banjarbaru,Kalimantan Selatan,-3.4478,114.824,0.596,0.599,0.572,27.4
2025-01-07,Banjarbaru,Kalimantan Selatan,-3.4478,114.824,0.598,0.598,0.574,27.6
2025-01-08,Banjarbaru,Kalimantan Selatan,-3.4478,114.824,0.6,0.605,0.587,27.0
2025-01-09,Banjarbaru,Kalimantan Selatan,-3.4478,114.824,0.592,0.6,0.593,27.9
2025-01-10,Banjarbaru,Kalimantan Selatan,-3.4478,114.824,0.598,0.601,0.595,27.4
2025-01-11,Banjarbaru,Kalimantan Selatan,-3.4478,114.824,0.597,0.599,0.595,27.0
2025-01-12,Banjarbaru,Kalimantan Selatan,-3.4478,114.824,0.596,0.6,0.596,26.3
2025-01-13,Banjarbaru,Kalimantan Selatan,-3.4478,114.824,0.597,0.597,0.596,26.9
2025-01-14,Banjarbaru,Kalimantan Selatan,-3.4478,114.824,0.604,0.603,0.596,26.5
2025-01-15,Banjarbaru,Kalimantan Selatan,-3.4478,114.824,0.602,0.602,0.596,26.5
2025-01-16,Banjarbaru,Kalimantan Selatan,-3.4478,114.824,0.595,0.601,0.596,26.7
2025-01-17,Banjarbaru,Kalimantan Selatan,-3.4478,114.824,0.584,0.592,0.596,27.6
2025-01-18,Banjarbaru,Kalimantan Selatan,-3.4478,114.824,0.602,0.604,0.597,27.1
2025-01-19,Banjarbaru,Kalimantan Selatan,-3.4478,114.824,0.603,0.603,0.598,26.2
2025-01-20,Banjarbaru,Kalimantan Selatan,-3.4478,114.824,0.599,0.6,0.598,26.1
2025-01-21,Banjarbaru,Kalimantan Selatan,-3.4478,114.824,0.603,0.601,0.599,25.3
2025-01-22,Banjarbaru,Kalimantan Selatan,-3.4478,114.824,0.6,0.6,0.599,26.5
2025-01-23,Banjarbaru,Kalimantan Selatan,-3.4478,114.824,0.598,0.6,0.599,25.8
2025-01-24,Banjarbaru,Kalimantan Selatan,-3.4478,114.824,0.587,0.593,0.598,27.1
2025-01-25,Banjarbaru,Kalimantan Selatan,-3.4478,114.824,0.592,0.595,0.597,27.1
2025-01-26,Banjarbaru,Kalimantan Selatan,-3.4478,114.824,0.603,0.603,0.598,25.9
2025-01-27,Banjarbaru,Kalimantan Selatan,-3.4478,114.824,0.6,0.601,0.599,26.3
2025-01-28,Banjarbaru,Kalimantan Selatan,-3.4478,114.824,0.599,0.601,0.599,26.3
2025-01-29,Banjarbaru,Kalimantan Selatan,-3.4478,114.824,0.598,0.599,0.598,26.8
2025-01-30,Banjarbaru,Kalimantan Selatan,-3.4478,114.824,0.602,0.602,0.599,25.6
2025-01-31,Banjarbaru,Kalimantan Selatan,-3.4478,114.824,0.597,0.598,0.599,26.8
2025-02-01,Banjarbaru,Kalimantan Selatan,-3.4478,114.824,0.58,0.586,0.597,26.9
2025-02-02,Banjarbaru,Kalimantan Selatan,-3.4478,114.824,0.555,0.571,0.595,28.2
2025-02-03,Banjarbaru,Kalimantan Selatan,-3.4478,114.824,0.53,0.558,0.592,29.0
2025-02-04,Banjarbaru,Kalimantan Selatan,-3.4478,114.824,0.512,0.512,0.588,28.9
2025-02-05,Banjarbaru,Kalimantan Selatan,-3.4478,114.824,0.494,0.504,0.584,29.1
2025-02-06,Banjarbaru,Kalimantan Selatan,-3.4478,114.824,0.539,0.498,0.58,27.9
2025-02-07,Banjarbaru,Kalimantan Selatan,-3.4478,114.824,0.588,0.541,0.574,26.4
2025-02-08,Banjarbaru,Kalimantan Selatan,-3.4478,114.824,0.594,0.591,0.573,27.1
2025-02-09,Banjarbaru,Kalimantan Selatan,-3.4478,114.824,0.595,0.594,0.576,27.1
2025-02-10,Banjarbaru,Kalimantan Selatan,-3.4478,114.824,0.591,0.589,0.574,27.2
2025-02-11,Banjarbaru,Kalimantan Selatan,-3.4478,114.824,0.594,0.598,0.575,27.2
2025-02-12,Banjarbaru,Kalimantan Selatan,-3.4478,114.824,0.588,0.595,0.582,27.8
2025-02-13,Banjarbaru,Kalimantan Selatan,-3.4478,114.824,0.578,0.583,0.582,27.7
2025-02-14,Banjarbaru,Kalimantan Selatan,-3.4478,114.824,0.576,0.567,0.578,27.6
2025-02-15,Banjarbaru,Kalimantan Selatan,-3.4478,114.824,0.602,0.589,0.572,26.6
2025-02-16,Banjarbaru,Kalimantan Selatan,-3.4478,114.824,0.588,0.582,0.569,27.7
2025-02-17,Banjarbaru,Kalimantan Selatan,-3.4478,114.824,0.596,0.6,0.567,27.0
2025-02-18,Banjarbaru,Kalimantan Selatan,-3.4478,114.824,0.598,0.602,0.569,26.8
2025-02-19,Banjarbaru,Kalimantan Selatan,-3.4478,114.824,0.593,0.597,0.569,27.4
2025-02-20,Banjarbaru,Kalimantan Selatan,-3.4478,114.824,0.598,0.596,0.568,26.9
2025-02-21,Banjarbaru,Kalimantan Selatan,-3.4478,114.824,0.596,0.601,0.571,27.2
2025-02-22,Banjarbaru,Kalimantan Selatan,-3.4478,114.824,0.591,0.596,0.573,27.2
2025-02-23,Banjarbaru,Kalimantan Selatan,-3.4478,114.824,0.597,0.604,0.579,26.5
2025-02-24,Banjarbaru,Kalimantan Selatan,-3.4478,114.824,0.596,0.599,0.583,26.7
2025-02-25,Banjarbaru,Kalimantan Selatan,-3.4478,114.824,0.595,0.596,0.575,27.0
2025-02-26,Banjarbaru,Kalimantan Selatan,-3.4478,114.824,0.603,0.605,0.593,25.7
2025-02-27,Banjarbaru,Kalimantan Selatan,-3.4478,114.824,0.597,0.6,0.594,27.1
2025-02-28,Banjarbaru,Kalimantan Selatan,-3.4478,114.824,0.596,0.599,0.593,26.9
2025-03-01,Banjarbaru,Kalimantan Selatan,-3.4478,114.824,0.597,0.603,0.595,27.7
2025-03-02,Banjarbaru,Kalimantan Selatan,-3.4478,114.824,0.586,0.593,0.596,27.6
2025-03-03,Banjarbaru,Kalimantan Selatan,-3.4478,114.824,0.559,0.573,0.592,28.5
2025-03-04,Banjarbaru,Kalimantan Selatan,-3.4478,114.824,0.54,0.553,0.592,28.0
2025-03-05,Banjarbaru,Kalimantan Selatan,-3.4478,114.824,0.587,0.563,0.59,27.7
2025-03-06,Banjarbaru,Kalimantan Selatan,-3.4478,114.824,0.586,0.578,0.587,27.6
2025-03-07,Banjarbaru,Kalimantan Selatan,-3.4478,114.824,0.603,0.607,0.587,25.7
2025-03-08,Banjarbaru,Kalimantan Selatan,-3.4478,114.824,0.591,0.599,0.594,27.0
2025-03-09,Banjarbaru,Kalimantan Selatan,-3.4478,114.824,0.603,0.601,0.594,26.8
2025-03-10,Banjarbaru,Kalimantan Selatan,-3.4478,114.824,0.601,0.603,0.596,26.9
2025-03-11,Banjarbaru,Kalimantan Selatan,-3.4478,114.824,0.579,0.59,0.596,27.0
2025-03-12,Banjarbaru,Kalimantan Selatan,-3.4478,114.824,0.579,0.574,0.594,28.0
2025-03-13,Banjarbaru,Kalimantan Selatan,-3.4478,114.824,0.594,0.597,0.594,28.1
2025-03-14,Banjarbaru,Kalimantan Selatan,-3.4478,114.824,0.6,0.603,0.582,27.6
2025-03-15,Banjarbaru,Kalimantan Selatan,-3.4478,114.824,0.596,0.599,0.576,27.1
2025-03-16,Banjarbaru,Kalimantan Selatan,-3.4478,114.824,0.59,0.597,0.578,27.4
2025-03-17,Banjarbaru,Kalimantan Selatan,-3.4478,114.824,0.588,0.587,0.574,27.2
2025-03-18,Banjarbaru,Kalimantan Selatan,-3.4478,114.824,0.589,0.584,0.569,27.0
2025-03-19,Banjarbaru,Kalimantan Selatan,-3.4478,114.824,0.599,0.594,0.565,27.0
2025-03-20,Banjarbaru,Kalimantan Selatan,-3.4478,114.824,0.602,0.598,0.565,26.0
2025-03-21,Banjarbaru,Kalimantan Selatan,-3.4478,114.824,0.598,0.6,0.572,26.3
2025-03-22,Banjarbaru,Kalimantan Selatan,-3.4478,114.824,0.605,0.607,0.579,26.1
2025-03-23,Banjarbaru,Kalimantan Selatan,-3.4478,114.824,0.582,0.596,0.579,27.4
2025-03-24,Banjarbaru,Kalimantan Selatan,-3.4478,114.824,0.58,0.583,0.579,27.7
2025-03-25,Banjarbaru,Kalimantan Selatan,-3.4478,114.824,0.592,0.577,0.578,27.5
2025-03-26,Banjarbaru,Kalimantan Selatan,-3.4478,114.824,0.579,0.574,0.577,28.1
2025-03-27,Banjarbaru,Kalimantan Selatan,-3.4478,114.824,0.571,0.571,0.576,28.6
2025-03-28,Banjarbaru,Kalimantan Selatan,-3.4478,114.824,0.571,0.549,0.574,28.4
2025-03-29,Banjarbaru,Kalimantan Selatan,-3.4478,114.824,0.595,0.576,0.568,27.3
2025-03-30,Banjarbaru,Kalimantan Selatan,-3.4478,114.824,0.586,0.594,0.571,27.3
2025-03-31,Banjarbaru,Kalimantan Selatan,-3.4478,114.824,0.574,0.582,0.569,28.1
2025-04-01,Banjarbaru,Kalimantan Selatan,-3.4478,114.824,0.6,0.595,0.572,26.1
2025-04-02,Banjarbaru,Kalimantan Selatan,-3.4478,114.824,0.596,0.603,0.579,27.1
2025-04-03,Banjarbaru,Kalimantan Selatan,-3.4478,114.824,0.579,0.579,0.578,27.6
2025-04-04,Banjarbaru,Kalimantan Selatan,-3.4478,114.824,0.6,0.6,0.58,27.4
2025-04-05,Banjarbaru,Kalimantan Selatan,-3.4478,114.824,0.596,0.594,0.585,26.7
2025-04-06,Banjarbaru,Kalimantan Selatan,-3.4478,114.824,0.605,0.609,0.589,25.5
2025-04-07,Banjarbaru,Kalimantan Selatan,-3.4478,114.824,0.593,0.597,0.591,27.3
2025-04-08,Banjarbaru,Kalimantan Selatan,-3.4478,114.824,0.59,0.586,0.591,27.4
2025-04-09,Banjarbaru,Kalimantan Selatan,-3.4478,114.824,0.603,0.606,0.593,26.5
2025-04-10,Banjarbaru,Kalimantan Selatan,-3.4478,114.824,0.587,0.596,0.595,28.1
2025-04-11,Banjarbaru,Kalimantan Selatan,-3.4478,114.824,0.599,0.597,0.596,26.9
2025-04-12,Banjarbaru,Kalimantan Selatan,-3.4478,114.824,0.593,0.594,0.596,27.1
2025-04-13,Banjarbaru,Kalimantan Selatan,-3.4478,114.824,0.593,0.597,0.595,26.9
2025-04-14,Banjarbaru,Kalimantan Selatan,-3.4478,114.824,0.601,0.602,0.596,27.4
2025-04-15,Banjarbaru,Kalimantan Selatan,-3.4478,114.824,0.602,0.603,0.598,25.9
2025-04-16,Banjarbaru,Kalimantan Selatan,-3.4478,114.824,0.593,0.596,0.597,27.5
2025-04-17,Banjarbaru,Kalimantan Selatan,-3.4478,114.824,0.598,0.596,0.596,27.5
2025-04-18,Banjarbaru,Kalimantan Selatan,-3.4478,114.824,0.589,0.592,0.598,27.5
2025-04-19,Banjarbaru,Kalimantan Selatan,-3.4478,114.824,0.564,0.575,0.596,28.8
2025-04-20,Banjarbaru,Kalimantan Selatan,-3.4478,114.824,0.561,0.563,0.594,28.9
2025-04-21,Banjarbaru,Kalimantan Selatan,-3.4478,114.824,0.591,0.575,0.595,27.1
2025-04-22,Banjarbaru,Kalimantan Selatan,-3.4478,114.824,0.576,0.562,0.603,27.1
2025-04-23,Banjarbaru,Kalimantan Selatan,-3.4478,114.824,0.539,0.551,0.596,28.2
2025-04-24,Banjarbaru,Kalimantan Selatan,-3.4478,114.824,0.567,0.545,0.588,27.2
2025-04-25,Banjarbaru,Kalimantan Selatan,-3.4478,114.824,0.562,0.541,0.583,27.7
2025-04-26,Banjarbaru,Kalimantan Selatan,-3.4478,114.824,0.561,0.538,0.577,27.7
2025-04-27,Banjarbaru,Kalimantan Selatan,-3.4478,114.824,0.551,0.539,0.571,27.9
2025-04-28,Banjarbaru,Kalimantan Selatan,-3.4478,114.824,0.527,0.527,0.564,27.9
2025-04-29,Banjarbaru,Kalimantan Selatan,-3.4478,114.824,0.554,0.525,0.551,27.4
2025-04-30,Banjarbaru,Kalimantan Selatan,-3.4478,114.824,0.557,0.538,0.542,27.9
2025-05-01,Banjarbaru,Kalimantan Selatan,-3.4478,114.824,0.543,0.535,0.532,28.7
2025-05-02,Banjarbaru,Kalimantan Selatan,-3.4478,114.824,0.505,0.517,0.523,28.4
2025-05-03,Banjarbaru,Kalimantan Selatan,-3.4478,114.824,0.478,0.499,0.513,28.6
2025-05-04,Banjarbaru,Kalimantan Selatan,-3.4478,114.824,0.441,0.482,0.501,29.2
2025-05-05,Banjarbaru,Kalimantan Selatan,-3.4478,114.824,0.403,0.468,0.494,29.1
2025-05-06,Banjarbaru,Kalimantan Selatan,-3.4478,114.824,0.404,0.465,0.502,28.7
2025-05-07,Banjarbaru,Kalimantan Selatan,-3.4478,114.824,0.417,0.457,0.498,28.8
2025-05-08,Banjarbaru,Kalimantan Selatan,-3.4478,114.824,0.414,0.438,0.491,29.0
2025-05-09,Banjarbaru,Kalimantan Selatan,-3.4478,114.824,0.563,0.447,0.491,27.4
2025-05-10,Banjarbaru,Kalimantan Selatan,-3.4478,114.824,0.57,0.5,0.486,27.5
2025-05-11,Banjarbaru,Kalimantan Selatan,-3.4478,114.824,0.54,0.496,0.485,28.3
2025-05-12,Banjarbaru,Kalimantan Selatan,-3.4478,114.824,0.588,0.533,0.485,26.4
2025-05-13,Banjarbaru,Kalimantan Selatan,-3.4478,114.824,0.572,0.547,0.484,28.0
2025-05-14,Banjarbaru,Kalimantan Selatan,-3.4478,114.824,0.566,0.561,0.483,28.1
2025-05-15,Banjarbaru,Kalimantan Selatan,-3.4478,114.824,0.586,0.581,0.485,27.4
2025-05-16,Banjarbaru,Kalimantan Selatan,-3.4478,114.824,0.553,0.572,0.486,28.9
2025-05-17,Banjarbaru,Kalimantan Selatan,-3.4478,114.824,0.554,0.564,0.486,28.3
2025-05-18,Banjarbaru,Kalimantan Selatan,-3.4478,114.824,0.568,0.575,0.486,27.9
2025-05-19,Banjarbaru,Kalimantan Selatan,-3.4478,114.824,0.545,0.558,0.485,27.9
2025-05-20,Banjarbaru,Kalimantan Selatan,-3.4478,114.824,0.547,0.55,0.484,27.9
2025-05-21,Banjarbaru,Kalimantan Selatan,-3.4478,114.824,0.584,0.57,0.484,27.0
2025-05-22,Banjarbaru,Kalimantan Selatan,-3.4478,114.824,0.596,0.592,0.487,27.2
2025-05-23,Banjarbaru,Kalimantan Selatan,-3.4478,114.824,0.602,0.603,0.503,27.1
2025-05-24,Banjarbaru,Kalimantan Selatan,-3.4478,114.824,0.576,0.587,0.512,28.4
2025-05-25,Banjarbaru,Kalimantan Selatan,-3.4478,114.824,0.558,0.575,0.511,28.6
2025-05-26,Banjarbaru,Kalimantan Selatan,-3.4478,114.824,0.576,0.579,0.505,28.4
2025-05-27,Banjarbaru,Kalimantan Selatan,-3.4478,114.824,0.595,0.593,0.507,26.2
2025-05-28,Banjarbaru,Kalimantan Selatan,-3.4478,114.824,0.575,0.586,0.512,27.5
2025-05-29,Banjarbaru,Kalimantan Selatan,-3.4478,114.824,0.558,0.574,0.511,28.3
2025-05-30,Banjarbaru,Kalimantan Selatan,-3.4478,114.824,0.566,0.57,0.507,28.5
2025-05-31,Banjarbaru,Kalimantan Selatan,-3.4478,114.824,0.581,0.576,0.507,26.7
2025-06-01,Banjarbaru,Kalimantan Selatan,-3.4478,114.824,0.602,0.595,0.511,25.9
2025-06-02,Banjarbaru,Kalimantan Selatan,-3.4478,114.824,0.591,0.596,0.524,26.8
2025-06-03,Banjarbaru,Kalimantan Selatan,-3.4478,114.824,0.589,0.589,0.529,27.2
2025-06-04,Banjarbaru,Kalimantan Selatan,-3.4478,114.824,0.573,0.584,0.529,28.0
2025-06-05,Banjarbaru,Kalimantan Selatan,-3.4478,114.824,0.545,0.567,0.526,28.5
2025-06-06,Banjarbaru,Kalimantan Selatan,-3.4478,114.824,0.506,0.55,0.52,28.7
2025-06-07,Banjarbaru,Kalimantan Selatan,-3.4478,114.824,0.488,0.538,0.515,28.1
2025-06-08,Banjarbaru,Kalimantan Selatan,-3.4478,114.824,0.515,0.525,0.51,27.6
2025-06-09,Banjarbaru,Kalimantan Selatan,-3.4478,114.824,0.524,0.515,0.508,28.1
2025-06-10,Banjarbaru,Kalimantan Selatan,-3.4478,114.824,0.483,0.505,0.505,28.0
2025-06-11,Banjarbaru,Kalimantan Selatan,-3.4478,114.824,0.508,0.493,0.503,27.6
2025-06-12,Banjarbaru,Kalimantan Selatan,-3.4478,114.824,0.549,0.492,0.5,27.3
2025-06-13,Banjarbaru,Kalimantan Selatan,-3.4478,114.824,0.52,0.486,0.498,28.0
2025-06-14,Banjarbaru,Kalimantan Selatan,-3.4478,114.824,0.519,0.471,0.495,27.6
2025-06-15,Banjarbaru,Kalimantan Selatan,-3.4478,114.824,0.558,0.483,0.494,28.1
2025-06-16,Banjarbaru,Kalimantan Selatan,-3.4478,114.824,0.544,0.473,0.493,28.1
2025-06-17,Banjarbaru,Kalimantan Selatan,-3.4478,114.824,0.528,0.474,0.492,27.8
2025-06-18,Banjarbaru,Kalimantan Selatan,-3.4478,114.824,0.5,0.463,0.485,27.5
2025-06-19,Banjarbaru,Kalimantan Selatan,-3.4478,114.824,0.538,0.469,0.479,26.6
2025-06-20,Banjarbaru,Kalimantan Selatan,-3.4478,114.824,0.587,0.547,0.479,25.7
2025-06-21,Banjarbaru,Kalimantan Selatan,-3.4478,114.824,0.56,0.573,0.481,27.3
2025-06-22,Banjarbaru,Kalimantan Selatan,-3.4478,114.824,0.564,0.565,0.482,27.1
2025-06-23,Banjarbaru,Kalimantan Selatan,-3.4478,114.824,0.554,0.556,0.482,27.2
2025-06-24,Banjarbaru,Kalimantan Selatan,-3.4478,114.824,0.558,0.55,0.483,26.9
2025-06-25,Banjarbaru,Kalimantan Selatan,-3.4478,114.824,0.559,0.544,0.484,27.4
2025-06-26,Banjarbaru,Kalimantan Selatan,-3.4478,114.824,0.56,0.542,0.483,27.2
2025-06-27,Banjarbaru,Kalimantan Selatan,-3.4478,114.824,0.585,0.573,0.483,26.9
2025-06-28,Banjarbaru,Kalimantan Selatan,-3.4478,114.824,0.594,0.594,0.49,26.6
2025-06-29,Banjarbaru,Kalimantan Selatan,-3.4478,114.824,0.561,0.572,0.491,26.9
2025-06-30,Banjarbaru,Kalimantan Selatan,-3.4478,114.824,0.546,0.56,0.489,27.2
2025-07-01,Banjarbaru,Kalimantan Selatan,-3.4478,114.824,0.514,0.549,0.489,28.1
2025-07-02,Banjarbaru,Kalimantan Selatan,-3.4478,114.824,0.499,0.537,0.487,27.9
2025-07-03,Banjarbaru,Kalimantan Selatan,-3.4478,114.824,0.475,0.523,0.484,28.2
2025-07-04,Banjarbaru,Kalimantan Selatan,-3.4478,114.824,0.481,0.501,0.481,27.5
2025-07-05,Banjarbaru,Kalimantan Selatan,-3.4478,114.824,0.478,0.493,0.479,26.5
2025-07-06,Banjarbaru,Kalimantan Selatan,-3.4478,114.824,0.471,0.486,0.477,27.8
2025-07-07,Banjarbaru,Kalimantan Selatan,-3.4478,114.824,0.471,0.479,0.475,26.7
2025-07-08,Banjarbaru,Kalimantan Selatan,-3.4478,114.824,0.433,0.472,0.473,27.2
2025-07-09,Banjarbaru,Kalimantan Selatan,-3.4478,114.824,0.424,0.462,0.469,26.9
2025-07-10,Banjarbaru,Kalimantan Selatan,-3.4478,114.824,0.491,0.445,0.462,27.0
2025-07-11,Banjarbaru,Kalimantan Selatan,-3.4478,114.824,0.471,0.434,0.458,26.9
2025-07-12,Banjarbaru,Kalimantan Selatan,-3.4478,114.824,0.44,0.428,0.455,27.7
2025-07-13,Banjarbaru,Kalimantan Selatan,-3.4478,114.824,0.397,0.422,0.452,28.5
2025-07-14,Banjarbaru,Kalimantan Selatan,-3.4478,114.824,0.471,0.428,0.447,27.1
2025-07-15,Banjarbaru,Kalimantan Selatan,-3.4478,114.824,0.532,0.425,0.445,27.0
2025-07-16,Banjarbaru,Kalimantan Selatan,-3.4478,114.824,0.547,0.433,0.444,27.1
2025-07-17,Banjarbaru,Kalimantan Selatan,-3.4478,114.824,0.539,0.44,0.443,27.0
2025-07-18,Banjarbaru,Kalimantan Selatan,-3.4478,114.824,0.51,0.438,0.441,27.2
2025-07-19,Banjarbaru,Kalimantan Selatan,-3.4478,114.824,0.469,0.432,0.439,26.9
2025-07-20,Banjarbaru,Kalimantan Selatan,-3.4478,114.824,0.438,0.428,0.438,26.8
2025-07-21,Banjarbaru,Kalimantan Selatan,-3.4478,114.824,0.412,0.424,0.437,27.5
2025-07-22,Banjarbaru,Kalimantan Selatan,-3.4478,114.824,0.391,0.423,0.437,28.1
2025-07-23,Banjarbaru,Kalimantan Selatan,-3.4478,114.824,0.368,0.417,0.436,29.0
2025-07-24,Banjarbaru,Kalimantan Selatan,-3.4478,114.824,0.348,0.405,0.433,29.0
2025-07-25,Banjarbaru,Kalimantan Selatan,-3.4478,114.824,0.323,0.394,0.431,29.3
2025-07-26,Banjarbaru,Kalimantan Selatan,-3.4478,114.824,0.319,0.384,0.428,29.3
2025-07-27,Banjarbaru,Kalimantan Selatan,-3.4478,114.824,0.348,0.37,0.426,29.0
2025-07-28,Banjarbaru,Kalimantan Selatan,-3.4478,114.824,0.336,0.365,0.423,29.5
2025-07-29,Banjarbaru,Kalimantan Selatan,-3.4478,114.824,0.323,0.365,0.419,29.2
2025-07-30,Banjarbaru,Kalimantan Selatan,-3.4478,114.824,0.308,0.362,0.417,29.2
2025-07-31,Banjarbaru,Kalimantan Selatan,-3.4478,114.824,0.304,0.358,0.415,28.8
2025-08-01,Banjarbaru,Kalimantan Selatan,-3.4478,114.824,0.31,0.353,0.411,28.9
2025-08-02,Banjarbaru,Kalimantan Selatan,-3.4478,114.824,0.345,0.352,0.41,28.8
2025-08-03,Banjarbaru,Kalimantan Selatan,-3.4478,114.824,0.394,0.342,0.409,28.3
2025-08-04,Banjarbaru,Kalimantan Selatan,-3.4478,114.824,0.398,0.327,0.406,27.7
2025-08-05,Banjarbaru,Kalimantan Selatan,-3.4478,114.824,0.463,0.325,0.403,27.6
2025-08-06,Banjarbaru,Kalimantan Selatan,-3.4478,114.824,0.434,0.326,0.397,28.6
2025-08-07,Banjarbaru,Kalimantan Selatan,-3.4478,114.824,0.392,0.324,0.394,28.9
2025-08-08,Banjarbaru,Kalimantan Selatan,-3.4478,114.824,0.362,0.323,0.393,28.9
2025-08-09,Banjarbaru,Kalimantan Selatan,-3.4478,114.824,0.392,0.321,0.391,28.6
2025-08-10,Banjarbaru,Kalimantan Selatan,-3.4478,114.824,0.534,0.33,0.387,27.2
2025-08-11,Banjarbaru,Kalimantan Selatan,-3.4478,114.824,0.541,0.36,0.387,27.1
2025-08-12,Banjarbaru,Kalimantan Selatan,-3.4478,114.824,0.554,0.383,0.385,26.4
2025-08-13,Banjarbaru,Kalimantan Selatan,-3.4478,114.824,0.519,0.388,0.384,27.6
2025-08-14,Banjarbaru,Kalimantan Selatan,-3.4478,114.824,0.477,0.388,0.385,27.5
2025-08-15,Banjarbaru,Kalimantan Selatan,-3.4478,114.824,0.447,0.385,0.385,27.5
2025-08-16,Banjarbaru,Kalimantan Selatan,-3.4478,114.824,0.425,0.383,0.385,27.7
2025-08-17,Banjarbaru,Kalimantan Selatan,-3.4478,114.824,0.404,0.377,0.384,27.7
2025-08-18,Banjarbaru,Kalimantan Selatan,-3.4478,114.824,0.489,0.378,0.382,27.1
2025-08-19,Banjarbaru,Kalimantan Selatan,-3.4478,114.824,0.564,0.415,0.38,26.4
2025-08-20,Banjarbaru,Kalimantan Selatan,-3.4478,114.824,0.588,0.528,0.381,25.5
2025-08-21,Banjarbaru,Kalimantan Selatan,-3.4478,114.824,0.572,0.562,0.385,26.3
2025-08-22,Banjarbaru,Kalimantan Selatan,-3.4478,114.824,0.533,0.55,0.387,27.2
2025-08-23,Banjarbaru,Kalimantan Selatan,-3.4478,114.824,0.499,0.538,0.388,28.0
2025-08-24,Banjarbaru,Kalimantan Selatan,-3.4478,114.824,0.475,0.526,0.387,28.0
2025-08-25,Banjarbaru,Kalimantan Selatan,-3.4478,114.824,0.436,0.513,0.387,28.0
2025-08-26,Banjarbaru,Kalimantan Selatan,-3.4478,114.824,0.435,0.505,0.387,27.1
2025-08-27,Banjarbaru,Kalimantan Selatan,-3.4478,114.824,0.471,0.495,0.386,27.1
2025-08-28,Banjarbaru,Kalimantan Selatan,-3.4478,114.824,0.546,0.491,0.387,26.7
2025-08-29,Banjarbaru,Kalimantan Selatan,-3.4478,114.824,0.546,0.493,0.389,27.4
2025-08-30,Banjarbaru,Kalimantan Selatan,-3.4478,114.824,0.533,0.492,0.389,27.6
2025-08-31,Banjarbaru,Kalimantan Selatan,-3.4478,114.824,0.527,0.489,0.389,26.9
2025-09-01,Banjarbaru,Kalimantan Selatan,-3.4478,114.824,0.489,0.477,0.388,27.1
2025-09-02,Banjarbaru,Kalimantan Selatan,-3.4478,114.824,0.485,0.473,0.384,27.4
2025-09-03,Banjarbaru,Kalimantan Selatan,-3.4478,114.824,0.469,0.466,0.384,27.6
2025-09-04,Banjarbaru,Kalimantan Selatan,-3.4478,114.824,0.497,0.465,0.384,28.0
2025-09-05,Banjarbaru,Kalimantan Selatan,-3.4478,114.824,0.494,0.46,0.385,27.9
2025-09-06,Banjarbaru,Kalimantan Selatan,-3.4478,114.824,0.563,0.474,0.383,27.1
2025-09-07,Banjarbaru,Kalimantan Selatan,-3.4478,114.824,0.576,0.512,0.383,26.7
2025-09-08,Banjarbaru,Kalimantan Selatan,-3.4478,114.824,0.58,0.535,0.383,26.6
2025-09-09,Banjarbaru,Kalimantan Selatan,-3.4478,114.824,0.573,0.543,0.383,26.3
2025-09-10,Banjarbaru,Kalimantan Selatan,-3.4478,114.824,0.574,0.541,0.383,26.5
2025-09-11,Banjarbaru,Kalimantan Selatan,-3.4478,114.824,0.575,0.534,0.383,26.4
2025-09-12,Banjarbaru,Kalimantan Selatan,-3.4478,114.824,0.581,0.54,0.383,26.8
2025-09-13,Banjarbaru,Kalimantan Selatan,-3.4478,114.824,0.555,0.543,0.384,27.5
2025-09-14,Banjarbaru,Kalimantan Selatan,-3.4478,114.824,0.513,0.527,0.384,27.7
2025-09-15,Banjarbaru,Kalimantan Selatan,-3.4478,114.824,0.525,0.519,0.384,27.7
2025-09-16,Banjarbaru,Kalimantan Selatan,-3.4478,114.824,0.582,0.553,0.385,26.5
2025-09-17,Banjarbaru,Kalimantan Selatan,-3.4478,114.824,0.572,0.575,0.39,27.0
2025-09-18,Banjarbaru,Kalimantan Selatan,-3.4478,114.824,0.568,0.574,0.396,27.3
2025-09-19,Banjarbaru,Kalimantan Selatan,-3.4478,114.824,0.559,0.566,0.399,28.3
2025-09-20,Banjarbaru,Kalimantan Selatan,-3.4478,114.824,0.516,0.551,0.398,28.4
2025-09-21,Banjarbaru,Kalimantan Selatan,-3.4478,114.824,0.506,0.539,0.399,28.4
2025-09-22,Banjarbaru,Kalimantan Selatan,-3.4478,114.824,0.479,0.525,0.398,28.0
2025-09-23,Banjarbaru,Kalimantan Selatan,-3.4478,114.824,0.444,0.505,0.397,28.4
2025-09-24,Banjarbaru,Kalimantan Selatan,-3.4478,114.824,0.486,0.49,0.396,27.9
2025-09-25,Banjarbaru,Kalimantan Selatan,-3.4478,114.824,0.539,0.49,0.396,28.1
2025-09-26,Banjarbaru,Kalimantan Selatan,-3.4478,114.824,0.512,0.482,0.395,28.2
2025-09-27,Banjarbaru,Kalimantan Selatan,-3.4478,114.824,0.535,0.474,0.395,28.3
2025-09-28,Banjarbaru,Kalimantan Selatan,-3.4478,114.824,0.539,0.474,0.394,28.4
2025-09-29,Banjarbaru,Kalimantan Selatan,-3.4478,114.824,0.548,0.491,0.394,27.9
2025-09-30,Banjarbaru,Kalimantan Selatan,-3.4478,114.824,0.591,0.574,0.396,27.0
2025-10-01,Banjarbaru,Kalimantan Selatan,-3.4478,114.824,0.582,0.574,0.4,27.3
2025-10-02,Banjarbaru,Kalimantan Selatan,-3.4478,114.824,0.552,0.56,0.403,28.5
2025-10-03,Banjarbaru,Kalimantan Selatan,-3.4478,114.824,0.532,0.548,0.404,28.4
2025-10-04,Banjarbaru,Kalimantan Selatan,-3.4478,114.824,0.577,0.564,0.404,26.9
2025-10-05,Banjarbaru,Kalimantan Selatan,-3.4478,114.824,0.594,0.593,0.413,26.8
2025-10-06,Banjarbaru,Kalimantan Selatan,-3.4478,114.824,0.568,0.579,0.421,27.0
2025-10-07,Banjarbaru,Kalimantan Selatan,-3.4478,114.824,0.54,0.561,0.424,28.0
2025-10-08,Banjarbaru,Kalimantan Selatan,-3.4478,114.824,0.501,0.546,0.424,28.2
2025-10-09,Banjarbaru,Kalimantan Selatan,-3.4478,114.824,0.48,0.534,0.423,28.4
2025-10-10,Banjarbaru,Kalimantan Selatan,-3.4478,114.824,0.464,0.523,0.422,28.6
2025-10-11,Banjarbaru,Kalimantan Selatan,-3.4478,114.824,0.436,0.508,0.421,29.1
2025-10-12,Banjarbaru,Kalimantan Selatan,-3.4478,114.824,0.43,0.485,0.417,28.7
2025-10-13,Banjarbaru,Kalimantan Selatan,-3.4478,114.824,0.397,0.456,0.409,29.4
2025-10-14,Banjarbaru,Kalimantan Selatan,-3.4478,114.824,0.374,0.436,0.406,29.2
2025-10-15,Banjarbaru,Kalimantan Selatan,-3.4478,114.824,0.361,0.432,0.407,29.4
2025-10-16,Banjarbaru,Kalimantan Selatan,-3.4478,114.824,0.359,0.428,0.407,29.3
2025-10-17,Banjarbaru,Kalimantan Selatan,-3.4478,114.824,0.368,0.418,0.406,29.2
2025-10-18,Banjarbaru,Kalimantan Selatan,-3.4478,114.824,0.374,0.408,0.405,29.6
2025-10-19,Banjarbaru,Kalimantan Selatan,-3.4478,114.824,0.365,0.4,0.401,30.1
2025-10-20,Banjarbaru,Kalimantan Selatan,-3.4478,114.824,0.424,0.392,0.398,29.2
2025-10-21,Banjarbaru,Kalimantan Selatan,-3.4478,114.824,0.565,0.404,0.393,28.0
2025-10-22,Banjarbaru,Kalimantan Selatan,-3.4478,114.824,0.599,0.539,0.396,26.1
2025-10-23,Banjarbaru,Kalimantan Selatan,-3.4478,114.824,0.603,0.603,0.419,26.4
2025-10-24,Banjarbaru,Kalimantan Selatan,-3.4478,114.824,0.608,0.607,0.445,26.2
2025-10-25,Banjarbaru,Kalimantan Selatan,-3.4478,114.824,0.602,0.602,0.478,26.7
2025-10-26,Banjarbaru,Kalimantan Selatan,-3.4478,114.824,0.606,0.607,0.497,26.3
2025-10-27,Banjarbaru,Kalimantan Selatan,-3.4478,114.824,0.595,0.595,0.507,26.5
2025-10-28,Banjarbaru,Kalimantan Selatan,-3.4478,114.824,0.6,0.604,0.528,27.0
2025-10-29,Banjarbaru,Kalimantan Selatan,-3.4478,114.824,0.599,0.605,0.55,26.9
2025-10-30,Banjarbaru,Kalimantan Selatan,-3.4478,114.824,0.594,0.602,0.566,27.3
2025-10-31,Banjarbaru,Kalimantan Selatan,-3.4478,114.824,0.591,0.603,0.58,26.8
2025-11-01,Banjarbaru,Kalimantan Selatan,-3.4478,114.824,0.568,0.584,0.579,28.6
2025-11-02,Banjarbaru,Kalimantan Selatan,-3.4478,114.824,0.546,0.567,0.569,29.2
2025-11-03,Banjarbaru,Kalimantan Selatan,-3.4478,114.824,0.553,0.572,0.568,28.3
2025-11-04,Banjarbaru,Kalimantan Selatan,-3.4478,114.824,0.597,0.6,0.573,27.9
2025-11-05,Banjarbaru,Kalimantan Selatan,-3.4478,114.824,0.597,0.603,0.579,27.9
2025-11-06,Banjarbaru,Kalimantan Selatan,-3.4478,114.824,0.591,0.603,0.59,27.6
2025-11-07,Banjarbaru,Kalimantan Selatan,-3.4478,114.824,0.566,0.588,0.591,28.6
2025-11-08,Banjarbaru,Kalimantan Selatan,-3.4478,114.824,0.573,0.584,0.589,28.7
2025-11-09,Banjarbaru,Kalimantan Selatan,-3.4478,114.824,0.604,0.607,0.593,25.9
2025-11-10,Banjarbaru,Kalimantan Selatan,-3.4478,114.824,0.581,0.597,0.595,27.6
2025-11-11,Banjarbaru,Kalimantan Selatan,-3.4478,114.824,0.602,0.602,0.595,27.2
2025-11-12,Banjarbaru,Kalimantan Selatan,-3.4478,114.824,0.592,0.599,0.596,26.8
2025-11-13,Banjarbaru,Kalimantan Selatan,-3.4478,114.824,0.598,0.602,0.597,26.6
2025-11-14,Banjarbaru,Kalimantan Selatan,-3.4478,114.824,0.579,0.593,0.596,27.7
2025-11-15,Banjarbaru,Kalimantan Selatan,-3.4478,114.824,0.59,0.594,0.594,27.7
2025-11-16,Banjarbaru,Kalimantan Selatan,-3.4478,114.824,0.596,0.6,0.594,27.2
2025-11-17,Banjarbaru,Kalimantan Selatan,-3.4478,114.824,0.596,0.602,0.596,27.1
2025-11-18,Banjarbaru,Kalimantan Selatan,-3.4478,114.824,0.598,0.602,0.596,27.2
2025-11-19,Banjarbaru,Kalimantan Selatan,-3.4478,114.824,0.587,0.594,0.595,28.0
2025-11-20,Banjarbaru,Kalimantan Selatan,-3.4478,114.824,0.598,0.6,0.596,26.4
2025-11-21,Banjarbaru,Kalimantan Selatan,-3.4478,114.824,0.586,0.599,0.596,27.7
2025-11-22,Banjarbaru,Kalimantan Selatan,-3.4478,114.824,0.6,0.603,0.596,26.9
2025-11-23,Banjarbaru,Kalimantan Selatan,-3.4478,114.824,0.595,0.601,0.597,27.3
2025-11-24,Banjarbaru,Kalimantan Selatan,-3.4478,114.824,0.598,0.601,0.598,27.0
2025-11-25,Banjarbaru,Kalimantan Selatan,-3.4478,114.824,0.59,0.598,0.596,28.0
2025-11-26,Banjarbaru,Kalimantan Selatan,-3.4478,114.824,0.563,0.585,0.595,28.7
2025-11-27,Banjarbaru,Kalimantan Selatan,-3.4478,114.824,0.569,0.576,0.593,28.3
2025-11-28,Banjarbaru,Kalimantan Selatan,-3.4478,114.824,0.587,0.588,0.593,28.1
2025-11-29,Banjarbaru,Kalimantan Selatan,-3.4478,114.824,0.602,0.602,0.593,26.1
2025-11-30,Banjarbaru,Kalimantan Selatan,-3.4478,114.824,0.599,0.602,0.596,26.8
2025-12-01,Banjarbaru,Kalimantan Selatan,-3.4478,114.824,0.593,0.601,0.597,27.4
2025-12-02,Banjarbaru,Kalimantan Selatan,-3.4478,114.824,0.59,0.599,0.598,27.5
2025-12-03,Banjarbaru,Kalimantan Selatan,-3.4478,114.824,0.598,0.6,0.598,26.7
2025-12-04,Banjarbaru,Kalimantan Selatan,-3.4478,114.824,0.587,0.599,0.598,26.8
2025-12-05,Banjarbaru,Kalimantan Selatan,-3.4478,114.824,0.584,0.596,0.598,27.1
2025-12-06,Banjarbaru,Kalimantan Selatan,-3.4478,114.824,0.587,0.598,0.598,27.5
2025-12-07,Banjarbaru,Kalimantan Selatan,-3.4478,114.824,0.595,0.599,0.596,27.5
2025-12-08,Banjarbaru,Kalimantan Selatan,-3.4478,114.824,0.603,0.603,0.598,25.9
2025-12-09,Banjarbaru,Kalimantan Selatan,-3.4478,114.824,0.602,0.603,0.599,25.4
2025-12-10,Banjarbaru,Kalimantan Selatan,-3.4478,114.824,0.577,0.595,0.598,26.5
2025-12-11,Banjarbaru,Kalimantan Selatan,-3.4478,114.824,0.591,0.594,0.598,26.9
2025-12-12,Banjarbaru,Kalimantan Selatan,-3.4478,114.824,0.589,0.601,0.598,26.9
2025-12-13,Banjarbaru,Kalimantan Selatan,-3.4478,114.824,0.591,0.599,0.599,27.3
2025-12-14,Banjarbaru,Kalimantan Selatan,-3.4478,114.824,0.599,0.602,0.598,26.3
2025-12-15,Banjarbaru,Kalimantan Selatan,-3.4478,114.824,0.597,0.601,0.599,26.4
2025-12-16,Banjarbaru,Kalimantan Selatan,-3.4478,114.824,0.597,0.601,0.599,26.3
2025-12-17,Banjarbaru,Kalimantan Selatan,-3.4478,114.824,0.573,0.589,0.597,27.6
2025-12-18,Banjarbaru,Kalimantan Selatan,-3.4478,114.824,0.585,0.59,0.597,27.1
2025-12-19,Banjarbaru,Kalimantan Selatan,-3.4478,114.824,0.594,0.6,0.597,27.2
2025-12-20,Banjarbaru,Kalimantan Selatan,-3.4478,114.824,0.577,0.594,0.596,27.6
2025-12-21,Banjarbaru,Kalimantan Selatan,-3.4478,114.824,0.586,0.593,0.596,27.4
2025-12-22,Banjarbaru,Kalimantan Selatan,-3.4478,114.824,0.596,0.602,0.597,27.1
2025-12-23,Banjarbaru,Kalimantan Selatan,-3.4478,114.824,0.599,0.601,0.598,26.9
2025-12-24,Banjarbaru,Kalimantan Selatan,-3.4478,114.824,0.6,0.602,0.598,26.5
2025-12-25,Banjarbaru,Kalimantan Selatan,-3.4478,114.824,0.581,0.596,0.598,27.9
2025-12-26,Banjarbaru,Kalimantan Selatan,-3.4478,114.824,0.579,0.586,0.595,28.0
2025-12-27,Banjarbaru,Kalimantan Selatan,-3.4478,114.824,0.603,0.603,0.598,26.1
2025-12-28,Banjarbaru,Kalimantan Selatan,-3.4478,114.824,0.581,0.596,0.598,27.6
2025-12-29,Banjarbaru,Kalimantan Selatan,-3.4478,114.824,0.596,0.6,0.595,27.1
2025-12-30,Banjarbaru,Kalimantan Selatan,-3.4478,114.824,0.594,0.601,0.595,27.4
2025-12-31,Banjarbaru,Kalimantan Selatan,-3.4478,114.824,0.602,0.603,0.598,26.2
2026-01-01,Banjarbaru,Kalimantan Selatan,-3.4478,114.824,0.6,0.601,0.599,25.9
2026-01-02,Banjarbaru,Kalimantan Selatan,-3.4478,114.824,0.592,0.594,0.598,27.1
2026-01-03,Banjarbaru,Kalimantan Selatan,-3.4478,114.824,0.603,0.603,0.598,26.4
2026-01-04,Banjarbaru,Kalimantan Selatan,-3.4478,114.824,0.603,0.602,0.599,25.7
2026-01-05,Banjarbaru,Kalimantan Selatan,-3.4478,114.824,0.601,0.602,0.6,25.3
2026-01-06,Banjarbaru,Kalimantan Selatan,-3.4478,114.824,0.595,0.6,0.6,26.9
2026-01-07,Banjarbaru,Kalimantan Selatan,-3.4478,114.824,0.595,0.598,0.6,26.6
2026-01-08,Banjarbaru,Kalimantan Selatan,-3.4478,114.824,0.595,0.6,0.6,26.7
2026-01-09,Banjarbaru,Kalimantan Selatan,-3.4478,114.824,0.593,0.599,0.6,26.5
2026-01-10,Banjarbaru,Kalimantan Selatan,-3.4478,114.824,0.596,0.6,0.6,26.6
2026-01-11,Banjarbaru,Kalimantan Selatan,-3.4478,114.824,0.598,0.599,0.599,26.0
2026-01-12,Banjarbaru,Kalimantan Selatan,-3.4478,114.824,0.593,0.598,0.598,26.8
2026-01-13,Banjarbaru,Kalimantan Selatan,-3.4478,114.824,0.58,0.595,0.598,27.4
2026-01-14,Banjarbaru,Kalimantan Selatan,-3.4478,114.824,0.558,0.579,0.596,28.2
2026-01-15,Banjarbaru,Kalimantan Selatan,-3.4478,114.824,0.568,0.569,0.594,27.9
2026-01-16,Banjarbaru,Kalimantan Selatan,-3.4478,114.824,0.564,0.559,0.59,28.2
2026-01-17,Banjarbaru,Kalimantan Selatan,-3.4478,114.824,0.56,0.556,0.586,28.7
2026-01-18,Banjarbaru,Kalimantan Selatan,-3.4478,114.824,0.573,0.561,0.583,28.4
2026-01-19,Banjarbaru,Kalimantan Selatan,-3.4478,114.824,0.562,0.566,0.581,28.5
2026-01-20,Banjarbaru,Kalimantan Selatan,-3.4478,114.824,0.541,0.557,0.574,28.3
2026-01-21,Banjarbaru,Kalimantan Selatan,-3.4478,114.824,0.494,0.54,0.568,28.3
2026-01-22,Banjarbaru,Kalimantan Selatan,-3.4478,114.824,0.475,0.532,0.564,28.4
2026-01-23,Banjarbaru,Kalimantan Selatan,-3.4478,114.824,0.448,0.52,0.559,28.7
2026-01-24,Banjarbaru,Kalimantan Selatan,-3.4478,114.824,0.434,0.511,0.555,29.1
2026-01-25,Banjarbaru,Kalimantan Selatan,-3.4478,114.824,0.425,0.5,0.55,28.9
2026-01-26,Banjarbaru,Kalimantan Selatan,-3.4478,114.824,0.428,0.486,0.548,28.7
2026-01-27,Banjarbaru,Kalimantan Selatan,-3.4478,114.824,0.455,0.473,0.546,28.6
2026-01-28,Banjarbaru,Kalimantan Selatan,-3.4478,114.824,0.556,0.493,0.545,27.0
2026-01-29,Banjarbaru,Kalimantan Selatan,-3.4478,114.824,0.602,0.585,0.545,26.2
2026-01-30,Banjarbaru,Kalimantan Selatan,-3.4478,114.824,0.588,0.593,0.552,27.4
2026-01-31,Banjarbaru,Kalimantan Selatan,-3.4478,114.824,0.591,0.588,0.553,27.4
2026-02-01,Banjarbaru,Kalimantan Selatan,-3.4478,114.824,0.596,0.591,0.553,26.8
2026-02-02,Banjarbaru,Kalimantan Selatan,-3.4478,114.824,0.595,0.592,0.554,26.6
2026-02-03,Banjarbaru,Kalimantan Selatan,-3.4478,114.824,0.594,0.596,0.556,26.6
2026-02-04,Banjarbaru,Kalimantan Selatan,-3.4478,114.824,0.603,0.607,0.569,25.1
2026-02-05,Banjarbaru,Kalimantan Selatan,-3.4478,114.824,0.588,0.597,0.571,26.8
2026-02-06,Banjarbaru,Kalimantan Selatan,-3.4478,114.824,0.586,0.591,0.572,27.0
2026-02-07,Banjarbaru,Kalimantan Selatan,-3.4478,114.824,0.575,0.587,0.572,27.9
2026-02-08,Banjarbaru,Kalimantan Selatan,-3.4478,114.824,0.592,0.587,0.571,27.2
2026-02-09,Banjarbaru,Kalimantan Selatan,-3.4478,114.824,0.586,0.587,0.57,27.6
2026-02-10,Banjarbaru,Kalimantan Selatan,-3.4478,114.824,0.595,0.593,0.571,26.2
2026-02-11,Banjarbaru,Kalimantan Selatan,-3.4478,114.824,0.588,0.594,0.571,27.5
2026-02-12,Banjarbaru,Kalimantan Selatan,-3.4478,114.824,0.594,0.602,0.574,27.2
2026-02-13,Banjarbaru,Kalimantan Selatan,-3.4478,114.824,0.599,0.607,0.581,25.9
2026-02-14,Banjarbaru,Kalimantan Selatan,-3.4478,114.824,0.571,0.592,0.588,27.6
2026-02-15,Banjarbaru,Kalimantan Selatan,-3.4478,114.824,0.562,0.575,0.586,28.0
2026-02-16,Banjarbaru,Kalimantan Selatan,-3.4478,114.824,0.564,0.571,0.584,28.2
2026-02-17,Banjarbaru,Kalimantan Selatan,-3.4478,114.824,0.597,0.605,0.586,27.4
2026-02-18,Banjarbaru,Kalimantan Selatan,-3.4478,114.824,0.594,0.604,0.591,27.2
2026-02-19,Banjarbaru,Kalimantan Selatan,-3.4478,114.824,0.584,0.598,0.594,27.2
2026-02-20,Banjarbaru,Kalimantan Selatan,-3.4478,114.824,0.589,0.592,0.593,27.9
2026-02-21,Banjarbaru,Kalimantan Selatan,-3.4478,114.824,0.597,0.597,0.592,25.9
2026-02-22,Banjarbaru,Kalimantan Selatan,-3.4478,114.824,0.58,0.59,0.591,27.5
2026-02-23,Banjarbaru,Kalimantan Selatan,-3.4478,114.824,0.596,0.596,0.591,26.8
2026-02-24,Banjarbaru,Kalimantan Selatan,-3.4478,114.824,0.605,0.606,0.594,25.3
2026-02-25,Banjarbaru,Kalimantan Selatan,-3.4478,114.824,0.601,0.603,0.597,25.1
2026-02-26,Banjarbaru,Kalimantan Selatan,-3.4478,114.824,0.588,0.598,0.598,26.7
2026-02-27,Banjarbaru,Kalimantan Selatan,-3.4478,114.824,0.557,0.582,0.596,27.7
2026-02-28,Banjarbaru,Kalimantan Selatan,-3.4478,114.824,0.536,0.566,0.593,28.3
2026-03-01,Banjarbaru,Kalimantan Selatan,-3.4478,114.824,0.507,0.553,0.59,28.8
2026-03-02,Banjarbaru,Kalimantan Selatan,-3.4478,114.824,0.485,0.541,0.586,28.5
2026-03-03,Banjarbaru,Kalimantan Selatan,-3.4478,114.824,0.502,0.529,0.583,28.3
2026-03-04,Banjarbaru,Kalimantan Selatan,-3.4478,114.824,0.59,0.555,0.58,27.4
2026-03-05,Banjarbaru,Kalimantan Selatan,-3.4478,114.824,0.571,0.564,0.578,27.7
2026-03-06,Banjarbaru,Kalimantan Selatan,-3.4478,114.824,0.558,0.564,0.576,27.8
2026-03-07,Banjarbaru,Kalimantan Selatan,-3.4478,114.824,0.586,0.568,0.574,27.2
2026-03-08,Banjarbaru,Kalimantan Selatan,-3.4478,114.824,0.593,0.589,0.573,26.6
2026-03-09,Banjarbaru,Kalimantan Selatan,-3.4478,114.824,0.585,0.594,0.574,27.5
2026-03-10,Banjarbaru,Kalimantan Selatan,-3.4478,114.824,0.585,0.596,0.577,27.3
2026-03-11,Banjarbaru,Kalimantan Selatan,-3.4478,114.824,0.597,0.598,0.579,26.7
2026-03-12,Banjarbaru,Kalimantan Selatan,-3.4478,114.824,0.6,0.604,0.586,27.1
2026-03-13,Banjarbaru,Kalimantan Selatan,-3.4478,114.824,0.585,0.599,0.592,27.7
2026-03-14,Banjarbaru,Kalimantan Selatan,-3.4478,114.824,0.574,0.586,0.591,28.1
2026-03-15,Banjarbaru,Kalimantan Selatan,-3.4478,114.824,0.597,0.597,0.591,27.4
2026-03-16,Banjarbaru,Kalimantan Selatan,-3.4478,114.824,0.596,0.603,0.593,26.8
2026-03-17,Banjarbaru,Kalimantan Selatan,-3.4478,114.824,0.587,0.596,0.594,27.2
2026-03-18,Banjarbaru,Kalimantan Selatan,-3.4478,114.824,0.589,0.596,0.593,27.7
2026-03-19,Banjarbaru,Kalimantan Selatan,-3.4478,114.824,0.603,0.604,0.593,26.4
2026-03-20,Banjarbaru,Kalimantan Selatan,-3.4478,114.824,0.601,0.604,0.595,26.1
2026-03-21,Banjarbaru,Kalimantan Selatan,-3.4478,114.824,0.593,0.601,0.597,26.9
2026-03-22,Banjarbaru,Kalimantan Selatan,-3.4478,114.824,0.599,0.602,0.598,26.2
2026-03-23,Banjarbaru,Kalimantan Selatan,-3.4478,114.824,0.59,0.598,0.598,26.9
2026-03-24,Banjarbaru,Kalimantan Selatan,-3.4478,114.824,0.581,0.588,0.596,27.9
2026-03-25,Banjarbaru,Kalimantan Selatan,-3.4478,114.824,0.568,0.578,0.593,28.2
2026-03-26,Banjarbaru,Kalimantan Selatan,-3.4478,114.824,0.559,0.571,0.588,29.1
2026-03-27,Banjarbaru,Kalimantan Selatan,-3.4478,114.824,0.558,0.575,0.585,28.8
2026-03-28,Banjarbaru,Kalimantan Selatan,-3.4478,114.824,0.532,0.568,0.585,28.8
2026-03-29,Banjarbaru,Kalimantan Selatan,-3.4478,114.824,0.529,0.557,0.581,28.5
2026-03-30,Banjarbaru,Kalimantan Selatan,-3.4478,114.824,0.533,0.55,0.577,28.3
2026-03-31,Banjarbaru,Kalimantan Selatan,-3.4478,114.824,0.532,0.54,0.574,28.2
2026-04-01,Banjarbaru,Kalimantan Selatan,-3.4478,114.824,0.52,0.53,0.571,28.9
2026-04-02,Banjarbaru,Kalimantan Selatan,-3.4478,114.824,0.574,0.538,0.568,27.6
2026-04-03,Banjarbaru,Kalimantan Selatan,-3.4478,114.824,0.568,0.561,0.566,27.5
2026-04-04,Banjarbaru,Kalimantan Selatan,-3.4478,114.824,0.539,0.555,0.564,28.6
2026-04-05,Banjarbaru,Kalimantan Selatan,-3.4478,114.824,0.548,0.55,0.561,28.1
2026-04-06,Banjarbaru,Kalimantan Selatan,-3.4478,114.824,0.592,0.591,0.56,27.6
2026-04-07,Banjarbaru,Kalimantan Selatan,-3.4478,114.824,0.583,0.598,0.567,28.0
2026-04-08,Banjarbaru,Kalimantan Selatan,-3.4478,114.824,0.592,0.603,0.58,27.7
2026-04-09,Banjarbaru,Kalimantan Selatan,-3.4478,114.824,0.584,0.598,0.589,28.1
2026-04-10,Banjarbaru,Kalimantan Selatan,-3.4478,114.824,0.579,0.592,0.589,28.2
2026-04-11,Banjarbaru,Kalimantan Selatan,-3.4478,114.824,0.596,0.604,0.592,27.4
2026-04-12,Banjarbaru,Kalimantan Selatan,-3.4478,114.824,0.565,0.596,0.594,28.2
2026-04-13,Banjarbaru,Kalimantan Selatan,-3.4478,114.824,0.582,0.595,0.595,28.2
2026-04-14,Banjarbaru,Kalimantan Selatan,-3.4478,114.824,0.578,0.585,0.594,28.3
2026-04-15,Banjarbaru,Kalimantan Selatan,-3.4478,114.824,0.592,0.601,0.595,27.4
2026-04-16,Banjarbaru,Kalimantan Selatan,-3.4478,114.824,0.587,0.599,0.596,28.1
2026-04-17,Banjarbaru,Kalimantan Selatan,-3.4478,114.824,0.566,0.59,0.596,28.9
2026-04-18,Banjarbaru,Kalimantan Selatan,-3.4478,114.824,0.556,0.575,0.594,28.4
2026-04-19,Banjarbaru,Kalimantan Selatan,-3.4478,114.824,0.572,0.57,0.592,27.8
2026-04-20,Banjarbaru,Kalimantan Selatan,-3.4478,114.824,0.548,0.563,0.59,28.7
2026-04-21,Banjarbaru,Kalimantan Selatan,-3.4478,114.824,0.527,0.556,0.587,28.6
2026-04-22,Banjarbaru,Kalimantan Selatan,-3.4478,114.824,0.54,0.544,0.584,27.3
2026-04-23,Banjarbaru,Kalimantan Selatan,-3.4478,114.824,0.575,0.553,0.582,27.7
2026-04-24,Banjarbaru,Kalimantan Selatan,-3.4478,114.824,0.545,0.559,0.579,29.1
2026-04-25,Banjarbaru,Kalimantan Selatan,-3.4478,114.824,0.502,0.548,0.575,29.2
2026-04-26,Banjarbaru,Kalimantan Selatan,-3.4478,114.824,0.484,0.537,0.572,29.2
2026-04-27,Banjarbaru,Kalimantan Selatan,-3.4478,114.824,0.551,0.536,0.569,28.3
2026-04-28,Banjarbaru,Kalimantan Selatan,-3.4478,114.824,0.56,0.547,0.565,28.9
2026-04-29,Banjarbaru,Kalimantan Selatan,-3.4478,114.824,0.536,0.542,0.562,28.9
2026-04-30,Banjarbaru,Kalimantan Selatan,-3.4478,114.824,0.556,0.54,0.56,27.7
2026-05-01,Banjarbaru,Kalimantan Selatan,-3.4478,114.824,0.588,0.579,0.559,27.5
2026-05-02,Banjarbaru,Kalimantan Selatan,-3.4478,114.824,0.566,0.576,0.558,28.3
2026-05-03,Banjarbaru,Kalimantan Selatan,-3.4478,114.824,0.584,0.588,0.558,27.4
2026-05-04,Banjarbaru,Kalimantan Selatan,-3.4478,114.824,0.591,0.6,0.565,27.6
2026-05-05,Banjarbaru,Kalimantan Selatan,-3.4478,114.824,0.58,0.596,0.573,28.1
2026-05-06,Banjarbaru,Kalimantan Selatan,-3.4478,114.824,0.556,0.581,0.573,28.6
2026-05-07,Banjarbaru,Kalimantan Selatan,-3.4478,114.824,0.548,0.571,0.571,28.5
2026-05-08,Banjarbaru,Kalimantan Selatan,-3.4478,114.824,0.52,0.56,0.568,28.4
2026-05-09,Banjarbaru,Kalimantan Selatan,-3.4478,114.824,0.512,0.55,0.565,28.3
2026-05-10,Banjarbaru,Kalimantan Selatan,-3.4478,114.824,0.577,0.552,0.563,27.5
2026-05-11,Banjarbaru,Kalimantan Selatan,-3.4478,114.824,0.581,0.574,0.562,27.9
2026-05-12,Banjarbaru,Kalimantan Selatan,-3.4478,114.824,0.565,0.574,0.571,28.4
2026-05-13,Banjarbaru,Kalimantan Selatan,-3.4478,114.824,0.586,0.586,0.584,28.5
2026-05-14,Banjarbaru,Kalimantan Selatan,-3.4478,114.824,0.592,0.592,0.583,28.5
2026-05-15,Banjarbaru,Kalimantan Selatan,-3.4478,114.824,0.597,0.606,0.589,27.7
2026-05-16,Banjarbaru,Kalimantan Selatan,-3.4478,114.824,0.596,0.603,0.593,28.3
2026-05-17,Banjarbaru,Kalimantan Selatan,-3.4478,114.824,0.604,0.604,0.597,26.6
2026-05-18,Banjarbaru,Kalimantan Selatan,-3.4478,114.824,0.601,0.602,0.598,26.9
2026-05-19,Banjarbaru,Kalimantan Selatan,-3.4478,114.824,0.591,0.597,0.598,28.3
2026-05-20,Banjarbaru,Kalimantan Selatan,-3.4478,114.824,0.567,0.588,0.597,29.4
2026-05-21,Banjarbaru,Kalimantan Selatan,-3.4478,114.824,0.54,0.572,0.595,30.0
2026-05-22,Banjarbaru,Kalimantan Selatan,-3.4478,114.824,0.52,0.556,0.59,29.9
2026-05-23,Banjarbaru,Kalimantan Selatan,-3.4478,114.824,0.539,0.556,0.589,29.1
2026-05-24,Banjarbaru,Kalimantan Selatan,-3.4478,114.824,0.553,0.557,0.587,28.9
2026-05-25,Banjarbaru,Kalimantan Selatan,-3.4478,114.824,0.58,0.573,0.585,28.5
2026-05-26,Banjarbaru,Kalimantan Selatan,-3.4478,114.824,0.598,0.594,0.584,27.4
2026-05-27,Banjarbaru,Kalimantan Selatan,-3.4478,114.824,0.588,0.597,0.586,28.3
2026-05-28,Banjarbaru,Kalimantan Selatan,-3.4478,114.824,0.582,0.589,0.585,28.4
2026-05-29,Banjarbaru,Kalimantan Selatan,-3.4478,114.824,0.566,0.579,0.581,28.4
2026-05-30,Banjarbaru,Kalimantan Selatan,-3.4478,114.824,0.546,0.571,0.58,28.2
2026-05-31,Banjarbaru,Kalimantan Selatan,-3.4478,114.824,0.534,0.562,0.578,28.6
2024-08-01,Banjarmasin,Kalimantan Selatan,-3.3194,114.5897,0.285,0.239,0.308,27.7
2024-08-02,Banjarmasin,Kalimantan Selatan,-3.3194,114.5897,0.329,0.235,0.304,27.1
2024-08-03,Banjarmasin,Kalimantan Selatan,-3.3194,114.5897,0.33,0.25,0.306,27.2
2024-08-04,Banjarmasin,Kalimantan Selatan,-3.3194,114.5897,0.294,0.249,0.303,27.3
2024-08-05,Banjarmasin,Kalimantan Selatan,-3.3194,114.5897,0.271,0.246,0.3,27.1
2024-08-06,Banjarmasin,Kalimantan Selatan,-3.3194,114.5897,0.313,0.251,0.297,26.4
2024-08-07,Banjarmasin,Kalimantan Selatan,-3.3194,114.5897,0.383,0.306,0.296,25.7
2024-08-08,Banjarmasin,Kalimantan Selatan,-3.3194,114.5897,0.375,0.347,0.292,26.3
2024-08-09,Banjarmasin,Kalimantan Selatan,-3.3194,114.5897,0.37,0.351,0.285,26.5
2024-08-10,Banjarmasin,Kalimantan Selatan,-3.3194,114.5897,0.345,0.342,0.282,26.7
2024-08-11,Banjarmasin,Kalimantan Selatan,-3.3194,114.5897,0.325,0.331,0.279,26.8
2024-08-12,Banjarmasin,Kalimantan Selatan,-3.3194,114.5897,0.318,0.321,0.278,26.7
2024-08-13,Banjarmasin,Kalimantan Selatan,-3.3194,114.5897,0.312,0.313,0.278,26.9
2024-08-14,Banjarmasin,Kalimantan Selatan,-3.3194,114.5897,0.301,0.304,0.274,27.3
2024-08-15,Banjarmasin,Kalimantan Selatan,-3.3194,114.5897,0.288,0.296,0.272,27.5
2024-08-16,Banjarmasin,Kalimantan Selatan,-3.3194,114.5897,0.291,0.289,0.271,26.9
2024-08-17,Banjarmasin,Kalimantan Selatan,-3.3194,114.5897,0.32,0.287,0.27,27.4
2024-08-18,Banjarmasin,Kalimantan Selatan,-3.3194,114.5897,0.302,0.284,0.266,27.7
2024-08-19,Banjarmasin,Kalimantan Selatan,-3.3194,114.5897,0.284,0.277,0.263,27.8
2024-08-20,Banjarmasin,Kalimantan Selatan,-3.3194,114.5897,0.28,0.272,0.263,27.3
2024-08-21,Banjarmasin,Kalimantan Selatan,-3.3194,114.5897,0.312,0.267,0.261,27.0
2024-08-22,Banjarmasin,Kalimantan Selatan,-3.3194,114.5897,0.302,0.258,0.25,26.5
2024-08-23,Banjarmasin,Kalimantan Selatan,-3.3194,114.5897,0.312,0.26,0.252,26.7
2024-08-24,Banjarmasin,Kalimantan Selatan,-3.3194,114.5897,0.304,0.26,0.251,27.0
2024-08-25,Banjarmasin,Kalimantan Selatan,-3.3194,114.5897,0.292,0.259,0.251,27.4
2024-08-26,Banjarmasin,Kalimantan Selatan,-3.3194,114.5897,0.282,0.255,0.25,27.3
2024-08-27,Banjarmasin,Kalimantan Selatan,-3.3194,114.5897,0.29,0.25,0.249,26.6
2024-08-28,Banjarmasin,Kalimantan Selatan,-3.3194,114.5897,0.361,0.261,0.248,26.1
2024-08-29,Banjarmasin,Kalimantan Selatan,-3.3194,114.5897,0.35,0.274,0.248,26.5
2024-08-30,Banjarmasin,Kalimantan Selatan,-3.3194,114.5897,0.353,0.283,0.245,27.0
2024-08-31,Banjarmasin,Kalimantan Selatan,-3.3194,114.5897,0.356,0.294,0.24,27.3
2024-09-01,Banjarmasin,Kalimantan Selatan,-3.3194,114.5897,0.38,0.325,0.237,27.2
2024-09-02,Banjarmasin,Kalimantan Selatan,-3.3194,114.5897,0.357,0.332,0.235,27.5
2024-09-03,Banjarmasin,Kalimantan Selatan,-3.3194,114.5897,0.327,0.322,0.233,27.8
2024-09-04,Banjarmasin,Kalimantan Selatan,-3.3194,114.5897,0.313,0.311,0.231,27.6
2024-09-05,Banjarmasin,Kalimantan Selatan,-3.3194,114.5897,0.352,0.31,0.229,27.1
2024-09-06,Banjarmasin,Kalimantan Selatan,-3.3194,114.5897,0.357,0.33,0.229,27.3
2024-09-07,Banjarmasin,Kalimantan Selatan,-3.3194,114.5897,0.337,0.323,0.23,27.5
2024-09-08,Banjarmasin,Kalimantan Selatan,-3.3194,114.5897,0.369,0.331,0.233,27.1
2024-09-09,Banjarmasin,Kalimantan Selatan,-3.3194,114.5897,0.391,0.366,0.235,27.0
2024-09-10,Banjarmasin,Kalimantan Selatan,-3.3194,114.5897,0.395,0.377,0.237,26.7
2024-09-11,Banjarmasin,Kalimantan Selatan,-3.3194,114.5897,0.37,0.368,0.242,27.3
2024-09-12,Banjarmasin,Kalimantan Selatan,-3.3194,114.5897,0.343,0.351,0.242,27.3
2024-09-13,Banjarmasin,Kalimantan Selatan,-3.3194,114.5897,0.324,0.335,0.241,27.2
2024-09-14,Banjarmasin,Kalimantan Selatan,-3.3194,114.5897,0.305,0.32,0.239,27.4
2024-09-15,Banjarmasin,Kalimantan Selatan,-3.3194,114.5897,0.288,0.307,0.237,27.6
2024-09-16,Banjarmasin,Kalimantan Selatan,-3.3194,114.5897,0.274,0.295,0.235,27.8
2024-09-17,Banjarmasin,Kalimantan Selatan,-3.3194,114.5897,0.266,0.286,0.234,28.1
2024-09-18,Banjarmasin,Kalimantan Selatan,-3.3194,114.5897,0.257,0.278,0.234,28.1
2024-09-19,Banjarmasin,Kalimantan Selatan,-3.3194,114.5897,0.245,0.269,0.234,28.2
2024-09-20,Banjarmasin,Kalimantan Selatan,-3.3194,114.5897,0.233,0.26,0.232,29.0
2024-09-21,Banjarmasin,Kalimantan Selatan,-3.3194,114.5897,0.223,0.252,0.231,29.4
2024-09-22,Banjarmasin,Kalimantan Selatan,-3.3194,114.5897,0.222,0.246,0.231,29.4
2024-09-23,Banjarmasin,Kalimantan Selatan,-3.3194,114.5897,0.289,0.24,0.228,27.9
2024-09-24,Banjarmasin,Kalimantan Selatan,-3.3194,114.5897,0.296,0.239,0.228,28.5
2024-09-25,Banjarmasin,Kalimantan Selatan,-3.3194,114.5897,0.353,0.256,0.231,27.8
2024-09-26,Banjarmasin,Kalimantan Selatan,-3.3194,114.5897,0.313,0.262,0.231,28.4
2024-09-27,Banjarmasin,Kalimantan Selatan,-3.3194,114.5897,0.306,0.26,0.23,28.1
2024-09-28,Banjarmasin,Kalimantan Selatan,-3.3194,114.5897,0.306,0.258,0.23,27.9
2024-09-29,Banjarmasin,Kalimantan Selatan,-3.3194,114.5897,0.364,0.289,0.23,26.8
2024-09-30,Banjarmasin,Kalimantan Selatan,-3.3194,114.5897,0.348,0.286,0.229,26.9
2024-10-01,Banjarmasin,Kalimantan Selatan,-3.3194,114.5897,0.328,0.288,0.23,27.4
2024-10-02,Banjarmasin,Kalimantan Selatan,-3.3194,114.5897,0.354,0.298,0.229,26.7
2024-10-03,Banjarmasin,Kalimantan Selatan,-3.3194,114.5897,0.38,0.326,0.231,26.3
2024-10-04,Banjarmasin,Kalimantan Selatan,-3.3194,114.5897,0.399,0.371,0.233,26.4
2024-10-05,Banjarmasin,Kalimantan Selatan,-3.3194,114.5897,0.398,0.386,0.238,26.8
2024-10-06,Banjarmasin,Kalimantan Selatan,-3.3194,114.5897,0.367,0.368,0.242,27.7
2024-10-07,Banjarmasin,Kalimantan Selatan,-3.3194,114.5897,0.351,0.35,0.242,27.5
2024-10-08,Banjarmasin,Kalimantan Selatan,-3.3194,114.5897,0.33,0.335,0.242,27.8
2024-10-09,Banjarmasin,Kalimantan Selatan,-3.3194,114.5897,0.326,0.325,0.242,27.8
2024-10-10,Banjarmasin,Kalimantan Selatan,-3.3194,114.5897,0.363,0.325,0.241,27.3
2024-10-11,Banjarmasin,Kalimantan Selatan,-3.3194,114.5897,0.373,0.337,0.242,27.6
2024-10-12,Banjarmasin,Kalimantan Selatan,-3.3194,114.5897,0.347,0.33,0.244,27.9
2024-10-13,Banjarmasin,Kalimantan Selatan,-3.3194,114.5897,0.385,0.333,0.244,27.5
2024-10-14,Banjarmasin,Kalimantan Selatan,-3.3194,114.5897,0.359,0.328,0.247,27.5
2024-10-15,Banjarmasin,Kalimantan Selatan,-3.3194,114.5897,0.36,0.325,0.245,27.1
2024-10-16,Banjarmasin,Kalimantan Selatan,-3.3194,114.5897,0.379,0.344,0.246,26.8
2024-10-17,Banjarmasin,Kalimantan Selatan,-3.3194,114.5897,0.407,0.389,0.25,26.4
2024-10-18,Banjarmasin,Kalimantan Selatan,-3.3194,114.5897,0.407,0.401,0.261,26.8
2024-10-19,Banjarmasin,Kalimantan Selatan,-3.3194,114.5897,0.407,0.402,0.268,26.6
2024-10-20,Banjarmasin,Kalimantan Selatan,-3.3194,114.5897,0.382,0.376,0.271,27.6
2024-10-21,Banjarmasin,Kalimantan Selatan,-3.3194,114.5897,0.373,0.365,0.274,27.0
2024-10-22,Banjarmasin,Kalimantan Selatan,-3.3194,114.5897,0.342,0.342,0.274,27.9
2024-10-23,Banjarmasin,Kalimantan Selatan,-3.3194,114.5897,0.323,0.33,0.274,28.0
2024-10-24,Banjarmasin,Kalimantan Selatan,-3.3194,114.5897,0.31,0.319,0.272,28.5
2024-10-25,Banjarmasin,Kalimantan Selatan,-3.3194,114.5897,0.295,0.308,0.271,28.4
2024-10-26,Banjarmasin,Kalimantan Selatan,-3.3194,114.5897,0.279,0.297,0.27,28.5
2024-10-27,Banjarmasin,Kalimantan Selatan,-3.3194,114.5897,0.265,0.287,0.268,29.2
2024-10-28,Banjarmasin,Kalimantan Selatan,-3.3194,114.5897,0.27,0.28,0.267,28.8
2024-10-29,Banjarmasin,Kalimantan Selatan,-3.3194,114.5897,0.274,0.274,0.266,28.5
2024-10-30,Banjarmasin,Kalimantan Selatan,-3.3194,114.5897,0.282,0.272,0.265,28.4
2024-10-31,Banjarmasin,Kalimantan Selatan,-3.3194,114.5897,0.321,0.266,0.263,27.6
2024-11-01,Banjarmasin,Kalimantan Selatan,-3.3194,114.5897,0.342,0.28,0.265,27.4
2024-11-02,Banjarmasin,Kalimantan Selatan,-3.3194,114.5897,0.413,0.367,0.267,26.6
2024-11-03,Banjarmasin,Kalimantan Selatan,-3.3194,114.5897,0.418,0.401,0.272,26.1
2024-11-04,Banjarmasin,Kalimantan Selatan,-3.3194,114.5897,0.409,0.403,0.28,26.2
2024-11-05,Banjarmasin,Kalimantan Selatan,-3.3194,114.5897,0.393,0.395,0.288,27.1
2024-11-06,Banjarmasin,Kalimantan Selatan,-3.3194,114.5897,0.375,0.378,0.292,27.1
2024-11-07,Banjarmasin,Kalimantan Selatan,-3.3194,114.5897,0.368,0.363,0.292,27.4
2024-11-08,Banjarmasin,Kalimantan Selatan,-3.3194,114.5897,0.363,0.349,0.291,27.8
2024-11-09,Banjarmasin,Kalimantan Selatan,-3.3194,114.5897,0.401,0.367,0.293,27.5
2024-11-10,Banjarmasin,Kalimantan Selatan,-3.3194,114.5897,0.388,0.37,0.294,27.5
2024-11-11,Banjarmasin,Kalimantan Selatan,-3.3194,114.5897,0.397,0.379,0.295,26.7
2024-11-12,Banjarmasin,Kalimantan Selatan,-3.3194,114.5897,0.42,0.419,0.31,26.4
2024-11-13,Banjarmasin,Kalimantan Selatan,-3.3194,114.5897,0.377,0.392,0.304,28.8
2024-11-14,Banjarmasin,Kalimantan Selatan,-3.3194,114.5897,0.373,0.374,0.305,28.3
2024-11-15,Banjarmasin,Kalimantan Selatan,-3.3194,114.5897,0.339,0.345,0.296,28.7
2024-11-16,Banjarmasin,Kalimantan Selatan,-3.3194,114.5897,0.416,0.382,0.294,27.8
2024-11-17,Banjarmasin,Kalimantan Selatan,-3.3194,114.5897,0.414,0.404,0.3,27.9
2024-11-18,Banjarmasin,Kalimantan Selatan,-3.3194,114.5897,0.405,0.399,0.307,28.1
2024-11-19,Banjarmasin,Kalimantan Selatan,-3.3194,114.5897,0.408,0.404,0.312,27.9
2024-11-20,Banjarmasin,Kalimantan Selatan,-3.3194,114.5897,0.412,0.394,0.319,27.9
2024-11-21,Banjarmasin,Kalimantan Selatan,-3.3194,114.5897,0.419,0.413,0.325,28.0
2024-11-22,Banjarmasin,Kalimantan Selatan,-3.3194,114.5897,0.421,0.42,0.334,28.3
2024-11-23,Banjarmasin,Kalimantan Selatan,-3.3194,114.5897,0.423,0.421,0.335,27.6
2024-11-24,Banjarmasin,Kalimantan Selatan,-3.3194,114.5897,0.421,0.418,0.341,27.5
2024-11-25,Banjarmasin,Kalimantan Selatan,-3.3194,114.5897,0.418,0.415,0.351,27.4
2024-11-26,Banjarmasin,Kalimantan Selatan,-3.3194,114.5897,0.409,0.408,0.356,27.8
2024-11-27,Banjarmasin,Kalimantan Selatan,-3.3194,114.5897,0.413,0.406,0.361,27.6
2024-11-28,Banjarmasin,Kalimantan Selatan,-3.3194,114.5897,0.412,0.404,0.364,26.6
2024-11-29,Banjarmasin,Kalimantan Selatan,-3.3194,114.5897,0.405,0.403,0.367,26.6
2024-11-30,Banjarmasin,Kalimantan Selatan,-3.3194,114.5897,0.403,0.401,0.37,26.7
2024-12-01,Banjarmasin,Kalimantan Selatan,-3.3194,114.5897,0.398,0.398,0.372,26.3
2024-12-02,Banjarmasin,Kalimantan Selatan,-3.3194,114.5897,0.401,0.396,0.374,27.2
2024-12-03,Banjarmasin,Kalimantan Selatan,-3.3194,114.5897,0.401,0.397,0.375,26.8
2024-12-04,Banjarmasin,Kalimantan Selatan,-3.3194,114.5897,0.39,0.395,0.377,26.8
2024-12-05,Banjarmasin,Kalimantan Selatan,-3.3194,114.5897,0.4,0.393,0.377,25.9
2024-12-06,Banjarmasin,Kalimantan Selatan,-3.3194,114.5897,0.381,0.393,0.378,26.8
2024-12-07,Banjarmasin,Kalimantan Selatan,-3.3194,114.5897,0.356,0.384,0.378,28.5
2024-12-08,Banjarmasin,Kalimantan Selatan,-3.3194,114.5897,0.377,0.38,0.378,28.3
2024-12-09,Banjarmasin,Kalimantan Selatan,-3.3194,114.5897,0.401,0.386,0.377,27.2
2024-12-10,Banjarmasin,Kalimantan Selatan,-3.3194,114.5897,0.4,0.393,0.378,27.2
2024-12-11,Banjarmasin,Kalimantan Selatan,-3.3194,114.5897,0.402,0.394,0.378,26.8
2024-12-12,Banjarmasin,Kalimantan Selatan,-3.3194,114.5897,0.39,0.394,0.379,27.5
2024-12-13,Banjarmasin,Kalimantan Selatan,-3.3194,114.5897,0.386,0.393,0.379,28.0
2024-12-14,Banjarmasin,Kalimantan Selatan,-3.3194,114.5897,0.39,0.392,0.38,28.2
2024-12-15,Banjarmasin,Kalimantan Selatan,-3.3194,114.5897,0.387,0.393,0.381,26.6
2024-12-16,Banjarmasin,Kalimantan Selatan,-3.3194,114.5897,0.387,0.389,0.381,27.2
2024-12-17,Banjarmasin,Kalimantan Selatan,-3.3194,114.5897,0.368,0.382,0.38,28.2
2024-12-18,Banjarmasin,Kalimantan Selatan,-3.3194,114.5897,0.405,0.384,0.38,27.7
2024-12-19,Banjarmasin,Kalimantan Selatan,-3.3194,114.5897,0.402,0.383,0.38,26.8
2024-12-20,Banjarmasin,Kalimantan Selatan,-3.3194,114.5897,0.396,0.388,0.38,26.6
2024-12-21,Banjarmasin,Kalimantan Selatan,-3.3194,114.5897,0.388,0.383,0.38,27.6
2024-12-22,Banjarmasin,Kalimantan Selatan,-3.3194,114.5897,0.397,0.386,0.38,27.3
2024-12-23,Banjarmasin,Kalimantan Selatan,-3.3194,114.5897,0.392,0.388,0.38,27.6
2024-12-24,Banjarmasin,Kalimantan Selatan,-3.3194,114.5897,0.398,0.389,0.381,26.6
2024-12-25,Banjarmasin,Kalimantan Selatan,-3.3194,114.5897,0.384,0.391,0.381,27.6
2024-12-26,Banjarmasin,Kalimantan Selatan,-3.3194,114.5897,0.392,0.388,0.381,27.6
2024-12-27,Banjarmasin,Kalimantan Selatan,-3.3194,114.5897,0.386,0.383,0.381,27.8
2024-12-28,Banjarmasin,Kalimantan Selatan,-3.3194,114.5897,0.354,0.372,0.38,28.0
2024-12-29,Banjarmasin,Kalimantan Selatan,-3.3194,114.5897,0.361,0.372,0.379,27.9
2024-12-30,Banjarmasin,Kalimantan Selatan,-3.3194,114.5897,0.351,0.359,0.378,28.3
2024-12-31,Banjarmasin,Kalimantan Selatan,-3.3194,114.5897,0.382,0.358,0.377,27.6
2025-01-01,Banjarmasin,Kalimantan Selatan,-3.3194,114.5897,0.391,0.351,0.376,27.3
2025-01-02,Banjarmasin,Kalimantan Selatan,-3.3194,114.5897,0.405,0.372,0.374,27.8
2025-01-03,Banjarmasin,Kalimantan Selatan,-3.3194,114.5897,0.399,0.386,0.374,27.6
2025-01-04,Banjarmasin,Kalimantan Selatan,-3.3194,114.5897,0.398,0.388,0.375,26.9
2025-01-05,Banjarmasin,Kalimantan Selatan,-3.3194,114.5897,0.396,0.386,0.375,27.0
2025-01-06,Banjarmasin,Kalimantan Selatan,-3.3194,114.5897,0.389,0.388,0.376,28.0
2025-01-07,Banjarmasin,Kalimantan Selatan,-3.3194,114.5897,0.393,0.374,0.375,28.2
2025-01-08,Banjarmasin,Kalimantan Selatan,-3.3194,114.5897,0.406,0.389,0.375,27.4
2025-01-09,Banjarmasin,Kalimantan Selatan,-3.3194,114.5897,0.389,0.393,0.376,28.0
2025-01-10,Banjarmasin,Kalimantan Selatan,-3.3194,114.5897,0.388,0.393,0.377,27.9
2025-01-11,Banjarmasin,Kalimantan Selatan,-3.3194,114.5897,0.392,0.392,0.377,27.5
2025-01-12,Banjarmasin,Kalimantan Selatan,-3.3194,114.5897,0.395,0.393,0.378,26.7
2025-01-13,Banjarmasin,Kalimantan Selatan,-3.3194,114.5897,0.397,0.393,0.379,27.3
2025-01-14,Banjarmasin,Kalimantan Selatan,-3.3194,114.5897,0.398,0.393,0.379,26.8
2025-01-15,Banjarmasin,Kalimantan Selatan,-3.3194,114.5897,0.395,0.393,0.38,27.0
2025-01-16,Banjarmasin,Kalimantan Selatan,-3.3194,114.5897,0.389,0.392,0.38,26.9
2025-01-17,Banjarmasin,Kalimantan Selatan,-3.3194,114.5897,0.377,0.386,0.38,28.0
2025-01-18,Banjarmasin,Kalimantan Selatan,-3.3194,114.5897,0.406,0.386,0.38,27.6
2025-01-19,Banjarmasin,Kalimantan Selatan,-3.3194,114.5897,0.403,0.392,0.38,26.4
2025-01-20,Banjarmasin,Kalimantan Selatan,-3.3194,114.5897,0.395,0.392,0.381,26.6
2025-01-21,Banjarmasin,Kalimantan Selatan,-3.3194,114.5897,0.398,0.392,0.381,25.9
2025-01-22,Banjarmasin,Kalimantan Selatan,-3.3194,114.5897,0.393,0.392,0.382,26.6
2025-01-23,Banjarmasin,Kalimantan Selatan,-3.3194,114.5897,0.389,0.391,0.382,25.9
2025-01-24,Banjarmasin,Kalimantan Selatan,-3.3194,114.5897,0.366,0.385,0.382,27.3
2025-01-25,Banjarmasin,Kalimantan Selatan,-3.3194,114.5897,0.39,0.386,0.382,27.5
2025-01-26,Banjarmasin,Kalimantan Selatan,-3.3194,114.5897,0.397,0.392,0.382,26.3
2025-01-27,Banjarmasin,Kalimantan Selatan,-3.3194,114.5897,0.392,0.392,0.382,26.7
2025-01-28,Banjarmasin,Kalimantan Selatan,-3.3194,114.5897,0.392,0.39,0.382,26.7
2025-01-29,Banjarmasin,Kalimantan Selatan,-3.3194,114.5897,0.391,0.39,0.383,26.9
2025-01-30,Banjarmasin,Kalimantan Selatan,-3.3194,114.5897,0.397,0.391,0.383,25.9
2025-01-31,Banjarmasin,Kalimantan Selatan,-3.3194,114.5897,0.389,0.39,0.383,27.3
2025-02-01,Banjarmasin,Kalimantan Selatan,-3.3194,114.5897,0.373,0.387,0.383,27.1
2025-02-02,Banjarmasin,Kalimantan Selatan,-3.3194,114.5897,0.341,0.379,0.382,28.5
2025-02-03,Banjarmasin,Kalimantan Selatan,-3.3194,114.5897,0.327,0.372,0.381,28.9
2025-02-04,Banjarmasin,Kalimantan Selatan,-3.3194,114.5897,0.343,0.363,0.379,29.2
2025-02-05,Banjarmasin,Kalimantan Selatan,-3.3194,114.5897,0.339,0.361,0.378,29.1
2025-02-06,Banjarmasin,Kalimantan Selatan,-3.3194,114.5897,0.372,0.354,0.377,28.2
2025-02-07,Banjarmasin,Kalimantan Selatan,-3.3194,114.5897,0.405,0.384,0.376,27.0
2025-02-08,Banjarmasin,Kalimantan Selatan,-3.3194,114.5897,0.401,0.391,0.378,27.3
2025-02-09,Banjarmasin,Kalimantan Selatan,-3.3194,114.5897,0.392,0.39,0.378,27.5
2025-02-10,Banjarmasin,Kalimantan Selatan,-3.3194,114.5897,0.381,0.382,0.376,27.6
2025-02-11,Banjarmasin,Kalimantan Selatan,-3.3194,114.5897,0.399,0.392,0.359,27.5
2025-02-12,Banjarmasin,Kalimantan Selatan,-3.3194,114.5897,0.374,0.387,0.344,28.1
2025-02-13,Banjarmasin,Kalimantan Selatan,-3.3194,114.5897,0.33,0.359,0.318,28.4
2025-02-14,Banjarmasin,Kalimantan Selatan,-3.3194,114.5897,0.322,0.341,0.306,28.1
2025-02-15,Banjarmasin,Kalimantan Selatan,-3.3194,114.5897,0.401,0.367,0.288,27.1
2025-02-16,Banjarmasin,Kalimantan Selatan,-3.3194,114.5897,0.365,0.349,0.282,28.0
2025-02-17,Banjarmasin,Kalimantan Selatan,-3.3194,114.5897,0.4,0.373,0.27,27.3
2025-02-18,Banjarmasin,Kalimantan Selatan,-3.3194,114.5897,0.402,0.372,0.259,27.5
2025-02-19,Banjarmasin,Kalimantan Selatan,-3.3194,114.5897,0.402,0.378,0.26,27.8
2025-02-20,Banjarmasin,Kalimantan Selatan,-3.3194,114.5897,0.398,0.381,0.264,27.3
2025-02-21,Banjarmasin,Kalimantan Selatan,-3.3194,114.5897,0.401,0.387,0.27,27.7
2025-02-22,Banjarmasin,Kalimantan Selatan,-3.3194,114.5897,0.389,0.37,0.272,27.6
2025-02-23,Banjarmasin,Kalimantan Selatan,-3.3194,114.5897,0.398,0.392,0.276,27.0
2025-02-24,Banjarmasin,Kalimantan Selatan,-3.3194,114.5897,0.403,0.4,0.286,27.1
2025-02-25,Banjarmasin,Kalimantan Selatan,-3.3194,114.5897,0.413,0.403,0.3,27.3
2025-02-26,Banjarmasin,Kalimantan Selatan,-3.3194,114.5897,0.426,0.428,0.323,25.9
2025-02-27,Banjarmasin,Kalimantan Selatan,-3.3194,114.5897,0.406,0.411,0.34,27.4
2025-02-28,Banjarmasin,Kalimantan Selatan,-3.3194,114.5897,0.414,0.406,0.346,27.3
2025-03-01,Banjarmasin,Kalimantan Selatan,-3.3194,114.5897,0.404,0.408,0.353,28.2
2025-03-02,Banjarmasin,Kalimantan Selatan,-3.3194,114.5897,0.391,0.397,0.356,28.0
2025-03-03,Banjarmasin,Kalimantan Selatan,-3.3194,114.5897,0.372,0.386,0.359,28.8
2025-03-04,Banjarmasin,Kalimantan Selatan,-3.3194,114.5897,0.368,0.361,0.361,27.8
2025-03-05,Banjarmasin,Kalimantan Selatan,-3.3194,114.5897,0.387,0.364,0.372,28.1
2025-03-06,Banjarmasin,Kalimantan Selatan,-3.3194,114.5897,0.398,0.379,0.373,28.0
2025-03-07,Banjarmasin,Kalimantan Selatan,-3.3194,114.5897,0.406,0.397,0.374,26.2
2025-03-08,Banjarmasin,Kalimantan Selatan,-3.3194,114.5897,0.392,0.395,0.375,27.5
2025-03-09,Banjarmasin,Kalimantan Selatan,-3.3194,114.5897,0.404,0.392,0.376,27.1
2025-03-10,Banjarmasin,Kalimantan Selatan,-3.3194,114.5897,0.395,0.392,0.376,27.4
2025-03-11,Banjarmasin,Kalimantan Selatan,-3.3194,114.5897,0.357,0.378,0.376,27.5
2025-03-12,Banjarmasin,Kalimantan Selatan,-3.3194,114.5897,0.357,0.358,0.376,28.3
2025-03-13,Banjarmasin,Kalimantan Selatan,-3.3194,114.5897,0.399,0.375,0.377,28.4
2025-03-14,Banjarmasin,Kalimantan Selatan,-3.3194,114.5897,0.404,0.39,0.377,28.0
2025-03-15,Banjarmasin,Kalimantan Selatan,-3.3194,114.5897,0.391,0.386,0.378,27.4
2025-03-16,Banjarmasin,Kalimantan Selatan,-3.3194,114.5897,0.39,0.391,0.379,27.9
2025-03-17,Banjarmasin,Kalimantan Selatan,-3.3194,114.5897,0.383,0.389,0.379,27.8
2025-03-18,Banjarmasin,Kalimantan Selatan,-3.3194,114.5897,0.392,0.383,0.38,27.4
2025-03-19,Banjarmasin,Kalimantan Selatan,-3.3194,114.5897,0.401,0.383,0.38,27.5
2025-03-20,Banjarmasin,Kalimantan Selatan,-3.3194,114.5897,0.406,0.391,0.379,26.5
2025-03-21,Banjarmasin,Kalimantan Selatan,-3.3194,114.5897,0.395,0.393,0.38,26.7
2025-03-22,Banjarmasin,Kalimantan Selatan,-3.3194,114.5897,0.397,0.393,0.38,26.1
2025-03-23,Banjarmasin,Kalimantan Selatan,-3.3194,114.5897,0.38,0.391,0.381,27.5
2025-03-24,Banjarmasin,Kalimantan Selatan,-3.3194,114.5897,0.387,0.384,0.381,28.0
2025-03-25,Banjarmasin,Kalimantan Selatan,-3.3194,114.5897,0.39,0.37,0.381,27.7
2025-03-26,Banjarmasin,Kalimantan Selatan,-3.3194,114.5897,0.363,0.357,0.383,28.3
2025-03-27,Banjarmasin,Kalimantan Selatan,-3.3194,114.5897,0.351,0.35,0.383,29.2
2025-03-28,Banjarmasin,Kalimantan Selatan,-3.3194,114.5897,0.358,0.34,0.381,28.9
2025-03-29,Banjarmasin,Kalimantan Selatan,-3.3194,114.5897,0.404,0.368,0.38,27.6
2025-03-30,Banjarmasin,Kalimantan Selatan,-3.3194,114.5897,0.376,0.386,0.38,27.8
2025-03-31,Banjarmasin,Kalimantan Selatan,-3.3194,114.5897,0.383,0.378,0.38,28.3
2025-04-01,Banjarmasin,Kalimantan Selatan,-3.3194,114.5897,0.404,0.385,0.38,26.5
2025-04-02,Banjarmasin,Kalimantan Selatan,-3.3194,114.5897,0.387,0.391,0.38,27.6
2025-04-03,Banjarmasin,Kalimantan Selatan,-3.3194,114.5897,0.375,0.385,0.38,27.9
2025-04-04,Banjarmasin,Kalimantan Selatan,-3.3194,114.5897,0.397,0.388,0.38,28.0
2025-04-05,Banjarmasin,Kalimantan Selatan,-3.3194,114.5897,0.389,0.393,0.381,27.2
2025-04-06,Banjarmasin,Kalimantan Selatan,-3.3194,114.5897,0.397,0.391,0.382,25.7
2025-04-07,Banjarmasin,Kalimantan Selatan,-3.3194,114.5897,0.38,0.389,0.382,27.8
2025-04-08,Banjarmasin,Kalimantan Selatan,-3.3194,114.5897,0.369,0.377,0.382,27.8
2025-04-09,Banjarmasin,Kalimantan Selatan,-3.3194,114.5897,0.399,0.389,0.382,26.9
2025-04-10,Banjarmasin,Kalimantan Selatan,-3.3194,114.5897,0.386,0.387,0.382,28.4
2025-04-11,Banjarmasin,Kalimantan Selatan,-3.3194,114.5897,0.403,0.388,0.382,27.2
2025-04-12,Banjarmasin,Kalimantan Selatan,-3.3194,114.5897,0.39,0.381,0.383,27.5
2025-04-13,Banjarmasin,Kalimantan Selatan,-3.3194,114.5897,0.394,0.387,0.383,27.0
2025-04-14,Banjarmasin,Kalimantan Selatan,-3.3194,114.5897,0.387,0.389,0.382,28.0
2025-04-15,Banjarmasin,Kalimantan Selatan,-3.3194,114.5897,0.397,0.392,0.382,26.1
2025-04-16,Banjarmasin,Kalimantan Selatan,-3.3194,114.5897,0.388,0.39,0.382,28.0
2025-04-17,Banjarmasin,Kalimantan Selatan,-3.3194,114.5897,0.386,0.39,0.382,27.6
2025-04-18,Banjarmasin,Kalimantan Selatan,-3.3194,114.5897,0.385,0.388,0.383,27.6
2025-04-19,Banjarmasin,Kalimantan Selatan,-3.3194,114.5897,0.347,0.38,0.383,29.0
2025-04-20,Banjarmasin,Kalimantan Selatan,-3.3194,114.5897,0.344,0.359,0.382,29.2
2025-04-21,Banjarmasin,Kalimantan Selatan,-3.3194,114.5897,0.401,0.367,0.381,27.4
2025-04-22,Banjarmasin,Kalimantan Selatan,-3.3194,114.5897,0.369,0.358,0.38,27.7
2025-04-23,Banjarmasin,Kalimantan Selatan,-3.3194,114.5897,0.356,0.356,0.383,28.4
2025-04-24,Banjarmasin,Kalimantan Selatan,-3.3194,114.5897,0.385,0.355,0.382,27.4
2025-04-25,Banjarmasin,Kalimantan Selatan,-3.3194,114.5897,0.385,0.36,0.381,27.7
2025-04-26,Banjarmasin,Kalimantan Selatan,-3.3194,114.5897,0.369,0.352,0.38,27.9
2025-04-27,Banjarmasin,Kalimantan Selatan,-3.3194,114.5897,0.359,0.347,0.379,27.9
2025-04-28,Banjarmasin,Kalimantan Selatan,-3.3194,114.5897,0.323,0.337,0.378,28.2
2025-04-29,Banjarmasin,Kalimantan Selatan,-3.3194,114.5897,0.327,0.327,0.377,27.9
2025-04-30,Banjarmasin,Kalimantan Selatan,-3.3194,114.5897,0.347,0.332,0.376,28.4
2025-05-01,Banjarmasin,Kalimantan Selatan,-3.3194,114.5897,0.342,0.34,0.374,28.9
2025-05-02,Banjarmasin,Kalimantan Selatan,-3.3194,114.5897,0.297,0.324,0.373,28.8
2025-05-03,Banjarmasin,Kalimantan Selatan,-3.3194,114.5897,0.247,0.303,0.375,29.2
2025-05-04,Banjarmasin,Kalimantan Selatan,-3.3194,114.5897,0.215,0.278,0.375,29.5
2025-05-05,Banjarmasin,Kalimantan Selatan,-3.3194,114.5897,0.199,0.268,0.373,29.2
2025-05-06,Banjarmasin,Kalimantan Selatan,-3.3194,114.5897,0.18,0.267,0.37,29.4
2025-05-07,Banjarmasin,Kalimantan Selatan,-3.3194,114.5897,0.21,0.269,0.368,29.2
2025-05-08,Banjarmasin,Kalimantan Selatan,-3.3194,114.5897,0.2,0.263,0.355,29.7
2025-05-09,Banjarmasin,Kalimantan Selatan,-3.3194,114.5897,0.372,0.291,0.345,27.5
2025-05-10,Banjarmasin,Kalimantan Selatan,-3.3194,114.5897,0.371,0.298,0.346,28.0
2025-05-11,Banjarmasin,Kalimantan Selatan,-3.3194,114.5897,0.371,0.304,0.339,28.3
2025-05-12,Banjarmasin,Kalimantan Selatan,-3.3194,114.5897,0.405,0.337,0.336,26.5
2025-05-13,Banjarmasin,Kalimantan Selatan,-3.3194,114.5897,0.386,0.36,0.335,28.4
2025-05-14,Banjarmasin,Kalimantan Selatan,-3.3194,114.5897,0.382,0.375,0.331,28.5
2025-05-15,Banjarmasin,Kalimantan Selatan,-3.3194,114.5897,0.389,0.377,0.327,27.9
2025-05-16,Banjarmasin,Kalimantan Selatan,-3.3194,114.5897,0.359,0.381,0.328,29.0
2025-05-17,Banjarmasin,Kalimantan Selatan,-3.3194,114.5897,0.374,0.374,0.324,28.3
2025-05-18,Banjarmasin,Kalimantan Selatan,-3.3194,114.5897,0.393,0.389,0.326,28.2
2025-05-19,Banjarmasin,Kalimantan Selatan,-3.3194,114.5897,0.37,0.378,0.325,28.1
2025-05-20,Banjarmasin,Kalimantan Selatan,-3.3194,114.5897,0.358,0.369,0.324,28.2
2025-05-21,Banjarmasin,Kalimantan Selatan,-3.3194,114.5897,0.393,0.38,0.325,27.2
2025-05-22,Banjarmasin,Kalimantan Selatan,-3.3194,114.5897,0.398,0.387,0.324,27.5
2025-05-23,Banjarmasin,Kalimantan Selatan,-3.3194,114.5897,0.416,0.416,0.328,27.2
2025-05-24,Banjarmasin,Kalimantan Selatan,-3.3194,114.5897,0.4,0.413,0.336,28.5
2025-05-25,Banjarmasin,Kalimantan Selatan,-3.3194,114.5897,0.352,0.389,0.336,28.9
2025-05-26,Banjarmasin,Kalimantan Selatan,-3.3194,114.5897,0.363,0.374,0.312,28.5
2025-05-27,Banjarmasin,Kalimantan Selatan,-3.3194,114.5897,0.411,0.395,0.303,26.4
2025-05-28,Banjarmasin,Kalimantan Selatan,-3.3194,114.5897,0.377,0.392,0.303,28.0
2025-05-29,Banjarmasin,Kalimantan Selatan,-3.3194,114.5897,0.344,0.376,0.297,28.7
2025-05-30,Banjarmasin,Kalimantan Selatan,-3.3194,114.5897,0.361,0.366,0.279,28.6
2025-05-31,Banjarmasin,Kalimantan Selatan,-3.3194,114.5897,0.375,0.363,0.26,27.1
2025-06-01,Banjarmasin,Kalimantan Selatan,-3.3194,114.5897,0.406,0.368,0.258,26.0
2025-06-02,Banjarmasin,Kalimantan Selatan,-3.3194,114.5897,0.399,0.388,0.262,26.6
2025-06-03,Banjarmasin,Kalimantan Selatan,-3.3194,114.5897,0.379,0.383,0.266,27.3
2025-06-04,Banjarmasin,Kalimantan Selatan,-3.3194,114.5897,0.342,0.368,0.27,28.4
2025-06-05,Banjarmasin,Kalimantan Selatan,-3.3194,114.5897,0.304,0.36,0.276,28.7
2025-06-06,Banjarmasin,Kalimantan Selatan,-3.3194,114.5897,0.265,0.342,0.277,28.7
2025-06-07,Banjarmasin,Kalimantan Selatan,-3.3194,114.5897,0.245,0.325,0.277,28.3
2025-06-08,Banjarmasin,Kalimantan Selatan,-3.3194,114.5897,0.276,0.313,0.278,27.8
2025-06-09,Banjarmasin,Kalimantan Selatan,-3.3194,114.5897,0.323,0.317,0.279,28.2
2025-06-10,Banjarmasin,Kalimantan Selatan,-3.3194,114.5897,0.269,0.309,0.279,28.2
2025-06-11,Banjarmasin,Kalimantan Selatan,-3.3194,114.5897,0.275,0.294,0.279,27.8
2025-06-12,Banjarmasin,Kalimantan Selatan,-3.3194,114.5897,0.271,0.287,0.282,27.6
2025-06-13,Banjarmasin,Kalimantan Selatan,-3.3194,114.5897,0.273,0.282,0.28,28.2
2025-06-14,Banjarmasin,Kalimantan Selatan,-3.3194,114.5897,0.238,0.273,0.27,27.7
2025-06-15,Banjarmasin,Kalimantan Selatan,-3.3194,114.5897,0.336,0.278,0.269,28.2
2025-06-16,Banjarmasin,Kalimantan Selatan,-3.3194,114.5897,0.358,0.299,0.273,28.1
2025-06-17,Banjarmasin,Kalimantan Selatan,-3.3194,114.5897,0.332,0.304,0.272,27.9
2025-06-18,Banjarmasin,Kalimantan Selatan,-3.3194,114.5897,0.32,0.298,0.265,27.5
2025-06-19,Banjarmasin,Kalimantan Selatan,-3.3194,114.5897,0.352,0.31,0.264,26.5
2025-06-20,Banjarmasin,Kalimantan Selatan,-3.3194,114.5897,0.412,0.391,0.27,26.0
2025-06-21,Banjarmasin,Kalimantan Selatan,-3.3194,114.5897,0.376,0.393,0.278,27.4
2025-06-22,Banjarmasin,Kalimantan Selatan,-3.3194,114.5897,0.392,0.387,0.281,27.4
2025-06-23,Banjarmasin,Kalimantan Selatan,-3.3194,114.5897,0.367,0.382,0.285,27.6
2025-06-24,Banjarmasin,Kalimantan Selatan,-3.3194,114.5897,0.361,0.372,0.288,26.9
2025-06-25,Banjarmasin,Kalimantan Selatan,-3.3194,114.5897,0.399,0.39,0.29,27.4
2025-06-26,Banjarmasin,Kalimantan Selatan,-3.3194,114.5897,0.402,0.402,0.294,27.4
2025-06-27,Banjarmasin,Kalimantan Selatan,-3.3194,114.5897,0.411,0.412,0.303,27.0
2025-06-28,Banjarmasin,Kalimantan Selatan,-3.3194,114.5897,0.408,0.407,0.311,26.9
2025-06-29,Banjarmasin,Kalimantan Selatan,-3.3194,114.5897,0.363,0.384,0.314,27.2
2025-06-30,Banjarmasin,Kalimantan Selatan,-3.3194,114.5897,0.335,0.369,0.312,27.5
2025-07-01,Banjarmasin,Kalimantan Selatan,-3.3194,114.5897,0.319,0.356,0.309,28.1
2025-07-02,Banjarmasin,Kalimantan Selatan,-3.3194,114.5897,0.306,0.344,0.309,27.9
2025-07-03,Banjarmasin,Kalimantan Selatan,-3.3194,114.5897,0.272,0.33,0.308,28.3
2025-07-04,Banjarmasin,Kalimantan Selatan,-3.3194,114.5897,0.288,0.316,0.301,27.6
2025-07-05,Banjarmasin,Kalimantan Selatan,-3.3194,114.5897,0.278,0.311,0.301,26.6
2025-07-06,Banjarmasin,Kalimantan Selatan,-3.3194,114.5897,0.268,0.305,0.301,28.0
2025-07-07,Banjarmasin,Kalimantan Selatan,-3.3194,114.5897,0.287,0.299,0.3,26.9
2025-07-08,Banjarmasin,Kalimantan Selatan,-3.3194,114.5897,0.34,0.31,0.305,27.2
2025-07-09,Banjarmasin,Kalimantan Selatan,-3.3194,114.5897,0.298,0.307,0.298,26.9
2025-07-10,Banjarmasin,Kalimantan Selatan,-3.3194,114.5897,0.275,0.302,0.298,26.9
2025-07-11,Banjarmasin,Kalimantan Selatan,-3.3194,114.5897,0.278,0.296,0.297,27.0
2025-07-12,Banjarmasin,Kalimantan Selatan,-3.3194,114.5897,0.25,0.287,0.288,27.8
2025-07-13,Banjarmasin,Kalimantan Selatan,-3.3194,114.5897,0.212,0.279,0.276,28.6
2025-07-14,Banjarmasin,Kalimantan Selatan,-3.3194,114.5897,0.282,0.285,0.273,27.3
2025-07-15,Banjarmasin,Kalimantan Selatan,-3.3194,114.5897,0.36,0.298,0.271,27.0
2025-07-16,Banjarmasin,Kalimantan Selatan,-3.3194,114.5897,0.341,0.305,0.269,26.9
2025-07-17,Banjarmasin,Kalimantan Selatan,-3.3194,114.5897,0.3,0.294,0.27,27.1
2025-07-18,Banjarmasin,Kalimantan Selatan,-3.3194,114.5897,0.263,0.289,0.269,27.2
2025-07-19,Banjarmasin,Kalimantan Selatan,-3.3194,114.5897,0.223,0.282,0.268,26.8
2025-07-20,Banjarmasin,Kalimantan Selatan,-3.3194,114.5897,0.193,0.274,0.268,26.9
2025-07-21,Banjarmasin,Kalimantan Selatan,-3.3194,114.5897,0.166,0.266,0.267,27.5
2025-07-22,Banjarmasin,Kalimantan Selatan,-3.3194,114.5897,0.144,0.257,0.265,28.6
2025-07-23,Banjarmasin,Kalimantan Selatan,-3.3194,114.5897,0.128,0.25,0.265,29.8
2025-07-24,Banjarmasin,Kalimantan Selatan,-3.3194,114.5897,0.11,0.243,0.264,30.2
2025-07-25,Banjarmasin,Kalimantan Selatan,-3.3194,114.5897,0.108,0.235,0.263,30.4
2025-07-26,Banjarmasin,Kalimantan Selatan,-3.3194,114.5897,0.107,0.223,0.262,30.7
2025-07-27,Banjarmasin,Kalimantan Selatan,-3.3194,114.5897,0.109,0.208,0.257,30.2
2025-07-28,Banjarmasin,Kalimantan Selatan,-3.3194,114.5897,0.109,0.203,0.254,30.9
2025-07-29,Banjarmasin,Kalimantan Selatan,-3.3194,114.5897,0.1,0.198,0.253,30.9
2025-07-30,Banjarmasin,Kalimantan Selatan,-3.3194,114.5897,0.097,0.194,0.251,31.3
2025-07-31,Banjarmasin,Kalimantan Selatan,-3.3194,114.5897,0.098,0.19,0.251,31.4
2025-08-01,Banjarmasin,Kalimantan Selatan,-3.3194,114.5897,0.115,0.188,0.25,30.2
2025-08-02,Banjarmasin,Kalimantan Selatan,-3.3194,114.5897,0.12,0.185,0.246,29.7
2025-08-03,Banjarmasin,Kalimantan Selatan,-3.3194,114.5897,0.139,0.184,0.245,29.3
2025-08-04,Banjarmasin,Kalimantan Selatan,-3.3194,114.5897,0.242,0.187,0.244,27.7
2025-08-05,Banjarmasin,Kalimantan Selatan,-3.3194,114.5897,0.317,0.21,0.243,27.8
2025-08-06,Banjarmasin,Kalimantan Selatan,-3.3194,114.5897,0.265,0.21,0.239,28.3
2025-08-07,Banjarmasin,Kalimantan Selatan,-3.3194,114.5897,0.216,0.207,0.238,28.5
2025-08-08,Banjarmasin,Kalimantan Selatan,-3.3194,114.5897,0.179,0.205,0.234,28.3
2025-08-09,Banjarmasin,Kalimantan Selatan,-3.3194,114.5897,0.16,0.202,0.234,28.3
2025-08-10,Banjarmasin,Kalimantan Selatan,-3.3194,114.5897,0.205,0.202,0.233,27.6
2025-08-11,Banjarmasin,Kalimantan Selatan,-3.3194,114.5897,0.291,0.209,0.235,27.2
2025-08-12,Banjarmasin,Kalimantan Selatan,-3.3194,114.5897,0.366,0.242,0.232,26.5
2025-08-13,Banjarmasin,Kalimantan Selatan,-3.3194,114.5897,0.326,0.256,0.231,27.2
2025-08-14,Banjarmasin,Kalimantan Selatan,-3.3194,114.5897,0.28,0.257,0.231,27.1
2025-08-15,Banjarmasin,Kalimantan Selatan,-3.3194,114.5897,0.26,0.257,0.233,26.9
2025-08-16,Banjarmasin,Kalimantan Selatan,-3.3194,114.5897,0.251,0.259,0.237,27.5
2025-08-17,Banjarmasin,Kalimantan Selatan,-3.3194,114.5897,0.261,0.256,0.237,27.3
2025-08-18,Banjarmasin,Kalimantan Selatan,-3.3194,114.5897,0.325,0.259,0.235,27.1
2025-08-19,Banjarmasin,Kalimantan Selatan,-3.3194,114.5897,0.383,0.298,0.225,26.5
2025-08-20,Banjarmasin,Kalimantan Selatan,-3.3194,114.5897,0.418,0.417,0.236,25.8
2025-08-21,Banjarmasin,Kalimantan Selatan,-3.3194,114.5897,0.388,0.397,0.249,26.7
2025-08-22,Banjarmasin,Kalimantan Selatan,-3.3194,114.5897,0.355,0.378,0.255,27.2
2025-08-23,Banjarmasin,Kalimantan Selatan,-3.3194,114.5897,0.321,0.362,0.258,27.8
2025-08-24,Banjarmasin,Kalimantan Selatan,-3.3194,114.5897,0.306,0.346,0.26,27.8
2025-08-25,Banjarmasin,Kalimantan Selatan,-3.3194,114.5897,0.28,0.332,0.26,27.7
2025-08-26,Banjarmasin,Kalimantan Selatan,-3.3194,114.5897,0.293,0.326,0.261,27.0
2025-08-27,Banjarmasin,Kalimantan Selatan,-3.3194,114.5897,0.322,0.317,0.258,26.9
2025-08-28,Banjarmasin,Kalimantan Selatan,-3.3194,114.5897,0.351,0.307,0.248,26.8
2025-08-29,Banjarmasin,Kalimantan Selatan,-3.3194,114.5897,0.374,0.315,0.249,27.3
2025-08-30,Banjarmasin,Kalimantan Selatan,-3.3194,114.5897,0.344,0.308,0.249,27.6
2025-08-31,Banjarmasin,Kalimantan Selatan,-3.3194,114.5897,0.394,0.327,0.246,26.7
2025-09-01,Banjarmasin,Kalimantan Selatan,-3.3194,114.5897,0.37,0.326,0.246,27.0
2025-09-02,Banjarmasin,Kalimantan Selatan,-3.3194,114.5897,0.331,0.32,0.245,27.4
2025-09-03,Banjarmasin,Kalimantan Selatan,-3.3194,114.5897,0.339,0.319,0.246,27.3
2025-09-04,Banjarmasin,Kalimantan Selatan,-3.3194,114.5897,0.356,0.34,0.246,27.6
2025-09-05,Banjarmasin,Kalimantan Selatan,-3.3194,114.5897,0.343,0.334,0.25,27.8
2025-09-06,Banjarmasin,Kalimantan Selatan,-3.3194,114.5897,0.358,0.326,0.246,27.3
2025-09-07,Banjarmasin,Kalimantan Selatan,-3.3194,114.5897,0.375,0.324,0.245,26.8
2025-09-08,Banjarmasin,Kalimantan Selatan,-3.3194,114.5897,0.39,0.344,0.244,26.9
2025-09-09,Banjarmasin,Kalimantan Selatan,-3.3194,114.5897,0.398,0.368,0.243,26.4
2025-09-10,Banjarmasin,Kalimantan Selatan,-3.3194,114.5897,0.383,0.367,0.244,26.8
2025-09-11,Banjarmasin,Kalimantan Selatan,-3.3194,114.5897,0.409,0.395,0.244,26.6
2025-09-12,Banjarmasin,Kalimantan Selatan,-3.3194,114.5897,0.413,0.413,0.258,27.0
2025-09-13,Banjarmasin,Kalimantan Selatan,-3.3194,114.5897,0.38,0.4,0.264,27.4
2025-09-14,Banjarmasin,Kalimantan Selatan,-3.3194,114.5897,0.352,0.386,0.255,27.8
2025-09-15,Banjarmasin,Kalimantan Selatan,-3.3194,114.5897,0.37,0.369,0.251,27.5
2025-09-16,Banjarmasin,Kalimantan Selatan,-3.3194,114.5897,0.418,0.405,0.249,26.6
2025-09-17,Banjarmasin,Kalimantan Selatan,-3.3194,114.5897,0.397,0.4,0.263,26.9
2025-09-18,Banjarmasin,Kalimantan Selatan,-3.3194,114.5897,0.384,0.391,0.258,27.6
2025-09-19,Banjarmasin,Kalimantan Selatan,-3.3194,114.5897,0.327,0.368,0.252,28.5
2025-09-20,Banjarmasin,Kalimantan Selatan,-3.3194,114.5897,0.311,0.351,0.241,28.2
2025-09-21,Banjarmasin,Kalimantan Selatan,-3.3194,114.5897,0.294,0.338,0.236,28.3
2025-09-22,Banjarmasin,Kalimantan Selatan,-3.3194,114.5897,0.26,0.323,0.231,28.0
2025-09-23,Banjarmasin,Kalimantan Selatan,-3.3194,114.5897,0.227,0.303,0.224,28.1
2025-09-24,Banjarmasin,Kalimantan Selatan,-3.3194,114.5897,0.233,0.292,0.222,27.7
2025-09-25,Banjarmasin,Kalimantan Selatan,-3.3194,114.5897,0.294,0.286,0.209,28.3
2025-09-26,Banjarmasin,Kalimantan Selatan,-3.3194,114.5897,0.286,0.284,0.202,28.7
2025-09-27,Banjarmasin,Kalimantan Selatan,-3.3194,114.5897,0.369,0.304,0.206,28.4
2025-09-28,Banjarmasin,Kalimantan Selatan,-3.3194,114.5897,0.347,0.321,0.208,28.4
2025-09-29,Banjarmasin,Kalimantan Selatan,-3.3194,114.5897,0.371,0.349,0.21,27.7
2025-09-30,Banjarmasin,Kalimantan Selatan,-3.3194,114.5897,0.408,0.408,0.225,27.1
2025-10-01,Banjarmasin,Kalimantan Selatan,-3.3194,114.5897,0.407,0.4,0.231,27.7
2025-10-02,Banjarmasin,Kalimantan Selatan,-3.3194,114.5897,0.375,0.389,0.24,28.4
2025-10-03,Banjarmasin,Kalimantan Selatan,-3.3194,114.5897,0.34,0.369,0.243,28.4
2025-10-04,Banjarmasin,Kalimantan Selatan,-3.3194,114.5897,0.376,0.376,0.241,26.6
2025-10-05,Banjarmasin,Kalimantan Selatan,-3.3194,114.5897,0.41,0.394,0.243,26.6
2025-10-06,Banjarmasin,Kalimantan Selatan,-3.3194,114.5897,0.376,0.385,0.25,27.1
2025-10-07,Banjarmasin,Kalimantan Selatan,-3.3194,114.5897,0.372,0.377,0.254,27.8
2025-10-08,Banjarmasin,Kalimantan Selatan,-3.3194,114.5897,0.324,0.362,0.255,28.0
2025-10-09,Banjarmasin,Kalimantan Selatan,-3.3194,114.5897,0.306,0.347,0.258,28.0
2025-10-10,Banjarmasin,Kalimantan Selatan,-3.3194,114.5897,0.283,0.335,0.26,28.5
2025-10-11,Banjarmasin,Kalimantan Selatan,-3.3194,114.5897,0.258,0.323,0.26,28.8
2025-10-12,Banjarmasin,Kalimantan Selatan,-3.3194,114.5897,0.269,0.309,0.256,28.3
2025-10-13,Banjarmasin,Kalimantan Selatan,-3.3194,114.5897,0.274,0.297,0.244,28.9
2025-10-14,Banjarmasin,Kalimantan Selatan,-3.3194,114.5897,0.297,0.289,0.234,28.5
2025-10-15,Banjarmasin,Kalimantan Selatan,-3.3194,114.5897,0.28,0.284,0.229,28.7
2025-10-16,Banjarmasin,Kalimantan Selatan,-3.3194,114.5897,0.29,0.28,0.229,28.5
2025-10-17,Banjarmasin,Kalimantan Selatan,-3.3194,114.5897,0.324,0.277,0.222,28.5
2025-10-18,Banjarmasin,Kalimantan Selatan,-3.3194,114.5897,0.305,0.274,0.213,29.0
2025-10-19,Banjarmasin,Kalimantan Selatan,-3.3194,114.5897,0.314,0.274,0.209,29.3
2025-10-20,Banjarmasin,Kalimantan Selatan,-3.3194,114.5897,0.361,0.289,0.204,28.9
2025-10-21,Banjarmasin,Kalimantan Selatan,-3.3194,114.5897,0.411,0.349,0.201,28.0
2025-10-22,Banjarmasin,Kalimantan Selatan,-3.3194,114.5897,0.428,0.422,0.23,25.9
2025-10-23,Banjarmasin,Kalimantan Selatan,-3.3194,114.5897,0.424,0.425,0.297,26.6
2025-10-24,Banjarmasin,Kalimantan Selatan,-3.3194,114.5897,0.428,0.43,0.327,26.4
2025-10-25,Banjarmasin,Kalimantan Selatan,-3.3194,114.5897,0.422,0.42,0.344,26.7
2025-10-26,Banjarmasin,Kalimantan Selatan,-3.3194,114.5897,0.417,0.415,0.352,26.5
2025-10-27,Banjarmasin,Kalimantan Selatan,-3.3194,114.5897,0.407,0.41,0.357,26.6
2025-10-28,Banjarmasin,Kalimantan Selatan,-3.3194,114.5897,0.412,0.407,0.362,27.4
2025-10-29,Banjarmasin,Kalimantan Selatan,-3.3194,114.5897,0.401,0.403,0.365,27.4
2025-10-30,Banjarmasin,Kalimantan Selatan,-3.3194,114.5897,0.4,0.4,0.368,27.6
2025-10-31,Banjarmasin,Kalimantan Selatan,-3.3194,114.5897,0.399,0.397,0.369,26.6
2025-11-01,Banjarmasin,Kalimantan Selatan,-3.3194,114.5897,0.349,0.381,0.37,28.8
2025-11-02,Banjarmasin,Kalimantan Selatan,-3.3194,114.5897,0.345,0.37,0.369,29.2
2025-11-03,Banjarmasin,Kalimantan Selatan,-3.3194,114.5897,0.397,0.392,0.368,28.4
2025-11-04,Banjarmasin,Kalimantan Selatan,-3.3194,114.5897,0.405,0.398,0.37,27.9
2025-11-05,Banjarmasin,Kalimantan Selatan,-3.3194,114.5897,0.391,0.396,0.372,28.1
2025-11-06,Banjarmasin,Kalimantan Selatan,-3.3194,114.5897,0.394,0.396,0.373,27.6
2025-11-07,Banjarmasin,Kalimantan Selatan,-3.3194,114.5897,0.362,0.387,0.374,28.7
2025-11-08,Banjarmasin,Kalimantan Selatan,-3.3194,114.5897,0.395,0.391,0.374,29.0
2025-11-09,Banjarmasin,Kalimantan Selatan,-3.3194,114.5897,0.4,0.397,0.376,26.3
2025-11-10,Banjarmasin,Kalimantan Selatan,-3.3194,114.5897,0.373,0.392,0.377,28.1
2025-11-11,Banjarmasin,Kalimantan Selatan,-3.3194,114.5897,0.396,0.392,0.377,27.3
2025-11-12,Banjarmasin,Kalimantan Selatan,-3.3194,114.5897,0.385,0.391,0.378,27.0
2025-11-13,Banjarmasin,Kalimantan Selatan,-3.3194,114.5897,0.397,0.393,0.378,26.7
2025-11-14,Banjarmasin,Kalimantan Selatan,-3.3194,114.5897,0.366,0.387,0.379,27.7
2025-11-15,Banjarmasin,Kalimantan Selatan,-3.3194,114.5897,0.369,0.38,0.378,28.0
2025-11-16,Banjarmasin,Kalimantan Selatan,-3.3194,114.5897,0.4,0.391,0.378,26.9
2025-11-17,Banjarmasin,Kalimantan Selatan,-3.3194,114.5897,0.394,0.391,0.38,27.2
2025-11-18,Banjarmasin,Kalimantan Selatan,-3.3194,114.5897,0.383,0.392,0.38,27.6
2025-11-19,Banjarmasin,Kalimantan Selatan,-3.3194,114.5897,0.369,0.385,0.38,27.8
2025-11-20,Banjarmasin,Kalimantan Selatan,-3.3194,114.5897,0.398,0.39,0.38,26.7
2025-11-21,Banjarmasin,Kalimantan Selatan,-3.3194,114.5897,0.374,0.39,0.38,28.0
2025-11-22,Banjarmasin,Kalimantan Selatan,-3.3194,114.5897,0.394,0.39,0.38,27.2
2025-11-23,Banjarmasin,Kalimantan Selatan,-3.3194,114.5897,0.386,0.392,0.38,27.6
2025-11-24,Banjarmasin,Kalimantan Selatan,-3.3194,114.5897,0.392,0.392,0.38,27.2
2025-11-25,Banjarmasin,Kalimantan Selatan,-3.3194,114.5897,0.381,0.39,0.38,28.0
2025-11-26,Banjarmasin,Kalimantan Selatan,-3.3194,114.5897,0.346,0.381,0.38,28.7
2025-11-27,Banjarmasin,Kalimantan Selatan,-3.3194,114.5897,0.36,0.375,0.383,28.4
2025-11-28,Banjarmasin,Kalimantan Selatan,-3.3194,114.5897,0.376,0.378,0.384,28.1
2025-11-29,Banjarmasin,Kalimantan Selatan,-3.3194,114.5897,0.393,0.389,0.385,26.4
2025-11-30,Banjarmasin,Kalimantan Selatan,-3.3194,114.5897,0.388,0.393,0.384,26.9
2025-12-01,Banjarmasin,Kalimantan Selatan,-3.3194,114.5897,0.382,0.388,0.385,27.4
2025-12-02,Banjarmasin,Kalimantan Selatan,-3.3194,114.5897,0.381,0.389,0.384,27.4
2025-12-03,Banjarmasin,Kalimantan Selatan,-3.3194,114.5897,0.388,0.388,0.383,27.1
2025-12-04,Banjarmasin,Kalimantan Selatan,-3.3194,114.5897,0.38,0.391,0.384,26.7
2025-12-05,Banjarmasin,Kalimantan Selatan,-3.3194,114.5897,0.377,0.39,0.384,27.6
2025-12-06,Banjarmasin,Kalimantan Selatan,-3.3194,114.5897,0.385,0.389,0.384,27.7
2025-12-07,Banjarmasin,Kalimantan Selatan,-3.3194,114.5897,0.381,0.388,0.384,27.7
2025-12-08,Banjarmasin,Kalimantan Selatan,-3.3194,114.5897,0.394,0.39,0.384,25.7
2025-12-09,Banjarmasin,Kalimantan Selatan,-3.3194,114.5897,0.393,0.391,0.384,25.6
2025-12-10,Banjarmasin,Kalimantan Selatan,-3.3194,114.5897,0.371,0.388,0.384,26.8
2025-12-11,Banjarmasin,Kalimantan Selatan,-3.3194,114.5897,0.38,0.384,0.384,26.9
2025-12-12,Banjarmasin,Kalimantan Selatan,-3.3194,114.5897,0.394,0.387,0.383,27.0
2025-12-13,Banjarmasin,Kalimantan Selatan,-3.3194,114.5897,0.387,0.389,0.384,27.6
2025-12-14,Banjarmasin,Kalimantan Selatan,-3.3194,114.5897,0.391,0.389,0.384,26.7
2025-12-15,Banjarmasin,Kalimantan Selatan,-3.3194,114.5897,0.388,0.39,0.384,26.6
2025-12-16,Banjarmasin,Kalimantan Selatan,-3.3194,114.5897,0.391,0.389,0.383,26.7
2025-12-17,Banjarmasin,Kalimantan Selatan,-3.3194,114.5897,0.366,0.385,0.383,27.8
2025-12-18,Banjarmasin,Kalimantan Selatan,-3.3194,114.5897,0.389,0.383,0.385,27.5
2025-12-19,Banjarmasin,Kalimantan Selatan,-3.3194,114.5897,0.393,0.389,0.383,27.4
2025-12-20,Banjarmasin,Kalimantan Selatan,-3.3194,114.5897,0.376,0.388,0.383,28.1
2025-12-21,Banjarmasin,Kalimantan Selatan,-3.3194,114.5897,0.389,0.387,0.383,27.7
2025-12-22,Banjarmasin,Kalimantan Selatan,-3.3194,114.5897,0.394,0.391,0.383,27.2
2025-12-23,Banjarmasin,Kalimantan Selatan,-3.3194,114.5897,0.388,0.391,0.383,27.2
2025-12-24,Banjarmasin,Kalimantan Selatan,-3.3194,114.5897,0.394,0.39,0.383,27.0
2025-12-25,Banjarmasin,Kalimantan Selatan,-3.3194,114.5897,0.374,0.388,0.383,28.4
2025-12-26,Banjarmasin,Kalimantan Selatan,-3.3194,114.5897,0.365,0.389,0.385,28.5
2025-12-27,Banjarmasin,Kalimantan Selatan,-3.3194,114.5897,0.393,0.392,0.382,26.6
2025-12-28,Banjarmasin,Kalimantan Selatan,-3.3194,114.5897,0.369,0.389,0.382,27.8
2025-12-29,Banjarmasin,Kalimantan Selatan,-3.3194,114.5897,0.386,0.382,0.382,27.4
2025-12-30,Banjarmasin,Kalimantan Selatan,-3.3194,114.5897,0.376,0.378,0.381,28.0
2025-12-31,Banjarmasin,Kalimantan Selatan,-3.3194,114.5897,0.403,0.391,0.381,26.6
2026-01-01,Banjarmasin,Kalimantan Selatan,-3.3194,114.5897,0.394,0.392,0.382,26.3
2026-01-02,Banjarmasin,Kalimantan Selatan,-3.3194,114.5897,0.382,0.389,0.382,27.6
2026-01-03,Banjarmasin,Kalimantan Selatan,-3.3194,114.5897,0.397,0.391,0.382,26.9
2026-01-04,Banjarmasin,Kalimantan Selatan,-3.3194,114.5897,0.395,0.392,0.382,26.1
2026-01-05,Banjarmasin,Kalimantan Selatan,-3.3194,114.5897,0.396,0.391,0.381,25.5
2026-01-06,Banjarmasin,Kalimantan Selatan,-3.3194,114.5897,0.382,0.39,0.383,27.2
2026-01-07,Banjarmasin,Kalimantan Selatan,-3.3194,114.5897,0.385,0.388,0.383,26.9
2026-01-08,Banjarmasin,Kalimantan Selatan,-3.3194,114.5897,0.385,0.39,0.383,27.3
2026-01-09,Banjarmasin,Kalimantan Selatan,-3.3194,114.5897,0.385,0.389,0.382,27.0
2026-01-10,Banjarmasin,Kalimantan Selatan,-3.3194,114.5897,0.395,0.391,0.382,27.0
2026-01-11,Banjarmasin,Kalimantan Selatan,-3.3194,114.5897,0.389,0.391,0.383,26.3
2026-01-12,Banjarmasin,Kalimantan Selatan,-3.3194,114.5897,0.377,0.388,0.383,27.0
2026-01-13,Banjarmasin,Kalimantan Selatan,-3.3194,114.5897,0.372,0.382,0.382,27.7
2026-01-14,Banjarmasin,Kalimantan Selatan,-3.3194,114.5897,0.331,0.371,0.381,28.5
2026-01-15,Banjarmasin,Kalimantan Selatan,-3.3194,114.5897,0.339,0.36,0.38,28.2
2026-01-16,Banjarmasin,Kalimantan Selatan,-3.3194,114.5897,0.301,0.347,0.378,28.4
2026-01-17,Banjarmasin,Kalimantan Selatan,-3.3194,114.5897,0.282,0.333,0.377,29.0
2026-01-18,Banjarmasin,Kalimantan Selatan,-3.3194,114.5897,0.346,0.338,0.375,28.7
2026-01-19,Banjarmasin,Kalimantan Selatan,-3.3194,114.5897,0.326,0.339,0.374,28.8
2026-01-20,Banjarmasin,Kalimantan Selatan,-3.3194,114.5897,0.281,0.329,0.372,28.6
2026-01-21,Banjarmasin,Kalimantan Selatan,-3.3194,114.5897,0.257,0.322,0.37,28.3
2026-01-22,Banjarmasin,Kalimantan Selatan,-3.3194,114.5897,0.241,0.317,0.368,28.3
2026-01-23,Banjarmasin,Kalimantan Selatan,-3.3194,114.5897,0.217,0.311,0.366,28.8
2026-01-24,Banjarmasin,Kalimantan Selatan,-3.3194,114.5897,0.205,0.302,0.364,29.4
2026-01-25,Banjarmasin,Kalimantan Selatan,-3.3194,114.5897,0.208,0.292,0.362,29.0
2026-01-26,Banjarmasin,Kalimantan Selatan,-3.3194,114.5897,0.22,0.283,0.36,28.9
2026-01-27,Banjarmasin,Kalimantan Selatan,-3.3194,114.5897,0.229,0.276,0.358,29.0
2026-01-28,Banjarmasin,Kalimantan Selatan,-3.3194,114.5897,0.319,0.272,0.356,27.5
2026-01-29,Banjarmasin,Kalimantan Selatan,-3.3194,114.5897,0.406,0.345,0.355,26.7
2026-01-30,Banjarmasin,Kalimantan Selatan,-3.3194,114.5897,0.404,0.385,0.355,27.7
2026-01-31,Banjarmasin,Kalimantan Selatan,-3.3194,114.5897,0.399,0.403,0.359,27.6
2026-02-01,Banjarmasin,Kalimantan Selatan,-3.3194,114.5897,0.397,0.397,0.362,27.3
2026-02-02,Banjarmasin,Kalimantan Selatan,-3.3194,114.5897,0.406,0.404,0.365,26.9
2026-02-03,Banjarmasin,Kalimantan Selatan,-3.3194,114.5897,0.405,0.401,0.367,26.9
2026-02-04,Banjarmasin,Kalimantan Selatan,-3.3194,114.5897,0.405,0.401,0.37,25.4
2026-02-05,Banjarmasin,Kalimantan Selatan,-3.3194,114.5897,0.383,0.396,0.372,27.2
2026-02-06,Banjarmasin,Kalimantan Selatan,-3.3194,114.5897,0.375,0.388,0.373,27.5
2026-02-07,Banjarmasin,Kalimantan Selatan,-3.3194,114.5897,0.372,0.392,0.374,28.2
2026-02-08,Banjarmasin,Kalimantan Selatan,-3.3194,114.5897,0.353,0.379,0.374,27.9
2026-02-09,Banjarmasin,Kalimantan Selatan,-3.3194,114.5897,0.338,0.367,0.374,28.1
2026-02-10,Banjarmasin,Kalimantan Selatan,-3.3194,114.5897,0.382,0.386,0.373,27.1
2026-02-11,Banjarmasin,Kalimantan Selatan,-3.3194,114.5897,0.386,0.394,0.375,27.8
2026-02-12,Banjarmasin,Kalimantan Selatan,-3.3194,114.5897,0.391,0.392,0.377,27.3
2026-02-13,Banjarmasin,Kalimantan Selatan,-3.3194,114.5897,0.398,0.394,0.378,26.1
2026-02-14,Banjarmasin,Kalimantan Selatan,-3.3194,114.5897,0.367,0.389,0.378,27.9
2026-02-15,Banjarmasin,Kalimantan Selatan,-3.3194,114.5897,0.369,0.38,0.378,28.3
2026-02-16,Banjarmasin,Kalimantan Selatan,-3.3194,114.5897,0.373,0.378,0.377,28.6
2026-02-17,Banjarmasin,Kalimantan Selatan,-3.3194,114.5897,0.398,0.39,0.377,27.7
2026-02-18,Banjarmasin,Kalimantan Selatan,-3.3194,114.5897,0.391,0.393,0.377,27.8
2026-02-19,Banjarmasin,Kalimantan Selatan,-3.3194,114.5897,0.382,0.392,0.378,27.6
2026-02-20,Banjarmasin,Kalimantan Selatan,-3.3194,114.5897,0.375,0.389,0.38,28.1
2026-02-21,Banjarmasin,Kalimantan Selatan,-3.3194,114.5897,0.393,0.392,0.381,26.6
2026-02-22,Banjarmasin,Kalimantan Selatan,-3.3194,114.5897,0.375,0.389,0.382,27.9
2026-02-23,Banjarmasin,Kalimantan Selatan,-3.3194,114.5897,0.391,0.389,0.382,27.1
2026-02-24,Banjarmasin,Kalimantan Selatan,-3.3194,114.5897,0.394,0.392,0.382,25.7
2026-02-25,Banjarmasin,Kalimantan Selatan,-3.3194,114.5897,0.393,0.392,0.383,25.6
2026-02-26,Banjarmasin,Kalimantan Selatan,-3.3194,114.5897,0.379,0.389,0.383,27.2
2026-02-27,Banjarmasin,Kalimantan Selatan,-3.3194,114.5897,0.335,0.377,0.382,28.0
2026-02-28,Banjarmasin,Kalimantan Selatan,-3.3194,114.5897,0.314,0.363,0.381,28.5
2026-03-01,Banjarmasin,Kalimantan Selatan,-3.3194,114.5897,0.291,0.348,0.379,28.9
2026-03-02,Banjarmasin,Kalimantan Selatan,-3.3194,114.5897,0.282,0.33,0.377,28.4
2026-03-03,Banjarmasin,Kalimantan Selatan,-3.3194,114.5897,0.28,0.316,0.375,28.8
2026-03-04,Banjarmasin,Kalimantan Selatan,-3.3194,114.5897,0.397,0.336,0.375,27.7
2026-03-05,Banjarmasin,Kalimantan Selatan,-3.3194,114.5897,0.362,0.35,0.378,28.0
2026-03-06,Banjarmasin,Kalimantan Selatan,-3.3194,114.5897,0.335,0.339,0.379,28.0
2026-03-07,Banjarmasin,Kalimantan Selatan,-3.3194,114.5897,0.334,0.335,0.385,27.7
2026-03-08,Banjarmasin,Kalimantan Selatan,-3.3194,114.5897,0.381,0.342,0.384,26.9
2026-03-09,Banjarmasin,Kalimantan Selatan,-3.3194,114.5897,0.35,0.349,0.383,27.9
2026-03-10,Banjarmasin,Kalimantan Selatan,-3.3194,114.5897,0.378,0.361,0.382,27.5
2026-03-11,Banjarmasin,Kalimantan Selatan,-3.3194,114.5897,0.381,0.365,0.381,27.1
2026-03-12,Banjarmasin,Kalimantan Selatan,-3.3194,114.5897,0.385,0.375,0.38,27.8
2026-03-13,Banjarmasin,Kalimantan Selatan,-3.3194,114.5897,0.373,0.392,0.379,28.3
2026-03-14,Banjarmasin,Kalimantan Selatan,-3.3194,114.5897,0.356,0.383,0.379,28.4
2026-03-15,Banjarmasin,Kalimantan Selatan,-3.3194,114.5897,0.385,0.38,0.378,28.0
2026-03-16,Banjarmasin,Kalimantan Selatan,-3.3194,114.5897,0.4,0.389,0.378,27.3
2026-03-17,Banjarmasin,Kalimantan Selatan,-3.3194,114.5897,0.385,0.393,0.379,27.6
2026-03-18,Banjarmasin,Kalimantan Selatan,-3.3194,114.5897,0.378,0.394,0.378,27.9
2026-03-19,Banjarmasin,Kalimantan Selatan,-3.3194,114.5897,0.393,0.392,0.378,26.6
2026-03-20,Banjarmasin,Kalimantan Selatan,-3.3194,114.5897,0.397,0.393,0.379,26.5
2026-03-21,Banjarmasin,Kalimantan Selatan,-3.3194,114.5897,0.396,0.393,0.38,27.4
2026-03-22,Banjarmasin,Kalimantan Selatan,-3.3194,114.5897,0.397,0.393,0.38,26.5
2026-03-23,Banjarmasin,Kalimantan Selatan,-3.3194,114.5897,0.39,0.392,0.379,27.6
2026-03-24,Banjarmasin,Kalimantan Selatan,-3.3194,114.5897,0.365,0.386,0.38,28.7
2026-03-25,Banjarmasin,Kalimantan Selatan,-3.3194,114.5897,0.344,0.377,0.38,28.9
2026-03-26,Banjarmasin,Kalimantan Selatan,-3.3194,114.5897,0.343,0.368,0.379,29.2
2026-03-27,Banjarmasin,Kalimantan Selatan,-3.3194,114.5897,0.348,0.364,0.378,29.5
2026-03-28,Banjarmasin,Kalimantan Selatan,-3.3194,114.5897,0.31,0.357,0.379,29.2
2026-03-29,Banjarmasin,Kalimantan Selatan,-3.3194,114.5897,0.324,0.347,0.379,28.7
2026-03-30,Banjarmasin,Kalimantan Selatan,-3.3194,114.5897,0.34,0.331,0.377,28.1
2026-03-31,Banjarmasin,Kalimantan Selatan,-3.3194,114.5897,0.386,0.348,0.376,28.0
2026-04-01,Banjarmasin,Kalimantan Selatan,-3.3194,114.5897,0.37,0.369,0.376,29.0
2026-04-02,Banjarmasin,Kalimantan Selatan,-3.3194,114.5897,0.402,0.391,0.376,27.5
2026-04-03,Banjarmasin,Kalimantan Selatan,-3.3194,114.5897,0.375,0.39,0.374,27.6
2026-04-04,Banjarmasin,Kalimantan Selatan,-3.3194,114.5897,0.341,0.378,0.374,28.8
2026-04-05,Banjarmasin,Kalimantan Selatan,-3.3194,114.5897,0.362,0.374,0.373,28.3
2026-04-06,Banjarmasin,Kalimantan Selatan,-3.3194,114.5897,0.397,0.397,0.374,27.9
2026-04-07,Banjarmasin,Kalimantan Selatan,-3.3194,114.5897,0.377,0.393,0.376,28.5
2026-04-08,Banjarmasin,Kalimantan Selatan,-3.3194,114.5897,0.38,0.391,0.377,28.3
2026-04-09,Banjarmasin,Kalimantan Selatan,-3.3194,114.5897,0.384,0.392,0.378,28.7
2026-04-10,Banjarmasin,Kalimantan Selatan,-3.3194,114.5897,0.388,0.393,0.379,28.5
2026-04-11,Banjarmasin,Kalimantan Selatan,-3.3194,114.5897,0.381,0.392,0.378,28.0
2026-04-12,Banjarmasin,Kalimantan Selatan,-3.3194,114.5897,0.376,0.393,0.375,28.4
2026-04-13,Banjarmasin,Kalimantan Selatan,-3.3194,114.5897,0.384,0.393,0.376,28.5
2026-04-14,Banjarmasin,Kalimantan Selatan,-3.3194,114.5897,0.371,0.385,0.377,28.8
2026-04-15,Banjarmasin,Kalimantan Selatan,-3.3194,114.5897,0.402,0.391,0.379,27.6
2026-04-16,Banjarmasin,Kalimantan Selatan,-3.3194,114.5897,0.386,0.39,0.379,28.4
2026-04-17,Banjarmasin,Kalimantan Selatan,-3.3194,114.5897,0.358,0.384,0.379,28.9
2026-04-18,Banjarmasin,Kalimantan Selatan,-3.3194,114.5897,0.361,0.373,0.379,28.5
2026-04-19,Banjarmasin,Kalimantan Selatan,-3.3194,114.5897,0.362,0.371,0.378,28.1
2026-04-20,Banjarmasin,Kalimantan Selatan,-3.3194,114.5897,0.339,0.364,0.377,28.9
2026-04-21,Banjarmasin,Kalimantan Selatan,-3.3194,114.5897,0.341,0.356,0.376,28.8
2026-04-22,Banjarmasin,Kalimantan Selatan,-3.3194,114.5897,0.389,0.37,0.373,27.8
2026-04-23,Banjarmasin,Kalimantan Selatan,-3.3194,114.5897,0.385,0.374,0.374,28.1
2026-04-24,Banjarmasin,Kalimantan Selatan,-3.3194,114.5897,0.352,0.369,0.373,29.2
2026-04-25,Banjarmasin,Kalimantan Selatan,-3.3194,114.5897,0.324,0.362,0.373,29.3
2026-04-26,Banjarmasin,Kalimantan Selatan,-3.3194,114.5897,0.27,0.343,0.372,29.5
2026-04-27,Banjarmasin,Kalimantan Selatan,-3.3194,114.5897,0.328,0.336,0.37,28.3
2026-04-28,Banjarmasin,Kalimantan Selatan,-3.3194,114.5897,0.312,0.328,0.369,29.1
2026-04-29,Banjarmasin,Kalimantan Selatan,-3.3194,114.5897,0.34,0.324,0.367,29.2
2026-04-30,Banjarmasin,Kalimantan Selatan,-3.3194,114.5897,0.398,0.345,0.366,27.8
2026-05-01,Banjarmasin,Kalimantan Selatan,-3.3194,114.5897,0.395,0.377,0.366,27.8
2026-05-02,Banjarmasin,Kalimantan Selatan,-3.3194,114.5897,0.349,0.37,0.365,28.8
2026-05-03,Banjarmasin,Kalimantan Selatan,-3.3194,114.5897,0.39,0.385,0.366,27.8
2026-05-04,Banjarmasin,Kalimantan Selatan,-3.3194,114.5897,0.394,0.4,0.367,27.8
2026-05-05,Banjarmasin,Kalimantan Selatan,-3.3194,114.5897,0.382,0.396,0.37,28.2
2026-05-06,Banjarmasin,Kalimantan Selatan,-3.3194,114.5897,0.37,0.387,0.371,28.8
2026-05-07,Banjarmasin,Kalimantan Selatan,-3.3194,114.5897,0.37,0.382,0.371,28.5
2026-05-08,Banjarmasin,Kalimantan Selatan,-3.3194,114.5897,0.349,0.371,0.371,28.4
2026-05-09,Banjarmasin,Kalimantan Selatan,-3.3194,114.5897,0.343,0.366,0.371,28.2
2026-05-10,Banjarmasin,Kalimantan Selatan,-3.3194,114.5897,0.407,0.389,0.371,27.8
2026-05-11,Banjarmasin,Kalimantan Selatan,-3.3194,114.5897,0.384,0.389,0.372,28.2
2026-05-12,Banjarmasin,Kalimantan Selatan,-3.3194,114.5897,0.363,0.382,0.376,28.8
2026-05-13,Banjarmasin,Kalimantan Selatan,-3.3194,114.5897,0.388,0.385,0.38,28.7
2026-05-14,Banjarmasin,Kalimantan Selatan,-3.3194,114.5897,0.394,0.391,0.38,28.5
2026-05-15,Banjarmasin,Kalimantan Selatan,-3.3194,114.5897,0.397,0.393,0.381,27.7
2026-05-16,Banjarmasin,Kalimantan Selatan,-3.3194,114.5897,0.391,0.392,0.381,28.4
2026-05-17,Banjarmasin,Kalimantan Selatan,-3.3194,114.5897,0.395,0.393,0.382,27.0
2026-05-18,Banjarmasin,Kalimantan Selatan,-3.3194,114.5897,0.389,0.392,0.382,27.7
2026-05-19,Banjarmasin,Kalimantan Selatan,-3.3194,114.5897,0.38,0.388,0.382,28.8
2026-05-20,Banjarmasin,Kalimantan Selatan,-3.3194,114.5897,0.366,0.385,0.382,29.8
2026-05-21,Banjarmasin,Kalimantan Selatan,-3.3194,114.5897,0.334,0.375,0.382,30.0
2026-05-22,Banjarmasin,Kalimantan Selatan,-3.3194,114.5897,0.306,0.361,0.382,30.0
2026-05-23,Banjarmasin,Kalimantan Selatan,-3.3194,114.5897,0.277,0.351,0.384,29.4
2026-05-24,Banjarmasin,Kalimantan Selatan,-3.3194,114.5897,0.309,0.34,0.382,29.0
2026-05-25,Banjarmasin,Kalimantan Selatan,-3.3194,114.5897,0.312,0.329,0.381,28.7
2026-05-26,Banjarmasin,Kalimantan Selatan,-3.3194,114.5897,0.358,0.329,0.381,28.1
2026-05-27,Banjarmasin,Kalimantan Selatan,-3.3194,114.5897,0.344,0.333,0.38,28.8
2026-05-28,Banjarmasin,Kalimantan Selatan,-3.3194,114.5897,0.311,0.327,0.378,28.7
2026-05-29,Banjarmasin,Kalimantan Selatan,-3.3194,114.5897,0.303,0.321,0.378,28.9
2026-05-30,Banjarmasin,Kalimantan Selatan,-3.3194,114.5897,0.297,0.319,0.377,28.5
2026-05-31,Banjarmasin,Kalimantan Selatan,-3.3194,114.5897,0.269,0.314,0.375,29.0
2024-08-01,Berau,Kalimantan Timur,2.1668,117.4817,0.39,0.383,0.369,27.2
2024-08-02,Berau,Kalimantan Timur,2.1668,117.4817,0.403,0.391,0.366,26.4
2024-08-03,Berau,Kalimantan Timur,2.1668,117.4817,0.408,0.4,0.366,26.2
2024-08-04,Berau,Kalimantan Timur,2.1668,117.4817,0.392,0.389,0.367,27.2
2024-08-05,Berau,Kalimantan Timur,2.1668,117.4817,0.412,0.405,0.366,26.5
2024-08-06,Berau,Kalimantan Timur,2.1668,117.4817,0.395,0.399,0.371,26.9
2024-08-07,Berau,Kalimantan Timur,2.1668,117.4817,0.405,0.396,0.374,26.9
2024-08-08,Berau,Kalimantan Timur,2.1668,117.4817,0.405,0.398,0.377,26.4
2024-08-09,Berau,Kalimantan Timur,2.1668,117.4817,0.401,0.399,0.381,26.5
2024-08-10,Berau,Kalimantan Timur,2.1668,117.4817,0.393,0.396,0.382,27.1
2024-08-11,Berau,Kalimantan Timur,2.1668,117.4817,0.379,0.384,0.381,27.5
2024-08-12,Berau,Kalimantan Timur,2.1668,117.4817,0.369,0.373,0.377,27.4
2024-08-13,Berau,Kalimantan Timur,2.1668,117.4817,0.375,0.369,0.374,27.0
2024-08-14,Berau,Kalimantan Timur,2.1668,117.4817,0.4,0.391,0.374,25.9
2024-08-15,Berau,Kalimantan Timur,2.1668,117.4817,0.384,0.381,0.373,26.6
2024-08-16,Berau,Kalimantan Timur,2.1668,117.4817,0.368,0.372,0.373,27.3
2024-08-17,Berau,Kalimantan Timur,2.1668,117.4817,0.381,0.37,0.371,27.1
2024-08-18,Berau,Kalimantan Timur,2.1668,117.4817,0.395,0.385,0.367,26.8
2024-08-19,Berau,Kalimantan Timur,2.1668,117.4817,0.386,0.378,0.364,27.1
2024-08-20,Berau,Kalimantan Timur,2.1668,117.4817,0.407,0.399,0.368,26.9
2024-08-21,Berau,Kalimantan Timur,2.1668,117.4817,0.414,0.409,0.372,26.2
2024-08-22,Berau,Kalimantan Timur,2.1668,117.4817,0.424,0.422,0.385,25.1
2024-08-23,Berau,Kalimantan Timur,2.1668,117.4817,0.412,0.415,0.399,25.8
2024-08-24,Berau,Kalimantan Timur,2.1668,117.4817,0.408,0.404,0.4,26.5
2024-08-25,Berau,Kalimantan Timur,2.1668,117.4817,0.394,0.399,0.398,26.4
2024-08-26,Berau,Kalimantan Timur,2.1668,117.4817,0.389,0.385,0.396,26.7
2024-08-27,Berau,Kalimantan Timur,2.1668,117.4817,0.405,0.398,0.393,26.8
2024-08-28,Berau,Kalimantan Timur,2.1668,117.4817,0.388,0.39,0.39,27.5
2024-08-29,Berau,Kalimantan Timur,2.1668,117.4817,0.405,0.396,0.389,26.5
2024-08-30,Berau,Kalimantan Timur,2.1668,117.4817,0.41,0.406,0.39,26.0
2024-08-31,Berau,Kalimantan Timur,2.1668,117.4817,0.408,0.406,0.39,26.6
2024-09-01,Berau,Kalimantan Timur,2.1668,117.4817,0.406,0.408,0.391,25.6
2024-09-02,Berau,Kalimantan Timur,2.1668,117.4817,0.399,0.4,0.391,26.9
2024-09-03,Berau,Kalimantan Timur,2.1668,117.4817,0.401,0.397,0.389,26.8
2024-09-04,Berau,Kalimantan Timur,2.1668,117.4817,0.408,0.409,0.389,27.1
2024-09-05,Berau,Kalimantan Timur,2.1668,117.4817,0.402,0.402,0.387,27.1
2024-09-06,Berau,Kalimantan Timur,2.1668,117.4817,0.386,0.392,0.386,27.4
2024-09-07,Berau,Kalimantan Timur,2.1668,117.4817,0.37,0.379,0.386,28.0
2024-09-08,Berau,Kalimantan Timur,2.1668,117.4817,0.373,0.369,0.382,27.7
2024-09-09,Berau,Kalimantan Timur,2.1668,117.4817,0.373,0.368,0.38,27.6
2024-09-10,Berau,Kalimantan Timur,2.1668,117.4817,0.384,0.371,0.378,27.2
2024-09-11,Berau,Kalimantan Timur,2.1668,117.4817,0.395,0.394,0.375,27.4
2024-09-12,Berau,Kalimantan Timur,2.1668,117.4817,0.376,0.385,0.374,27.5
2024-09-13,Berau,Kalimantan Timur,2.1668,117.4817,0.359,0.37,0.371,27.6
2024-09-14,Berau,Kalimantan Timur,2.1668,117.4817,0.345,0.357,0.368,27.2
2024-09-15,Berau,Kalimantan Timur,2.1668,117.4817,0.333,0.347,0.365,27.7
2024-09-16,Berau,Kalimantan Timur,2.1668,117.4817,0.319,0.336,0.36,27.9
2024-09-17,Berau,Kalimantan Timur,2.1668,117.4817,0.311,0.328,0.358,28.2
2024-09-18,Berau,Kalimantan Timur,2.1668,117.4817,0.308,0.321,0.354,28.1
2024-09-19,Berau,Kalimantan Timur,2.1668,117.4817,0.298,0.313,0.35,28.1
2024-09-20,Berau,Kalimantan Timur,2.1668,117.4817,0.342,0.318,0.345,27.7
2024-09-21,Berau,Kalimantan Timur,2.1668,117.4817,0.399,0.393,0.337,26.3
2024-09-22,Berau,Kalimantan Timur,2.1668,117.4817,0.374,0.378,0.338,27.5
2024-09-23,Berau,Kalimantan Timur,2.1668,117.4817,0.356,0.363,0.336,27.7
2024-09-24,Berau,Kalimantan Timur,2.1668,117.4817,0.366,0.352,0.336,27.3
2024-09-25,Berau,Kalimantan Timur,2.1668,117.4817,0.401,0.374,0.335,26.2
2024-09-26,Berau,Kalimantan Timur,2.1668,117.4817,0.38,0.376,0.334,26.9
2024-09-27,Berau,Kalimantan Timur,2.1668,117.4817,0.4,0.387,0.334,27.0
2024-09-28,Berau,Kalimantan Timur,2.1668,117.4817,0.371,0.374,0.334,27.6
2024-09-29,Berau,Kalimantan Timur,2.1668,117.4817,0.351,0.36,0.333,28.0
2024-09-30,Berau,Kalimantan Timur,2.1668,117.4817,0.36,0.35,0.332,27.4
2024-10-01,Berau,Kalimantan Timur,2.1668,117.4817,0.359,0.345,0.331,27.1
2024-10-02,Berau,Kalimantan Timur,2.1668,117.4817,0.377,0.349,0.328,27.0
2024-10-03,Berau,Kalimantan Timur,2.1668,117.4817,0.411,0.392,0.331,26.3
2024-10-04,Berau,Kalimantan Timur,2.1668,117.4817,0.399,0.395,0.339,27.0
2024-10-05,Berau,Kalimantan Timur,2.1668,117.4817,0.399,0.394,0.341,27.1
2024-10-06,Berau,Kalimantan Timur,2.1668,117.4817,0.415,0.407,0.347,26.6
2024-10-07,Berau,Kalimantan Timur,2.1668,117.4817,0.408,0.407,0.353,26.8
2024-10-08,Berau,Kalimantan Timur,2.1668,117.4817,0.406,0.404,0.359,26.9
2024-10-09,Berau,Kalimantan Timur,2.1668,117.4817,0.389,0.386,0.36,27.5
2024-10-10,Berau,Kalimantan Timur,2.1668,117.4817,0.383,0.379,0.361,27.6
2024-10-11,Berau,Kalimantan Timur,2.1668,117.4817,0.394,0.387,0.361,27.4
2024-10-12,Berau,Kalimantan Timur,2.1668,117.4817,0.375,0.377,0.36,27.8
2024-10-13,Berau,Kalimantan Timur,2.1668,117.4817,0.379,0.372,0.359,27.2
2024-10-14,Berau,Kalimantan Timur,2.1668,117.4817,0.415,0.405,0.362,26.2
2024-10-15,Berau,Kalimantan Timur,2.1668,117.4817,0.399,0.397,0.364,27.2
2024-10-16,Berau,Kalimantan Timur,2.1668,117.4817,0.408,0.399,0.365,26.6
2024-10-17,Berau,Kalimantan Timur,2.1668,117.4817,0.42,0.417,0.371,26.3
2024-10-18,Berau,Kalimantan Timur,2.1668,117.4817,0.411,0.413,0.383,25.9
2024-10-19,Berau,Kalimantan Timur,2.1668,117.4817,0.396,0.397,0.382,26.8
2024-10-20,Berau,Kalimantan Timur,2.1668,117.4817,0.383,0.388,0.383,27.2
2024-10-21,Berau,Kalimantan Timur,2.1668,117.4817,0.403,0.389,0.381,26.3
2024-10-22,Berau,Kalimantan Timur,2.1668,117.4817,0.385,0.388,0.38,26.8
2024-10-23,Berau,Kalimantan Timur,2.1668,117.4817,0.372,0.379,0.377,27.6
2024-10-24,Berau,Kalimantan Timur,2.1668,117.4817,0.357,0.366,0.375,28.1
2024-10-25,Berau,Kalimantan Timur,2.1668,117.4817,0.344,0.356,0.372,28.3
2024-10-26,Berau,Kalimantan Timur,2.1668,117.4817,0.332,0.346,0.37,28.2
2024-10-27,Berau,Kalimantan Timur,2.1668,117.4817,0.324,0.337,0.367,28.2
2024-10-28,Berau,Kalimantan Timur,2.1668,117.4817,0.312,0.327,0.362,28.8
2024-10-29,Berau,Kalimantan Timur,2.1668,117.4817,0.385,0.339,0.36,27.2
2024-10-30,Berau,Kalimantan Timur,2.1668,117.4817,0.376,0.346,0.358,27.4
2024-10-31,Berau,Kalimantan Timur,2.1668,117.4817,0.408,0.38,0.354,26.5
2024-11-01,Berau,Kalimantan Timur,2.1668,117.4817,0.404,0.404,0.358,26.6
2024-11-02,Berau,Kalimantan Timur,2.1668,117.4817,0.385,0.389,0.358,27.2
2024-11-03,Berau,Kalimantan Timur,2.1668,117.4817,0.393,0.386,0.356,26.1
2024-11-04,Berau,Kalimantan Timur,2.1668,117.4817,0.39,0.379,0.354,26.7
2024-11-05,Berau,Kalimantan Timur,2.1668,117.4817,0.413,0.407,0.356,26.4
2024-11-06,Berau,Kalimantan Timur,2.1668,117.4817,0.414,0.413,0.363,25.6
2024-11-07,Berau,Kalimantan Timur,2.1668,117.4817,0.417,0.414,0.371,26.3
2024-11-08,Berau,Kalimantan Timur,2.1668,117.4817,0.389,0.394,0.376,27.5
2024-11-09,Berau,Kalimantan Timur,2.1668,117.4817,0.408,0.399,0.376,26.7
2024-11-10,Berau,Kalimantan Timur,2.1668,117.4817,0.411,0.41,0.38,26.9
2024-11-11,Berau,Kalimantan Timur,2.1668,117.4817,0.393,0.396,0.382,27.3
2024-11-12,Berau,Kalimantan Timur,2.1668,117.4817,0.374,0.379,0.367,27.7
2024-11-13,Berau,Kalimantan Timur,2.1668,117.4817,0.362,0.324,0.291,28.0
2024-11-14,Berau,Kalimantan Timur,2.1668,117.4817,0.367,0.317,0.284,27.0
2024-11-15,Berau,Kalimantan Timur,2.1668,117.4817,0.336,0.305,0.281,27.9
2024-11-16,Berau,Kalimantan Timur,2.1668,117.4817,0.323,0.302,0.28,28.4
2024-11-17,Berau,Kalimantan Timur,2.1668,117.4817,0.331,0.299,0.277,27.8
2024-11-18,Berau,Kalimantan Timur,2.1668,117.4817,0.367,0.307,0.273,26.8
2024-11-19,Berau,Kalimantan Timur,2.1668,117.4817,0.414,0.379,0.275,25.6
2024-11-20,Berau,Kalimantan Timur,2.1668,117.4817,0.385,0.383,0.28,27.0
2024-11-21,Berau,Kalimantan Timur,2.1668,117.4817,0.376,0.375,0.284,27.6
2024-11-22,Berau,Kalimantan Timur,2.1668,117.4817,0.379,0.366,0.285,27.5
2024-11-23,Berau,Kalimantan Timur,2.1668,117.4817,0.407,0.395,0.29,26.9
2024-11-24,Berau,Kalimantan Timur,2.1668,117.4817,0.41,0.401,0.299,26.3
2024-11-25,Berau,Kalimantan Timur,2.1668,117.4817,0.412,0.401,0.305,26.6
2024-11-26,Berau,Kalimantan Timur,2.1668,117.4817,0.409,0.394,0.31,26.1
2024-11-27,Berau,Kalimantan Timur,2.1668,117.4817,0.405,0.399,0.315,26.4
2024-11-28,Berau,Kalimantan Timur,2.1668,117.4817,0.387,0.386,0.319,27.2
2024-11-29,Berau,Kalimantan Timur,2.1668,117.4817,0.396,0.385,0.322,27.0
2024-11-30,Berau,Kalimantan Timur,2.1668,117.4817,0.411,0.399,0.324,27.3
2024-12-01,Berau,Kalimantan Timur,2.1668,117.4817,0.41,0.402,0.333,26.2
2024-12-02,Berau,Kalimantan Timur,2.1668,117.4817,0.384,0.376,0.331,27.4
2024-12-03,Berau,Kalimantan Timur,2.1668,117.4817,0.408,0.392,0.332,26.7
2024-12-04,Berau,Kalimantan Timur,2.1668,117.4817,0.409,0.401,0.334,26.9
2024-12-05,Berau,Kalimantan Timur,2.1668,117.4817,0.416,0.409,0.342,25.9
2024-12-06,Berau,Kalimantan Timur,2.1668,117.4817,0.377,0.378,0.338,27.8
2024-12-07,Berau,Kalimantan Timur,2.1668,117.4817,0.405,0.388,0.34,27.0
2024-12-08,Berau,Kalimantan Timur,2.1668,117.4817,0.386,0.378,0.339,27.3
2024-12-09,Berau,Kalimantan Timur,2.1668,117.4817,0.368,0.365,0.337,28.4
2024-12-10,Berau,Kalimantan Timur,2.1668,117.4817,0.375,0.36,0.333,27.6
2024-12-11,Berau,Kalimantan Timur,2.1668,117.4817,0.386,0.361,0.327,27.4
2024-12-12,Berau,Kalimantan Timur,2.1668,117.4817,0.385,0.377,0.325,27.7
2024-12-13,Berau,Kalimantan Timur,2.1668,117.4817,0.384,0.379,0.324,27.7
2024-12-14,Berau,Kalimantan Timur,2.1668,117.4817,0.371,0.368,0.323,27.3
2024-12-15,Berau,Kalimantan Timur,2.1668,117.4817,0.399,0.384,0.322,26.5
2024-12-16,Berau,Kalimantan Timur,2.1668,117.4817,0.375,0.37,0.323,27.7
2024-12-17,Berau,Kalimantan Timur,2.1668,117.4817,0.396,0.376,0.325,27.8
2024-12-18,Berau,Kalimantan Timur,2.1668,117.4817,0.362,0.356,0.322,27.3
2024-12-19,Berau,Kalimantan Timur,2.1668,117.4817,0.36,0.346,0.326,28.0
2024-12-20,Berau,Kalimantan Timur,2.1668,117.4817,0.385,0.368,0.327,27.6
2024-12-21,Berau,Kalimantan Timur,2.1668,117.4817,0.39,0.374,0.328,27.9
2024-12-22,Berau,Kalimantan Timur,2.1668,117.4817,0.393,0.382,0.334,26.9
2024-12-23,Berau,Kalimantan Timur,2.1668,117.4817,0.365,0.361,0.33,28.0
2024-12-24,Berau,Kalimantan Timur,2.1668,117.4817,0.41,0.391,0.329,26.9
2024-12-25,Berau,Kalimantan Timur,2.1668,117.4817,0.389,0.386,0.332,26.9
2024-12-26,Berau,Kalimantan Timur,2.1668,117.4817,0.399,0.385,0.335,26.3
2024-12-27,Berau,Kalimantan Timur,2.1668,117.4817,0.394,0.387,0.337,27.4
2024-12-28,Berau,Kalimantan Timur,2.1668,117.4817,0.403,0.39,0.342,27.4
2024-12-29,Berau,Kalimantan Timur,2.1668,117.4817,0.399,0.391,0.342,26.9
2024-12-30,Berau,Kalimantan Timur,2.1668,117.4817,0.376,0.371,0.338,28.4
2024-12-31,Berau,Kalimantan Timur,2.1668,117.4817,0.404,0.391,0.335,27.5
2025-01-01,Berau,Kalimantan Timur,2.1668,117.4817,0.403,0.396,0.336,27.5
2025-01-02,Berau,Kalimantan Timur,2.1668,117.4817,0.401,0.398,0.339,27.8
2025-01-03,Berau,Kalimantan Timur,2.1668,117.4817,0.383,0.381,0.342,28.3
2025-01-04,Berau,Kalimantan Timur,2.1668,117.4817,0.405,0.392,0.342,26.9
2025-01-05,Berau,Kalimantan Timur,2.1668,117.4817,0.393,0.384,0.34,27.4
2025-01-06,Berau,Kalimantan Timur,2.1668,117.4817,0.372,0.372,0.34,27.6
2025-01-07,Berau,Kalimantan Timur,2.1668,117.4817,0.386,0.369,0.336,27.7
2025-01-08,Berau,Kalimantan Timur,2.1668,117.4817,0.401,0.381,0.328,26.9
2025-01-09,Berau,Kalimantan Timur,2.1668,117.4817,0.399,0.397,0.333,27.3
2025-01-10,Berau,Kalimantan Timur,2.1668,117.4817,0.406,0.402,0.338,27.7
2025-01-11,Berau,Kalimantan Timur,2.1668,117.4817,0.406,0.405,0.341,27.3
2025-01-12,Berau,Kalimantan Timur,2.1668,117.4817,0.396,0.382,0.34,27.0
2025-01-13,Berau,Kalimantan Timur,2.1668,117.4817,0.41,0.402,0.34,26.6
2025-01-14,Berau,Kalimantan Timur,2.1668,117.4817,0.418,0.408,0.344,26.2
2025-01-15,Berau,Kalimantan Timur,2.1668,117.4817,0.42,0.414,0.355,25.3
2025-01-16,Berau,Kalimantan Timur,2.1668,117.4817,0.408,0.405,0.359,26.2
2025-01-17,Berau,Kalimantan Timur,2.1668,117.4817,0.417,0.41,0.364,26.3
2025-01-18,Berau,Kalimantan Timur,2.1668,117.4817,0.415,0.408,0.372,26.2
2025-01-19,Berau,Kalimantan Timur,2.1668,117.4817,0.414,0.413,0.377,25.7
2025-01-20,Berau,Kalimantan Timur,2.1668,117.4817,0.424,0.423,0.389,25.3
2025-01-21,Berau,Kalimantan Timur,2.1668,117.4817,0.413,0.414,0.394,26.4
2025-01-22,Berau,Kalimantan Timur,2.1668,117.4817,0.414,0.413,0.395,26.7
2025-01-23,Berau,Kalimantan Timur,2.1668,117.4817,0.422,0.42,0.397,26.1
2025-01-24,Berau,Kalimantan Timur,2.1668,117.4817,0.424,0.424,0.405,26.3
2025-01-25,Berau,Kalimantan Timur,2.1668,117.4817,0.409,0.409,0.405,27.2
2025-01-26,Berau,Kalimantan Timur,2.1668,117.4817,0.421,0.419,0.405,25.8
2025-01-27,Berau,Kalimantan Timur,2.1668,117.4817,0.413,0.414,0.407,26.6
2025-01-28,Berau,Kalimantan Timur,2.1668,117.4817,0.423,0.423,0.41,25.7
2025-01-29,Berau,Kalimantan Timur,2.1668,117.4817,0.424,0.425,0.422,25.4
2025-01-30,Berau,Kalimantan Timur,2.1668,117.4817,0.421,0.423,0.423,25.6
2025-01-31,Berau,Kalimantan Timur,2.1668,117.4817,0.409,0.411,0.42,26.4
2025-02-01,Berau,Kalimantan Timur,2.1668,117.4817,0.417,0.41,0.412,25.8
2025-02-02,Berau,Kalimantan Timur,2.1668,117.4817,0.411,0.416,0.409,27.0
2025-02-03,Berau,Kalimantan Timur,2.1668,117.4817,0.409,0.411,0.405,26.8
2025-02-04,Berau,Kalimantan Timur,2.1668,117.4817,0.402,0.401,0.401,27.1
2025-02-05,Berau,Kalimantan Timur,2.1668,117.4817,0.411,0.408,0.401,26.8
2025-02-06,Berau,Kalimantan Timur,2.1668,117.4817,0.417,0.417,0.402,25.9
2025-02-07,Berau,Kalimantan Timur,2.1668,117.4817,0.412,0.41,0.399,26.4
2025-02-08,Berau,Kalimantan Timur,2.1668,117.4817,0.416,0.414,0.397,26.8
2025-02-09,Berau,Kalimantan Timur,2.1668,117.4817,0.408,0.404,0.39,26.9
2025-02-10,Berau,Kalimantan Timur,2.1668,117.4817,0.398,0.398,0.389,27.2
2025-02-11,Berau,Kalimantan Timur,2.1668,117.4817,0.408,0.409,0.387,25.8
2025-02-12,Berau,Kalimantan Timur,2.1668,117.4817,0.399,0.396,0.384,27.2
2025-02-13,Berau,Kalimantan Timur,2.1668,117.4817,0.401,0.401,0.383,26.2
2025-02-14,Berau,Kalimantan Timur,2.1668,117.4817,0.39,0.385,0.38,26.9
2025-02-15,Berau,Kalimantan Timur,2.1668,117.4817,0.377,0.378,0.379,27.2
2025-02-16,Berau,Kalimantan Timur,2.1668,117.4817,0.361,0.363,0.377,27.4
2025-02-17,Berau,Kalimantan Timur,2.1668,117.4817,0.381,0.364,0.374,26.6
2025-02-18,Berau,Kalimantan Timur,2.1668,117.4817,0.385,0.371,0.369,26.4
2025-02-19,Berau,Kalimantan Timur,2.1668,117.4817,0.386,0.379,0.367,27.2
2025-02-20,Berau,Kalimantan Timur,2.1668,117.4817,0.403,0.4,0.366,27.1
2025-02-21,Berau,Kalimantan Timur,2.1668,117.4817,0.399,0.399,0.373,27.0
2025-02-22,Berau,Kalimantan Timur,2.1668,117.4817,0.404,0.397,0.376,26.2
2025-02-23,Berau,Kalimantan Timur,2.1668,117.4817,0.423,0.415,0.38,25.2
2025-02-24,Berau,Kalimantan Timur,2.1668,117.4817,0.418,0.416,0.384,25.7
2025-02-25,Berau,Kalimantan Timur,2.1668,117.4817,0.409,0.41,0.389,26.2
2025-02-26,Berau,Kalimantan Timur,2.1668,117.4817,0.415,0.415,0.392,26.3
2025-02-27,Berau,Kalimantan Timur,2.1668,117.4817,0.407,0.413,0.397,26.6
2025-02-28,Berau,Kalimantan Timur,2.1668,117.4817,0.41,0.411,0.397,26.5
2025-03-01,Berau,Kalimantan Timur,2.1668,117.4817,0.421,0.42,0.398,26.0
2025-03-02,Berau,Kalimantan Timur,2.1668,117.4817,0.419,0.417,0.396,26.3
2025-03-03,Berau,Kalimantan Timur,2.1668,117.4817,0.41,0.41,0.393,26.8
2025-03-04,Berau,Kalimantan Timur,2.1668,117.4817,0.399,0.4,0.385,27.4
2025-03-05,Berau,Kalimantan Timur,2.1668,117.4817,0.419,0.414,0.379,26.7
2025-03-06,Berau,Kalimantan Timur,2.1668,117.4817,0.409,0.408,0.381,26.8
2025-03-07,Berau,Kalimantan Timur,2.1668,117.4817,0.406,0.402,0.38,26.2
2025-03-08,Berau,Kalimantan Timur,2.1668,117.4817,0.424,0.417,0.381,25.3
2025-03-09,Berau,Kalimantan Timur,2.1668,117.4817,0.409,0.411,0.388,26.4
2025-03-10,Berau,Kalimantan Timur,2.1668,117.4817,0.407,0.404,0.389,26.5
2025-03-11,Berau,Kalimantan Timur,2.1668,117.4817,0.416,0.41,0.39,25.9
2025-03-12,Berau,Kalimantan Timur,2.1668,117.4817,0.412,0.413,0.392,26.0
2025-03-13,Berau,Kalimantan Timur,2.1668,117.4817,0.395,0.398,0.392,26.9
2025-03-14,Berau,Kalimantan Timur,2.1668,117.4817,0.389,0.391,0.391,27.6
2025-03-15,Berau,Kalimantan Timur,2.1668,117.4817,0.403,0.4,0.388,27.3
2025-03-16,Berau,Kalimantan Timur,2.1668,117.4817,0.414,0.406,0.389,26.6
2025-03-17,Berau,Kalimantan Timur,2.1668,117.4817,0.426,0.425,0.395,25.8
2025-03-18,Berau,Kalimantan Timur,2.1668,117.4817,0.418,0.419,0.401,26.0
2025-03-19,Berau,Kalimantan Timur,2.1668,117.4817,0.424,0.424,0.409,26.5
2025-03-20,Berau,Kalimantan Timur,2.1668,117.4817,0.42,0.423,0.417,26.1
2025-03-21,Berau,Kalimantan Timur,2.1668,117.4817,0.412,0.415,0.418,26.3
2025-03-22,Berau,Kalimantan Timur,2.1668,117.4817,0.414,0.41,0.415,26.4
2025-03-23,Berau,Kalimantan Timur,2.1668,117.4817,0.418,0.416,0.413,26.4
2025-03-24,Berau,Kalimantan Timur,2.1668,117.4817,0.4,0.399,0.405,27.2
2025-03-25,Berau,Kalimantan Timur,2.1668,117.4817,0.423,0.422,0.405,26.7
2025-03-26,Berau,Kalimantan Timur,2.1668,117.4817,0.409,0.414,0.412,27.6
2025-03-27,Berau,Kalimantan Timur,2.1668,117.4817,0.411,0.407,0.408,27.8
2025-03-28,Berau,Kalimantan Timur,2.1668,117.4817,0.403,0.406,0.404,27.7
2025-03-29,Berau,Kalimantan Timur,2.1668,117.4817,0.409,0.401,0.399,26.8
2025-03-30,Berau,Kalimantan Timur,2.1668,117.4817,0.4,0.397,0.397,27.6
2025-03-31,Berau,Kalimantan Timur,2.1668,117.4817,0.392,0.389,0.395,27.2
2025-04-01,Berau,Kalimantan Timur,2.1668,117.4817,0.408,0.402,0.393,27.0
2025-04-02,Berau,Kalimantan Timur,2.1668,117.4817,0.42,0.419,0.397,26.5
2025-04-03,Berau,Kalimantan Timur,2.1668,117.4817,0.408,0.41,0.399,27.3
2025-04-04,Berau,Kalimantan Timur,2.1668,117.4817,0.414,0.413,0.4,26.5
2025-04-05,Berau,Kalimantan Timur,2.1668,117.4817,0.403,0.41,0.404,27.3
2025-04-06,Berau,Kalimantan Timur,2.1668,117.4817,0.402,0.4,0.399,27.2
2025-04-07,Berau,Kalimantan Timur,2.1668,117.4817,0.396,0.403,0.398,27.7
2025-04-08,Berau,Kalimantan Timur,2.1668,117.4817,0.409,0.41,0.397,27.1
2025-04-09,Berau,Kalimantan Timur,2.1668,117.4817,0.417,0.416,0.401,26.9
2025-04-10,Berau,Kalimantan Timur,2.1668,117.4817,0.412,0.411,0.4,27.5
2025-04-11,Berau,Kalimantan Timur,2.1668,117.4817,0.422,0.422,0.402,26.4
2025-04-12,Berau,Kalimantan Timur,2.1668,117.4817,0.403,0.404,0.4,27.7
2025-04-13,Berau,Kalimantan Timur,2.1668,117.4817,0.409,0.407,0.398,27.6
2025-04-14,Berau,Kalimantan Timur,2.1668,117.4817,0.415,0.415,0.4,27.3
2025-04-15,Berau,Kalimantan Timur,2.1668,117.4817,0.417,0.418,0.403,26.9
2025-04-16,Berau,Kalimantan Timur,2.1668,117.4817,0.418,0.418,0.405,26.8
2025-04-17,Berau,Kalimantan Timur,2.1668,117.4817,0.422,0.421,0.404,26.6
2025-04-18,Berau,Kalimantan Timur,2.1668,117.4817,0.401,0.406,0.405,27.4
2025-04-19,Berau,Kalimantan Timur,2.1668,117.4817,0.386,0.393,0.401,27.7
2025-04-20,Berau,Kalimantan Timur,2.1668,117.4817,0.373,0.375,0.397,28.2
2025-04-21,Berau,Kalimantan Timur,2.1668,117.4817,0.356,0.363,0.394,28.3
2025-04-22,Berau,Kalimantan Timur,2.1668,117.4817,0.394,0.38,0.387,27.6
2025-04-23,Berau,Kalimantan Timur,2.1668,117.4817,0.413,0.415,0.389,26.7
2025-04-24,Berau,Kalimantan Timur,2.1668,117.4817,0.423,0.421,0.395,26.1
2025-04-25,Berau,Kalimantan Timur,2.1668,117.4817,0.403,0.407,0.396,26.4
2025-04-26,Berau,Kalimantan Timur,2.1668,117.4817,0.408,0.407,0.397,26.6
2025-04-27,Berau,Kalimantan Timur,2.1668,117.4817,0.382,0.385,0.395,27.9
2025-04-28,Berau,Kalimantan Timur,2.1668,117.4817,0.42,0.417,0.395,26.9
2025-04-29,Berau,Kalimantan Timur,2.1668,117.4817,0.416,0.416,0.399,27.0
2025-04-30,Berau,Kalimantan Timur,2.1668,117.4817,0.418,0.419,0.403,27.0
2025-05-01,Berau,Kalimantan Timur,2.1668,117.4817,0.419,0.417,0.407,27.3
2025-05-02,Berau,Kalimantan Timur,2.1668,117.4817,0.421,0.42,0.411,26.5
2025-05-03,Berau,Kalimantan Timur,2.1668,117.4817,0.395,0.4,0.406,28.2
2025-05-04,Berau,Kalimantan Timur,2.1668,117.4817,0.404,0.409,0.404,27.9
2025-05-05,Berau,Kalimantan Timur,2.1668,117.4817,0.421,0.419,0.403,27.5
2025-05-06,Berau,Kalimantan Timur,2.1668,117.4817,0.411,0.414,0.413,27.5
2025-05-07,Berau,Kalimantan Timur,2.1668,117.4817,0.402,0.406,0.411,27.8
2025-05-08,Berau,Kalimantan Timur,2.1668,117.4817,0.413,0.412,0.41,27.6
2025-05-09,Berau,Kalimantan Timur,2.1668,117.4817,0.408,0.41,0.41,27.9
2025-05-10,Berau,Kalimantan Timur,2.1668,117.4817,0.416,0.418,0.411,27.3
2025-05-11,Berau,Kalimantan Timur,2.1668,117.4817,0.414,0.41,0.409,27.5
2025-05-12,Berau,Kalimantan Timur,2.1668,117.4817,0.415,0.415,0.406,27.0
2025-05-13,Berau,Kalimantan Timur,2.1668,117.4817,0.409,0.412,0.406,27.0
2025-05-14,Berau,Kalimantan Timur,2.1668,117.4817,0.414,0.41,0.406,27.3
2025-05-15,Berau,Kalimantan Timur,2.1668,117.4817,0.412,0.418,0.413,27.5
2025-05-16,Berau,Kalimantan Timur,2.1668,117.4817,0.409,0.412,0.413,27.4
2025-05-17,Berau,Kalimantan Timur,2.1668,117.4817,0.415,0.418,0.413,27.3
2025-05-18,Berau,Kalimantan Timur,2.1668,117.4817,0.417,0.421,0.421,27.3
2025-05-19,Berau,Kalimantan Timur,2.1668,117.4817,0.412,0.415,0.42,27.2
2025-05-20,Berau,Kalimantan Timur,2.1668,117.4817,0.417,0.416,0.416,27.2
2025-05-21,Berau,Kalimantan Timur,2.1668,117.4817,0.42,0.422,0.419,26.1
2025-05-22,Berau,Kalimantan Timur,2.1668,117.4817,0.409,0.412,0.418,27.4
2025-05-23,Berau,Kalimantan Timur,2.1668,117.4817,0.409,0.413,0.416,27.6
2025-05-24,Berau,Kalimantan Timur,2.1668,117.4817,0.409,0.409,0.413,27.2
2025-05-25,Berau,Kalimantan Timur,2.1668,117.4817,0.403,0.41,0.413,27.9
2025-05-26,Berau,Kalimantan Timur,2.1668,117.4817,0.384,0.397,0.411,28.7
2025-05-27,Berau,Kalimantan Timur,2.1668,117.4817,0.404,0.398,0.409,26.9
2025-05-28,Berau,Kalimantan Timur,2.1668,117.4817,0.388,0.397,0.407,27.9
2025-05-29,Berau,Kalimantan Timur,2.1668,117.4817,0.381,0.386,0.404,27.9
2025-05-30,Berau,Kalimantan Timur,2.1668,117.4817,0.364,0.376,0.401,28.5
2025-05-31,Berau,Kalimantan Timur,2.1668,117.4817,0.4,0.388,0.398,27.9
2025-06-01,Berau,Kalimantan Timur,2.1668,117.4817,0.425,0.424,0.405,26.2
2025-06-02,Berau,Kalimantan Timur,2.1668,117.4817,0.421,0.423,0.413,26.4
2025-06-03,Berau,Kalimantan Timur,2.1668,117.4817,0.415,0.417,0.416,26.2
2025-06-04,Berau,Kalimantan Timur,2.1668,117.4817,0.403,0.406,0.414,27.0
2025-06-05,Berau,Kalimantan Timur,2.1668,117.4817,0.413,0.416,0.413,27.3
2025-06-06,Berau,Kalimantan Timur,2.1668,117.4817,0.413,0.413,0.413,27.5
2025-06-07,Berau,Kalimantan Timur,2.1668,117.4817,0.418,0.419,0.414,26.6
2025-06-08,Berau,Kalimantan Timur,2.1668,117.4817,0.4,0.408,0.414,27.7
2025-06-09,Berau,Kalimantan Timur,2.1668,117.4817,0.413,0.412,0.413,27.5
2025-06-10,Berau,Kalimantan Timur,2.1668,117.4817,0.406,0.411,0.412,27.8
2025-06-11,Berau,Kalimantan Timur,2.1668,117.4817,0.396,0.397,0.41,28.1
2025-06-12,Berau,Kalimantan Timur,2.1668,117.4817,0.406,0.404,0.409,27.4
2025-06-13,Berau,Kalimantan Timur,2.1668,117.4817,0.408,0.407,0.409,27.7
2025-06-14,Berau,Kalimantan Timur,2.1668,117.4817,0.403,0.402,0.407,26.7
2025-06-15,Berau,Kalimantan Timur,2.1668,117.4817,0.41,0.409,0.406,27.0
2025-06-16,Berau,Kalimantan Timur,2.1668,117.4817,0.408,0.41,0.406,27.2
2025-06-17,Berau,Kalimantan Timur,2.1668,117.4817,0.4,0.409,0.408,27.7
2025-06-18,Berau,Kalimantan Timur,2.1668,117.4817,0.409,0.412,0.408,26.7
2025-06-19,Berau,Kalimantan Timur,2.1668,117.4817,0.419,0.418,0.41,26.4
2025-06-20,Berau,Kalimantan Timur,2.1668,117.4817,0.416,0.42,0.416,26.4
2025-06-21,Berau,Kalimantan Timur,2.1668,117.4817,0.403,0.409,0.417,26.5
2025-06-22,Berau,Kalimantan Timur,2.1668,117.4817,0.413,0.412,0.415,25.6
2025-06-23,Berau,Kalimantan Timur,2.1668,117.4817,0.413,0.418,0.417,26.4
2025-06-24,Berau,Kalimantan Timur,2.1668,117.4817,0.408,0.411,0.416,27.2
2025-06-25,Berau,Kalimantan Timur,2.1668,117.4817,0.408,0.408,0.414,27.0
2025-06-26,Berau,Kalimantan Timur,2.1668,117.4817,0.406,0.412,0.414,27.5
2025-06-27,Berau,Kalimantan Timur,2.1668,117.4817,0.408,0.41,0.412,27.6
2025-06-28,Berau,Kalimantan Timur,2.1668,117.4817,0.408,0.409,0.411,27.8
2025-06-29,Berau,Kalimantan Timur,2.1668,117.4817,0.408,0.411,0.41,27.4
2025-06-30,Berau,Kalimantan Timur,2.1668,117.4817,0.396,0.398,0.408,27.1
2025-07-01,Berau,Kalimantan Timur,2.1668,117.4817,0.377,0.387,0.406,27.8
2025-07-02,Berau,Kalimantan Timur,2.1668,117.4817,0.367,0.378,0.403,28.1
2025-07-03,Berau,Kalimantan Timur,2.1668,117.4817,0.348,0.367,0.4,28.5
2025-07-04,Berau,Kalimantan Timur,2.1668,117.4817,0.397,0.386,0.4,27.8
2025-07-05,Berau,Kalimantan Timur,2.1668,117.4817,0.404,0.4,0.397,27.6
2025-07-06,Berau,Kalimantan Timur,2.1668,117.4817,0.393,0.391,0.395,27.7
2025-07-07,Berau,Kalimantan Timur,2.1668,117.4817,0.418,0.411,0.395,25.4
2025-07-08,Berau,Kalimantan Timur,2.1668,117.4817,0.41,0.414,0.4,26.7
2025-07-09,Berau,Kalimantan Timur,2.1668,117.4817,0.393,0.398,0.398,27.5
2025-07-10,Berau,Kalimantan Timur,2.1668,117.4817,0.404,0.405,0.398,26.7
2025-07-11,Berau,Kalimantan Timur,2.1668,117.4817,0.398,0.398,0.397,27.3
2025-07-12,Berau,Kalimantan Timur,2.1668,117.4817,0.398,0.396,0.396,27.2
2025-07-13,Berau,Kalimantan Timur,2.1668,117.4817,0.375,0.386,0.394,28.2
2025-07-14,Berau,Kalimantan Timur,2.1668,117.4817,0.37,0.373,0.391,28.0
2025-07-15,Berau,Kalimantan Timur,2.1668,117.4817,0.369,0.365,0.388,27.4
2025-07-16,Berau,Kalimantan Timur,2.1668,117.4817,0.382,0.375,0.385,27.0
2025-07-17,Berau,Kalimantan Timur,2.1668,117.4817,0.42,0.412,0.387,25.6
2025-07-18,Berau,Kalimantan Timur,2.1668,117.4817,0.397,0.404,0.388,26.6
2025-07-19,Berau,Kalimantan Timur,2.1668,117.4817,0.379,0.39,0.387,27.5
2025-07-20,Berau,Kalimantan Timur,2.1668,117.4817,0.363,0.377,0.386,27.9
2025-07-21,Berau,Kalimantan Timur,2.1668,117.4817,0.362,0.366,0.383,28.2
2025-07-22,Berau,Kalimantan Timur,2.1668,117.4817,0.371,0.368,0.379,28.0
2025-07-23,Berau,Kalimantan Timur,2.1668,117.4817,0.348,0.36,0.377,29.1
2025-07-24,Berau,Kalimantan Timur,2.1668,117.4817,0.334,0.351,0.374,29.1
2025-07-25,Berau,Kalimantan Timur,2.1668,117.4817,0.335,0.344,0.371,29.0
2025-07-26,Berau,Kalimantan Timur,2.1668,117.4817,0.321,0.337,0.368,29.1
2025-07-27,Berau,Kalimantan Timur,2.1668,117.4817,0.362,0.34,0.367,28.6
2025-07-28,Berau,Kalimantan Timur,2.1668,117.4817,0.343,0.337,0.363,28.6
2025-07-29,Berau,Kalimantan Timur,2.1668,117.4817,0.31,0.328,0.357,28.8
2025-07-30,Berau,Kalimantan Timur,2.1668,117.4817,0.301,0.324,0.358,29.1
2025-07-31,Berau,Kalimantan Timur,2.1668,117.4817,0.313,0.318,0.355,28.4
2025-08-01,Berau,Kalimantan Timur,2.1668,117.4817,0.292,0.314,0.354,28.9
2025-08-02,Berau,Kalimantan Timur,2.1668,117.4817,0.299,0.308,0.352,28.6
2025-08-03,Berau,Kalimantan Timur,2.1668,117.4817,0.34,0.304,0.349,27.5
2025-08-04,Berau,Kalimantan Timur,2.1668,117.4817,0.373,0.324,0.343,27.0
2025-08-05,Berau,Kalimantan Timur,2.1668,117.4817,0.349,0.324,0.334,27.5
2025-08-06,Berau,Kalimantan Timur,2.1668,117.4817,0.371,0.338,0.333,26.4
2025-08-07,Berau,Kalimantan Timur,2.1668,117.4817,0.344,0.342,0.333,27.3
2025-08-08,Berau,Kalimantan Timur,2.1668,117.4817,0.328,0.336,0.333,27.8
2025-08-09,Berau,Kalimantan Timur,2.1668,117.4817,0.333,0.328,0.331,27.4
2025-08-10,Berau,Kalimantan Timur,2.1668,117.4817,0.394,0.35,0.331,26.7
2025-08-11,Berau,Kalimantan Timur,2.1668,117.4817,0.379,0.357,0.328,26.9
2025-08-12,Berau,Kalimantan Timur,2.1668,117.4817,0.404,0.385,0.324,26.1
2025-08-13,Berau,Kalimantan Timur,2.1668,117.4817,0.39,0.391,0.328,25.8
2025-08-14,Berau,Kalimantan Timur,2.1668,117.4817,0.39,0.384,0.33,26.7
2025-08-15,Berau,Kalimantan Timur,2.1668,117.4817,0.385,0.387,0.331,27.1
2025-08-16,Berau,Kalimantan Timur,2.1668,117.4817,0.388,0.378,0.332,27.2
2025-08-17,Berau,Kalimantan Timur,2.1668,117.4817,0.411,0.402,0.333,26.4
2025-08-18,Berau,Kalimantan Timur,2.1668,117.4817,0.413,0.406,0.338,26.5
2025-08-19,Berau,Kalimantan Timur,2.1668,117.4817,0.404,0.402,0.343,26.6
2025-08-20,Berau,Kalimantan Timur,2.1668,117.4817,0.417,0.412,0.35,25.8
2025-08-21,Berau,Kalimantan Timur,2.1668,117.4817,0.397,0.398,0.354,25.8
2025-08-22,Berau,Kalimantan Timur,2.1668,117.4817,0.384,0.387,0.357,26.1
2025-08-23,Berau,Kalimantan Timur,2.1668,117.4817,0.371,0.377,0.357,26.5
2025-08-24,Berau,Kalimantan Timur,2.1668,117.4817,0.365,0.368,0.357,26.6
2025-08-25,Berau,Kalimantan Timur,2.1668,117.4817,0.35,0.356,0.356,27.0
2025-08-26,Berau,Kalimantan Timur,2.1668,117.4817,0.376,0.359,0.357,26.6
2025-08-27,Berau,Kalimantan Timur,2.1668,117.4817,0.389,0.372,0.355,26.8
2025-08-28,Berau,Kalimantan Timur,2.1668,117.4817,0.392,0.394,0.356,27.3
2025-08-29,Berau,Kalimantan Timur,2.1668,117.4817,0.384,0.383,0.356,27.9
2025-08-30,Berau,Kalimantan Timur,2.1668,117.4817,0.41,0.404,0.358,27.1
2025-08-31,Berau,Kalimantan Timur,2.1668,117.4817,0.416,0.414,0.366,26.1
2025-09-01,Berau,Kalimantan Timur,2.1668,117.4817,0.398,0.399,0.372,27.2
2025-09-02,Berau,Kalimantan Timur,2.1668,117.4817,0.392,0.389,0.372,27.2
2025-09-03,Berau,Kalimantan Timur,2.1668,117.4817,0.394,0.393,0.372,27.7
2025-09-04,Berau,Kalimantan Timur,2.1668,117.4817,0.38,0.384,0.371,27.9
2025-09-05,Berau,Kalimantan Timur,2.1668,117.4817,0.395,0.393,0.372,27.3
2025-09-06,Berau,Kalimantan Timur,2.1668,117.4817,0.408,0.406,0.376,26.5
2025-09-07,Berau,Kalimantan Timur,2.1668,117.4817,0.398,0.399,0.376,26.9
2025-09-08,Berau,Kalimantan Timur,2.1668,117.4817,0.414,0.408,0.378,26.5
2025-09-09,Berau,Kalimantan Timur,2.1668,117.4817,0.409,0.408,0.379,26.6
2025-09-10,Berau,Kalimantan Timur,2.1668,117.4817,0.408,0.406,0.38,26.9
2025-09-11,Berau,Kalimantan Timur,2.1668,117.4817,0.391,0.395,0.378,27.6
2025-09-12,Berau,Kalimantan Timur,2.1668,117.4817,0.39,0.391,0.373,27.7
2025-09-13,Berau,Kalimantan Timur,2.1668,117.4817,0.414,0.407,0.373,26.7
2025-09-14,Berau,Kalimantan Timur,2.1668,117.4817,0.412,0.412,0.377,26.5
2025-09-15,Berau,Kalimantan Timur,2.1668,117.4817,0.414,0.414,0.387,26.8
2025-09-16,Berau,Kalimantan Timur,2.1668,117.4817,0.413,0.41,0.392,26.9
2025-09-17,Berau,Kalimantan Timur,2.1668,117.4817,0.417,0.417,0.396,26.4
2025-09-18,Berau,Kalimantan Timur,2.1668,117.4817,0.402,0.405,0.397,26.9
2025-09-19,Berau,Kalimantan Timur,2.1668,117.4817,0.399,0.404,0.397,27.4
2025-09-20,Berau,Kalimantan Timur,2.1668,117.4817,0.374,0.386,0.395,28.3
2025-09-21,Berau,Kalimantan Timur,2.1668,117.4817,0.385,0.378,0.393,27.4
2025-09-22,Berau,Kalimantan Timur,2.1668,117.4817,0.347,0.364,0.392,28.0
2025-09-23,Berau,Kalimantan Timur,2.1668,117.4817,0.331,0.353,0.389,28.2
2025-09-24,Berau,Kalimantan Timur,2.1668,117.4817,0.332,0.347,0.39,28.0
2025-09-25,Berau,Kalimantan Timur,2.1668,117.4817,0.348,0.342,0.387,27.7
2025-09-26,Berau,Kalimantan Timur,2.1668,117.4817,0.344,0.341,0.384,28.0
2025-09-27,Berau,Kalimantan Timur,2.1668,117.4817,0.33,0.337,0.385,27.9
2025-09-28,Berau,Kalimantan Timur,2.1668,117.4817,0.377,0.345,0.382,27.2
2025-09-29,Berau,Kalimantan Timur,2.1668,117.4817,0.401,0.378,0.381,26.6
2025-09-30,Berau,Kalimantan Timur,2.1668,117.4817,0.391,0.386,0.38,26.9
2025-10-01,Berau,Kalimantan Timur,2.1668,117.4817,0.391,0.378,0.376,27.6
2025-10-02,Berau,Kalimantan Timur,2.1668,117.4817,0.374,0.366,0.365,28.1
2025-10-03,Berau,Kalimantan Timur,2.1668,117.4817,0.399,0.384,0.363,27.3
2025-10-04,Berau,Kalimantan Timur,2.1668,117.4817,0.414,0.402,0.363,26.0
2025-10-05,Berau,Kalimantan Timur,2.1668,117.4817,0.4,0.397,0.363,26.3
2025-10-06,Berau,Kalimantan Timur,2.1668,117.4817,0.414,0.416,0.373,25.2
2025-10-07,Berau,Kalimantan Timur,2.1668,117.4817,0.4,0.402,0.376,26.2
2025-10-08,Berau,Kalimantan Timur,2.1668,117.4817,0.397,0.406,0.379,27.0
2025-10-09,Berau,Kalimantan Timur,2.1668,117.4817,0.382,0.391,0.38,27.5
2025-10-10,Berau,Kalimantan Timur,2.1668,117.4817,0.39,0.385,0.379,27.3
2025-10-11,Berau,Kalimantan Timur,2.1668,117.4817,0.374,0.377,0.377,27.3
2025-10-12,Berau,Kalimantan Timur,2.1668,117.4817,0.366,0.37,0.376,27.3
2025-10-13,Berau,Kalimantan Timur,2.1668,117.4817,0.374,0.369,0.377,27.5
2025-10-14,Berau,Kalimantan Timur,2.1668,117.4817,0.35,0.362,0.374,28.2
2025-10-15,Berau,Kalimantan Timur,2.1668,117.4817,0.33,0.349,0.372,28.7
2025-10-16,Berau,Kalimantan Timur,2.1668,117.4817,0.318,0.338,0.368,28.5
2025-10-17,Berau,Kalimantan Timur,2.1668,117.4817,0.295,0.328,0.364,29.1
2025-10-18,Berau,Kalimantan Timur,2.1668,117.4817,0.301,0.32,0.359,28.9
2025-10-19,Berau,Kalimantan Timur,2.1668,117.4817,0.384,0.359,0.357,27.4
2025-10-20,Berau,Kalimantan Timur,2.1668,117.4817,0.379,0.356,0.351,28.1
2025-10-21,Berau,Kalimantan Timur,2.1668,117.4817,0.348,0.347,0.343,28.4
2025-10-22,Berau,Kalimantan Timur,2.1668,117.4817,0.353,0.338,0.34,28.0
2025-10-23,Berau,Kalimantan Timur,2.1668,117.4817,0.322,0.331,0.338,28.1
2025-10-24,Berau,Kalimantan Timur,2.1668,117.4817,0.401,0.358,0.336,26.4
2025-10-25,Berau,Kalimantan Timur,2.1668,117.4817,0.387,0.365,0.335,27.5
2025-10-26,Berau,Kalimantan Timur,2.1668,117.4817,0.419,0.415,0.346,26.5
2025-10-27,Berau,Kalimantan Timur,2.1668,117.4817,0.394,0.398,0.352,27.4
2025-10-28,Berau,Kalimantan Timur,2.1668,117.4817,0.38,0.386,0.354,28.3
2025-10-29,Berau,Kalimantan Timur,2.1668,117.4817,0.402,0.397,0.357,27.0
2025-10-30,Berau,Kalimantan Timur,2.1668,117.4817,0.394,0.387,0.358,27.3
2025-10-31,Berau,Kalimantan Timur,2.1668,117.4817,0.38,0.38,0.357,27.3
2025-11-01,Berau,Kalimantan Timur,2.1668,117.4817,0.358,0.369,0.356,28.7
2025-11-02,Berau,Kalimantan Timur,2.1668,117.4817,0.365,0.368,0.355,28.6
2025-11-03,Berau,Kalimantan Timur,2.1668,117.4817,0.407,0.395,0.355,27.8
2025-11-04,Berau,Kalimantan Timur,2.1668,117.4817,0.403,0.401,0.358,27.7
2025-11-05,Berau,Kalimantan Timur,2.1668,117.4817,0.387,0.394,0.359,28.1
2025-11-06,Berau,Kalimantan Timur,2.1668,117.4817,0.382,0.382,0.358,27.8
2025-11-07,Berau,Kalimantan Timur,2.1668,117.4817,0.38,0.375,0.355,27.6
2025-11-08,Berau,Kalimantan Timur,2.1668,117.4817,0.368,0.366,0.351,28.2
2025-11-09,Berau,Kalimantan Timur,2.1668,117.4817,0.349,0.355,0.346,28.7
2025-11-10,Berau,Kalimantan Timur,2.1668,117.4817,0.327,0.342,0.341,28.6
2025-11-11,Berau,Kalimantan Timur,2.1668,117.4817,0.334,0.333,0.336,28.5
2025-11-12,Berau,Kalimantan Timur,2.1668,117.4817,0.401,0.391,0.335,27.2
2025-11-13,Berau,Kalimantan Timur,2.1668,117.4817,0.412,0.41,0.341,27.3
2025-11-14,Berau,Kalimantan Timur,2.1668,117.4817,0.404,0.406,0.346,27.1
2025-11-15,Berau,Kalimantan Timur,2.1668,117.4817,0.39,0.392,0.349,28.3
2025-11-16,Berau,Kalimantan Timur,2.1668,117.4817,0.389,0.395,0.351,27.4
2025-11-17,Berau,Kalimantan Timur,2.1668,117.4817,0.38,0.39,0.353,28.2
2025-11-18,Berau,Kalimantan Timur,2.1668,117.4817,0.408,0.406,0.355,27.5
2025-11-19,Berau,Kalimantan Timur,2.1668,117.4817,0.407,0.405,0.359,27.4
2025-11-20,Berau,Kalimantan Timur,2.1668,117.4817,0.41,0.409,0.362,27.1
2025-11-21,Berau,Kalimantan Timur,2.1668,117.4817,0.415,0.415,0.372,26.4
2025-11-22,Berau,Kalimantan Timur,2.1668,117.4817,0.404,0.4,0.375,27.3
2025-11-23,Berau,Kalimantan Timur,2.1668,117.4817,0.396,0.396,0.373,27.5
2025-11-24,Berau,Kalimantan Timur,2.1668,117.4817,0.419,0.413,0.374,27.9
2025-11-25,Berau,Kalimantan Timur,2.1668,117.4817,0.402,0.407,0.376,27.7
2025-11-26,Berau,Kalimantan Timur,2.1668,117.4817,0.391,0.403,0.376,28.3
2025-11-27,Berau,Kalimantan Timur,2.1668,117.4817,0.408,0.406,0.376,27.6
2025-11-28,Berau,Kalimantan Timur,2.1668,117.4817,0.416,0.414,0.377,27.9
2025-11-29,Berau,Kalimantan Timur,2.1668,117.4817,0.424,0.42,0.381,26.1
2025-11-30,Berau,Kalimantan Timur,2.1668,117.4817,0.412,0.416,0.393,26.2
2025-12-01,Berau,Kalimantan Timur,2.1668,117.4817,0.415,0.414,0.396,27.0
2025-12-02,Berau,Kalimantan Timur,2.1668,117.4817,0.409,0.414,0.399,27.3
2025-12-03,Berau,Kalimantan Timur,2.1668,117.4817,0.403,0.405,0.399,27.4
2025-12-04,Berau,Kalimantan Timur,2.1668,117.4817,0.418,0.419,0.404,26.2
2025-12-05,Berau,Kalimantan Timur,2.1668,117.4817,0.401,0.403,0.402,27.5
2025-12-06,Berau,Kalimantan Timur,2.1668,117.4817,0.404,0.406,0.401,26.9
2025-12-07,Berau,Kalimantan Timur,2.1668,117.4817,0.418,0.42,0.403,25.8
2025-12-08,Berau,Kalimantan Timur,2.1668,117.4817,0.397,0.406,0.402,27.0
2025-12-09,Berau,Kalimantan Timur,2.1668,117.4817,0.403,0.409,0.403,27.2
2025-12-10,Berau,Kalimantan Timur,2.1668,117.4817,0.401,0.408,0.404,27.1
2025-12-11,Berau,Kalimantan Timur,2.1668,117.4817,0.382,0.395,0.402,27.2
2025-12-12,Berau,Kalimantan Timur,2.1668,117.4817,0.408,0.411,0.402,26.2
2025-12-13,Berau,Kalimantan Timur,2.1668,117.4817,0.403,0.408,0.402,27.3
2025-12-14,Berau,Kalimantan Timur,2.1668,117.4817,0.396,0.404,0.401,27.0
2025-12-15,Berau,Kalimantan Timur,2.1668,117.4817,0.384,0.391,0.399,27.5
2025-12-16,Berau,Kalimantan Timur,2.1668,117.4817,0.393,0.392,0.397,26.7
2025-12-17,Berau,Kalimantan Timur,2.1668,117.4817,0.403,0.405,0.397,26.8
2025-12-18,Berau,Kalimantan Timur,2.1668,117.4817,0.408,0.415,0.4,26.5
2025-12-19,Berau,Kalimantan Timur,2.1668,117.4817,0.402,0.404,0.4,26.9
2025-12-20,Berau,Kalimantan Timur,2.1668,117.4817,0.396,0.399,0.399,27.0
2025-12-21,Berau,Kalimantan Timur,2.1668,117.4817,0.395,0.39,0.397,27.3
2025-12-22,Berau,Kalimantan Timur,2.1668,117.4817,0.407,0.408,0.398,27.1
2025-12-23,Berau,Kalimantan Timur,2.1668,117.4817,0.413,0.414,0.401,26.9
2025-12-24,Berau,Kalimantan Timur,2.1668,117.4817,0.406,0.414,0.406,27.4
2025-12-25,Berau,Kalimantan Timur,2.1668,117.4817,0.409,0.411,0.407,27.5
2025-12-26,Berau,Kalimantan Timur,2.1668,117.4817,0.397,0.407,0.406,27.5
2025-12-27,Berau,Kalimantan Timur,2.1668,117.4817,0.391,0.401,0.404,27.5
2025-12-28,Berau,Kalimantan Timur,2.1668,117.4817,0.393,0.399,0.402,27.7
2025-12-29,Berau,Kalimantan Timur,2.1668,117.4817,0.4,0.412,0.402,27.6
2025-12-30,Berau,Kalimantan Timur,2.1668,117.4817,0.414,0.419,0.409,27.1
2025-12-31,Berau,Kalimantan Timur,2.1668,117.4817,0.404,0.408,0.409,27.5
2026-01-01,Berau,Kalimantan Timur,2.1668,117.4817,0.417,0.421,0.412,27.0
2026-01-02,Berau,Kalimantan Timur,2.1668,117.4817,0.403,0.412,0.415,27.3
2026-01-03,Berau,Kalimantan Timur,2.1668,117.4817,0.415,0.413,0.413,26.9
2026-01-04,Berau,Kalimantan Timur,2.1668,117.4817,0.408,0.41,0.411,26.9
2026-01-05,Berau,Kalimantan Timur,2.1668,117.4817,0.411,0.414,0.409,27.2
2026-01-06,Berau,Kalimantan Timur,2.1668,117.4817,0.413,0.419,0.412,26.7
2026-01-07,Berau,Kalimantan Timur,2.1668,117.4817,0.42,0.422,0.417,26.1
2026-01-08,Berau,Kalimantan Timur,2.1668,117.4817,0.411,0.414,0.416,27.1
2026-01-09,Berau,Kalimantan Timur,2.1668,117.4817,0.405,0.407,0.413,26.7
2026-01-10,Berau,Kalimantan Timur,2.1668,117.4817,0.4,0.409,0.412,27.4
2026-01-11,Berau,Kalimantan Timur,2.1668,117.4817,0.402,0.406,0.41,26.5
2026-01-12,Berau,Kalimantan Timur,2.1668,117.4817,0.389,0.398,0.408,27.1
2026-01-13,Berau,Kalimantan Timur,2.1668,117.4817,0.386,0.393,0.405,27.5
2026-01-14,Berau,Kalimantan Timur,2.1668,117.4817,0.376,0.387,0.403,27.8
2026-01-15,Berau,Kalimantan Timur,2.1668,117.4817,0.4,0.394,0.399,27.4
2026-01-16,Berau,Kalimantan Timur,2.1668,117.4817,0.401,0.405,0.4,27.6
2026-01-17,Berau,Kalimantan Timur,2.1668,117.4817,0.402,0.408,0.4,28.1
2026-01-18,Berau,Kalimantan Timur,2.1668,117.4817,0.4,0.403,0.399,28.1
2026-01-19,Berau,Kalimantan Timur,2.1668,117.4817,0.399,0.404,0.398,27.6
2026-01-20,Berau,Kalimantan Timur,2.1668,117.4817,0.391,0.395,0.397,27.9
2026-01-21,Berau,Kalimantan Timur,2.1668,117.4817,0.378,0.386,0.395,27.9
2026-01-22,Berau,Kalimantan Timur,2.1668,117.4817,0.364,0.376,0.393,27.7
2026-01-23,Berau,Kalimantan Timur,2.1668,117.4817,0.359,0.366,0.39,27.2
2026-01-24,Berau,Kalimantan Timur,2.1668,117.4817,0.351,0.358,0.387,27.3
2026-01-25,Berau,Kalimantan Timur,2.1668,117.4817,0.34,0.348,0.384,27.6
2026-01-26,Berau,Kalimantan Timur,2.1668,117.4817,0.337,0.347,0.382,27.6
2026-01-27,Berau,Kalimantan Timur,2.1668,117.4817,0.34,0.342,0.376,27.8
2026-01-28,Berau,Kalimantan Timur,2.1668,117.4817,0.335,0.338,0.373,28.2
2026-01-29,Berau,Kalimantan Timur,2.1668,117.4817,0.388,0.354,0.371,26.5
2026-01-30,Berau,Kalimantan Timur,2.1668,117.4817,0.404,0.396,0.371,26.3
2026-01-31,Berau,Kalimantan Timur,2.1668,117.4817,0.404,0.406,0.37,25.7
2026-02-01,Berau,Kalimantan Timur,2.1668,117.4817,0.376,0.388,0.369,27.3
2026-02-02,Berau,Kalimantan Timur,2.1668,117.4817,0.405,0.393,0.366,27.0
2026-02-03,Berau,Kalimantan Timur,2.1668,117.4817,0.401,0.402,0.367,26.6
2026-02-04,Berau,Kalimantan Timur,2.1668,117.4817,0.403,0.398,0.367,26.6
2026-02-05,Berau,Kalimantan Timur,2.1668,117.4817,0.417,0.417,0.375,26.0
2026-02-06,Berau,Kalimantan Timur,2.1668,117.4817,0.406,0.407,0.377,26.4
2026-02-07,Berau,Kalimantan Timur,2.1668,117.4817,0.416,0.415,0.383,26.8
2026-02-08,Berau,Kalimantan Timur,2.1668,117.4817,0.412,0.41,0.388,26.3
2026-02-09,Berau,Kalimantan Timur,2.1668,117.4817,0.396,0.399,0.389,27.3
2026-02-10,Berau,Kalimantan Timur,2.1668,117.4817,0.416,0.413,0.39,26.5
2026-02-11,Berau,Kalimantan Timur,2.1668,117.4817,0.405,0.409,0.395,27.2
2026-02-12,Berau,Kalimantan Timur,2.1668,117.4817,0.42,0.418,0.398,26.3
2026-02-13,Berau,Kalimantan Timur,2.1668,117.4817,0.42,0.42,0.405,26.6
2026-02-14,Berau,Kalimantan Timur,2.1668,117.4817,0.408,0.413,0.408,26.4
2026-02-15,Berau,Kalimantan Timur,2.1668,117.4817,0.398,0.403,0.407,26.9
2026-02-16,Berau,Kalimantan Timur,2.1668,117.4817,0.399,0.404,0.405,27.1
2026-02-17,Berau,Kalimantan Timur,2.1668,117.4817,0.399,0.402,0.403,27.1
2026-02-18,Berau,Kalimantan Timur,2.1668,117.4817,0.387,0.397,0.4,27.5
2026-02-19,Berau,Kalimantan Timur,2.1668,117.4817,0.421,0.419,0.405,25.8
2026-02-20,Berau,Kalimantan Timur,2.1668,117.4817,0.419,0.421,0.413,26.0
2026-02-21,Berau,Kalimantan Timur,2.1668,117.4817,0.42,0.423,0.418,25.6
2026-02-22,Berau,Kalimantan Timur,2.1668,117.4817,0.414,0.418,0.418,26.5
2026-02-23,Berau,Kalimantan Timur,2.1668,117.4817,0.416,0.416,0.415,27.0
2026-02-24,Berau,Kalimantan Timur,2.1668,117.4817,0.419,0.421,0.416,26.6
2026-02-25,Berau,Kalimantan Timur,2.1668,117.4817,0.413,0.417,0.416,26.6
2026-02-26,Berau,Kalimantan Timur,2.1668,117.4817,0.408,0.413,0.415,27.1
2026-02-27,Berau,Kalimantan Timur,2.1668,117.4817,0.411,0.414,0.414,27.5
2026-02-28,Berau,Kalimantan Timur,2.1668,117.4817,0.423,0.425,0.419,25.9
2026-03-01,Berau,Kalimantan Timur,2.1668,117.4817,0.407,0.41,0.416,27.4
2026-03-02,Berau,Kalimantan Timur,2.1668,117.4817,0.412,0.415,0.415,27.4
2026-03-03,Berau,Kalimantan Timur,2.1668,117.4817,0.409,0.412,0.412,27.4
2026-03-04,Berau,Kalimantan Timur,2.1668,117.4817,0.408,0.407,0.409,27.7
2026-03-05,Berau,Kalimantan Timur,2.1668,117.4817,0.414,0.42,0.415,26.5
2026-03-06,Berau,Kalimantan Timur,2.1668,117.4817,0.407,0.411,0.414,26.8
2026-03-07,Berau,Kalimantan Timur,2.1668,117.4817,0.424,0.424,0.416,25.4
2026-03-08,Berau,Kalimantan Timur,2.1668,117.4817,0.403,0.409,0.414,26.6
2026-03-09,Berau,Kalimantan Timur,2.1668,117.4817,0.395,0.4,0.412,27.3
2026-03-10,Berau,Kalimantan Timur,2.1668,117.4817,0.397,0.396,0.409,27.5
2026-03-11,Berau,Kalimantan Timur,2.1668,117.4817,0.42,0.418,0.408,27.0
2026-03-12,Berau,Kalimantan Timur,2.1668,117.4817,0.412,0.419,0.413,26.7
2026-03-13,Berau,Kalimantan Timur,2.1668,117.4817,0.408,0.41,0.413,26.4
2026-03-14,Berau,Kalimantan Timur,2.1668,117.4817,0.407,0.41,0.412,26.8
2026-03-15,Berau,Kalimantan Timur,2.1668,117.4817,0.414,0.416,0.411,26.5
2026-03-16,Berau,Kalimantan Timur,2.1668,117.4817,0.406,0.409,0.411,26.2
2026-03-17,Berau,Kalimantan Timur,2.1668,117.4817,0.4,0.401,0.409,26.5
2026-03-18,Berau,Kalimantan Timur,2.1668,117.4817,0.406,0.406,0.407,25.9
2026-03-19,Berau,Kalimantan Timur,2.1668,117.4817,0.398,0.403,0.405,26.5
2026-03-20,Berau,Kalimantan Timur,2.1668,117.4817,0.418,0.413,0.405,26.2
2026-03-21,Berau,Kalimantan Timur,2.1668,117.4817,0.418,0.421,0.409,26.0
2026-03-22,Berau,Kalimantan Timur,2.1668,117.4817,0.397,0.404,0.408,27.0
2026-03-23,Berau,Kalimantan Timur,2.1668,117.4817,0.378,0.389,0.405,27.5
2026-03-24,Berau,Kalimantan Timur,2.1668,117.4817,0.38,0.382,0.401,27.0
2026-03-25,Berau,Kalimantan Timur,2.1668,117.4817,0.35,0.363,0.397,27.4
2026-03-26,Berau,Kalimantan Timur,2.1668,117.4817,0.34,0.355,0.393,27.7
2026-03-27,Berau,Kalimantan Timur,2.1668,117.4817,0.319,0.341,0.389,27.7
2026-03-28,Berau,Kalimantan Timur,2.1668,117.4817,0.307,0.331,0.385,28.3
2026-03-29,Berau,Kalimantan Timur,2.1668,117.4817,0.291,0.322,0.385,28.2
2026-03-30,Berau,Kalimantan Timur,2.1668,117.4817,0.307,0.311,0.382,27.4
2026-03-31,Berau,Kalimantan Timur,2.1668,117.4817,0.343,0.309,0.376,26.9
2026-04-01,Berau,Kalimantan Timur,2.1668,117.4817,0.33,0.306,0.368,27.9
2026-04-02,Berau,Kalimantan Timur,2.1668,117.4817,0.357,0.317,0.366,27.0
2026-04-03,Berau,Kalimantan Timur,2.1668,117.4817,0.386,0.363,0.359,26.9
2026-04-04,Berau,Kalimantan Timur,2.1668,117.4817,0.374,0.363,0.357,27.5
2026-04-05,Berau,Kalimantan Timur,2.1668,117.4817,0.38,0.36,0.349,27.2
2026-04-06,Berau,Kalimantan Timur,2.1668,117.4817,0.351,0.346,0.343,27.9
2026-04-07,Berau,Kalimantan Timur,2.1668,117.4817,0.35,0.331,0.335,28.0
2026-04-08,Berau,Kalimantan Timur,2.1668,117.4817,0.325,0.32,0.333,28.1
2026-04-09,Berau,Kalimantan Timur,2.1668,117.4817,0.329,0.316,0.331,28.2
2026-04-10,Berau,Kalimantan Timur,2.1668,117.4817,0.37,0.328,0.327,27.7
2026-04-11,Berau,Kalimantan Timur,2.1668,117.4817,0.38,0.35,0.327,27.9
2026-04-12,Berau,Kalimantan Timur,2.1668,117.4817,0.386,0.359,0.325,27.6
2026-04-13,Berau,Kalimantan Timur,2.1668,117.4817,0.378,0.372,0.326,27.4
2026-04-14,Berau,Kalimantan Timur,2.1668,117.4817,0.384,0.382,0.328,27.1
2026-04-15,Berau,Kalimantan Timur,2.1668,117.4817,0.396,0.388,0.329,27.4
2026-04-16,Berau,Kalimantan Timur,2.1668,117.4817,0.385,0.383,0.331,27.1
2026-04-17,Berau,Kalimantan Timur,2.1668,117.4817,0.363,0.369,0.332,27.7
2026-04-18,Berau,Kalimantan Timur,2.1668,117.4817,0.378,0.366,0.332,26.9
2026-04-19,Berau,Kalimantan Timur,2.1668,117.4817,0.377,0.377,0.334,27.3
2026-04-20,Berau,Kalimantan Timur,2.1668,117.4817,0.373,0.366,0.334,27.5
2026-04-21,Berau,Kalimantan Timur,2.1668,117.4817,0.387,0.365,0.33,26.3
2026-04-22,Berau,Kalimantan Timur,2.1668,117.4817,0.391,0.373,0.33,26.4
2026-04-23,Berau,Kalimantan Timur,2.1668,117.4817,0.375,0.369,0.33,27.2
2026-04-24,Berau,Kalimantan Timur,2.1668,117.4817,0.355,0.36,0.332,28.0
2026-04-25,Berau,Kalimantan Timur,2.1668,117.4817,0.34,0.352,0.333,28.1
2026-04-26,Berau,Kalimantan Timur,2.1668,117.4817,0.324,0.343,0.333,28.5
2026-04-27,Berau,Kalimantan Timur,2.1668,117.4817,0.328,0.337,0.333,28.1
2026-04-28,Berau,Kalimantan Timur,2.1668,117.4817,0.337,0.33,0.331,27.9
2026-04-29,Berau,Kalimantan Timur,2.1668,117.4817,0.343,0.329,0.327,27.9
2026-04-30,Berau,Kalimantan Timur,2.1668,117.4817,0.358,0.336,0.329,27.9
2026-05-01,Berau,Kalimantan Timur,2.1668,117.4817,0.332,0.334,0.328,28.3
2026-05-02,Berau,Kalimantan Timur,2.1668,117.4817,0.307,0.323,0.326,28.8
2026-05-03,Berau,Kalimantan Timur,2.1668,117.4817,0.29,0.304,0.323,29.3
2026-05-04,Berau,Kalimantan Timur,2.1668,117.4817,0.283,0.289,0.319,29.1
2026-05-05,Berau,Kalimantan Timur,2.1668,117.4817,0.305,0.269,0.314,28.6
2026-05-06,Berau,Kalimantan Timur,2.1668,117.4817,0.336,0.272,0.313,27.8
2026-05-07,Berau,Kalimantan Timur,2.1668,117.4817,0.337,0.293,0.315,28.2
2026-05-08,Berau,Kalimantan Timur,2.1668,117.4817,0.313,0.294,0.315,28.5
2026-05-09,Berau,Kalimantan Timur,2.1668,117.4817,0.294,0.29,0.316,28.8
2026-05-10,Berau,Kalimantan Timur,2.1668,117.4817,0.297,0.287,0.317,28.2
2026-05-11,Berau,Kalimantan Timur,2.1668,117.4817,0.27,0.284,0.318,29.5
2026-05-12,Berau,Kalimantan Timur,2.1668,117.4817,0.241,0.277,0.325,29.7
2026-05-13,Berau,Kalimantan Timur,2.1668,117.4817,0.281,0.271,0.33,28.6
2026-05-14,Berau,Kalimantan Timur,2.1668,117.4817,0.331,0.28,0.33,29.5
2026-05-15,Berau,Kalimantan Timur,2.1668,117.4817,0.377,0.307,0.328,27.8
2026-05-16,Berau,Kalimantan Timur,2.1668,117.4817,0.371,0.338,0.328,28.2
2026-05-17,Berau,Kalimantan Timur,2.1668,117.4817,0.41,0.389,0.326,27.2
2026-05-18,Berau,Kalimantan Timur,2.1668,117.4817,0.387,0.385,0.328,28.1
2026-05-19,Berau,Kalimantan Timur,2.1668,117.4817,0.378,0.373,0.329,28.2
2026-05-20,Berau,Kalimantan Timur,2.1668,117.4817,0.386,0.376,0.331,28.4
2026-05-21,Berau,Kalimantan Timur,2.1668,117.4817,0.388,0.389,0.333,28.7
2026-05-22,Berau,Kalimantan Timur,2.1668,117.4817,0.372,0.372,0.333,29.0
2026-05-23,Berau,Kalimantan Timur,2.1668,117.4817,0.372,0.363,0.333,28.7
2026-05-24,Berau,Kalimantan Timur,2.1668,117.4817,0.41,0.399,0.336,27.7
2026-05-25,Berau,Kalimantan Timur,2.1668,117.4817,0.413,0.407,0.341,26.8
2026-05-26,Berau,Kalimantan Timur,2.1668,117.4817,0.401,0.395,0.345,27.8
2026-05-27,Berau,Kalimantan Timur,2.1668,117.4817,0.416,0.414,0.352,26.9
2026-05-28,Berau,Kalimantan Timur,2.1668,117.4817,0.399,0.402,0.361,28.3
2026-05-29,Berau,Kalimantan Timur,2.1668,117.4817,0.406,0.403,0.364,27.9
2026-05-30,Berau,Kalimantan Timur,2.1668,117.4817,0.403,0.401,0.367,27.8
2026-05-31,Berau,Kalimantan Timur,2.1668,117.4817,0.39,0.394,0.369,28.3
2024-08-01,Ketapang,Kalimantan Barat,-1.8432,109.974,0.318,0.27,0.325,27.4
2024-08-02,Ketapang,Kalimantan Barat,-1.8432,109.974,0.374,0.307,0.324,26.2
2024-08-03,Ketapang,Kalimantan Barat,-1.8432,109.974,0.374,0.338,0.324,26.1
2024-08-04,Ketapang,Kalimantan Barat,-1.8432,109.974,0.353,0.338,0.323,27.2
2024-08-05,Ketapang,Kalimantan Barat,-1.8432,109.974,0.331,0.331,0.322,27.6
2024-08-06,Ketapang,Kalimantan Barat,-1.8432,109.974,0.315,0.322,0.321,28.0
2024-08-07,Ketapang,Kalimantan Barat,-1.8432,109.974,0.382,0.366,0.321,26.4
2024-08-08,Ketapang,Kalimantan Barat,-1.8432,109.974,0.411,0.405,0.33,26.3
2024-08-09,Ketapang,Kalimantan Barat,-1.8432,109.974,0.408,0.404,0.338,26.9
2024-08-10,Ketapang,Kalimantan Barat,-1.8432,109.974,0.38,0.383,0.341,27.9
2024-08-11,Ketapang,Kalimantan Barat,-1.8432,109.974,0.365,0.369,0.341,27.6
2024-08-12,Ketapang,Kalimantan Barat,-1.8432,109.974,0.349,0.357,0.34,27.7
2024-08-13,Ketapang,Kalimantan Barat,-1.8432,109.974,0.345,0.347,0.339,27.7
2024-08-14,Ketapang,Kalimantan Barat,-1.8432,109.974,0.333,0.339,0.337,28.0
2024-08-15,Ketapang,Kalimantan Barat,-1.8432,109.974,0.331,0.331,0.336,27.7
2024-08-16,Ketapang,Kalimantan Barat,-1.8432,109.974,0.342,0.327,0.335,26.6
2024-08-17,Ketapang,Kalimantan Barat,-1.8432,109.974,0.341,0.327,0.334,26.9
2024-08-18,Ketapang,Kalimantan Barat,-1.8432,109.974,0.348,0.328,0.332,26.8
2024-08-19,Ketapang,Kalimantan Barat,-1.8432,109.974,0.369,0.35,0.332,26.5
2024-08-20,Ketapang,Kalimantan Barat,-1.8432,109.974,0.377,0.356,0.331,26.6
2024-08-21,Ketapang,Kalimantan Barat,-1.8432,109.974,0.417,0.405,0.338,25.0
2024-08-22,Ketapang,Kalimantan Barat,-1.8432,109.974,0.41,0.403,0.341,25.2
2024-08-23,Ketapang,Kalimantan Barat,-1.8432,109.974,0.408,0.402,0.347,25.7
2024-08-24,Ketapang,Kalimantan Barat,-1.8432,109.974,0.402,0.395,0.35,26.3
2024-08-25,Ketapang,Kalimantan Barat,-1.8432,109.974,0.392,0.384,0.351,26.2
2024-08-26,Ketapang,Kalimantan Barat,-1.8432,109.974,0.374,0.374,0.351,27.1
2024-08-27,Ketapang,Kalimantan Barat,-1.8432,109.974,0.375,0.366,0.35,27.0
2024-08-28,Ketapang,Kalimantan Barat,-1.8432,109.974,0.409,0.391,0.351,25.5
2024-08-29,Ketapang,Kalimantan Barat,-1.8432,109.974,0.416,0.407,0.354,25.2
2024-08-30,Ketapang,Kalimantan Barat,-1.8432,109.974,0.41,0.407,0.362,25.7
2024-08-31,Ketapang,Kalimantan Barat,-1.8432,109.974,0.395,0.395,0.365,26.8
2024-09-01,Ketapang,Kalimantan Barat,-1.8432,109.974,0.383,0.385,0.365,27.5
2024-09-02,Ketapang,Kalimantan Barat,-1.8432,109.974,0.367,0.374,0.364,28.2
2024-09-03,Ketapang,Kalimantan Barat,-1.8432,109.974,0.353,0.362,0.362,28.3
2024-09-04,Ketapang,Kalimantan Barat,-1.8432,109.974,0.34,0.352,0.36,28.2
2024-09-05,Ketapang,Kalimantan Barat,-1.8432,109.974,0.42,0.405,0.361,26.1
2024-09-06,Ketapang,Kalimantan Barat,-1.8432,109.974,0.393,0.393,0.363,27.2
2024-09-07,Ketapang,Kalimantan Barat,-1.8432,109.974,0.379,0.381,0.363,28.0
2024-09-08,Ketapang,Kalimantan Barat,-1.8432,109.974,0.398,0.391,0.363,26.9
2024-09-09,Ketapang,Kalimantan Barat,-1.8432,109.974,0.422,0.417,0.37,25.3
2024-09-10,Ketapang,Kalimantan Barat,-1.8432,109.974,0.403,0.407,0.38,26.4
2024-09-11,Ketapang,Kalimantan Barat,-1.8432,109.974,0.393,0.394,0.38,27.3
2024-09-12,Ketapang,Kalimantan Barat,-1.8432,109.974,0.373,0.381,0.379,28.1
2024-09-13,Ketapang,Kalimantan Barat,-1.8432,109.974,0.359,0.369,0.376,28.2
2024-09-14,Ketapang,Kalimantan Barat,-1.8432,109.974,0.353,0.359,0.374,27.9
2024-09-15,Ketapang,Kalimantan Barat,-1.8432,109.974,0.338,0.35,0.372,28.0
2024-09-16,Ketapang,Kalimantan Barat,-1.8432,109.974,0.328,0.341,0.369,28.2
2024-09-17,Ketapang,Kalimantan Barat,-1.8432,109.974,0.319,0.334,0.366,28.3
2024-09-18,Ketapang,Kalimantan Barat,-1.8432,109.974,0.311,0.327,0.364,28.4
2024-09-19,Ketapang,Kalimantan Barat,-1.8432,109.974,0.303,0.32,0.361,28.4
2024-09-20,Ketapang,Kalimantan Barat,-1.8432,109.974,0.294,0.314,0.358,28.5
2024-09-21,Ketapang,Kalimantan Barat,-1.8432,109.974,0.287,0.308,0.355,28.9
2024-09-22,Ketapang,Kalimantan Barat,-1.8432,109.974,0.29,0.304,0.352,28.8
2024-09-23,Ketapang,Kalimantan Barat,-1.8432,109.974,0.306,0.302,0.35,27.9
2024-09-24,Ketapang,Kalimantan Barat,-1.8432,109.974,0.292,0.299,0.348,28.5
2024-09-25,Ketapang,Kalimantan Barat,-1.8432,109.974,0.38,0.325,0.346,26.1
2024-09-26,Ketapang,Kalimantan Barat,-1.8432,109.974,0.36,0.338,0.345,26.9
2024-09-27,Ketapang,Kalimantan Barat,-1.8432,109.974,0.361,0.344,0.343,27.3
2024-09-28,Ketapang,Kalimantan Barat,-1.8432,109.974,0.371,0.359,0.343,27.2
2024-09-29,Ketapang,Kalimantan Barat,-1.8432,109.974,0.419,0.404,0.347,26.2
2024-09-30,Ketapang,Kalimantan Barat,-1.8432,109.974,0.418,0.415,0.359,25.6
2024-10-01,Ketapang,Kalimantan Barat,-1.8432,109.974,0.418,0.413,0.368,26.3
2024-10-02,Ketapang,Kalimantan Barat,-1.8432,109.974,0.412,0.409,0.372,26.0
2024-10-03,Ketapang,Kalimantan Barat,-1.8432,109.974,0.397,0.396,0.373,27.1
2024-10-04,Ketapang,Kalimantan Barat,-1.8432,109.974,0.415,0.41,0.375,26.2
2024-10-05,Ketapang,Kalimantan Barat,-1.8432,109.974,0.415,0.41,0.378,26.2
2024-10-06,Ketapang,Kalimantan Barat,-1.8432,109.974,0.409,0.409,0.382,26.4
2024-10-07,Ketapang,Kalimantan Barat,-1.8432,109.974,0.41,0.408,0.385,26.3
2024-10-08,Ketapang,Kalimantan Barat,-1.8432,109.974,0.405,0.404,0.387,26.5
2024-10-09,Ketapang,Kalimantan Barat,-1.8432,109.974,0.408,0.405,0.388,26.7
2024-10-10,Ketapang,Kalimantan Barat,-1.8432,109.974,0.412,0.411,0.39,26.3
2024-10-11,Ketapang,Kalimantan Barat,-1.8432,109.974,0.421,0.419,0.396,26.2
2024-10-12,Ketapang,Kalimantan Barat,-1.8432,109.974,0.413,0.415,0.403,26.8
2024-10-13,Ketapang,Kalimantan Barat,-1.8432,109.974,0.42,0.422,0.41,26.4
2024-10-14,Ketapang,Kalimantan Barat,-1.8432,109.974,0.406,0.41,0.41,26.8
2024-10-15,Ketapang,Kalimantan Barat,-1.8432,109.974,0.404,0.404,0.407,27.1
2024-10-16,Ketapang,Kalimantan Barat,-1.8432,109.974,0.412,0.411,0.405,26.8
2024-10-17,Ketapang,Kalimantan Barat,-1.8432,109.974,0.404,0.403,0.403,26.4
2024-10-18,Ketapang,Kalimantan Barat,-1.8432,109.974,0.401,0.407,0.402,26.9
2024-10-19,Ketapang,Kalimantan Barat,-1.8432,109.974,0.386,0.394,0.4,28.0
2024-10-20,Ketapang,Kalimantan Barat,-1.8432,109.974,0.402,0.397,0.398,26.8
2024-10-21,Ketapang,Kalimantan Barat,-1.8432,109.974,0.411,0.416,0.402,26.4
2024-10-22,Ketapang,Kalimantan Barat,-1.8432,109.974,0.392,0.4,0.4,27.7
2024-10-23,Ketapang,Kalimantan Barat,-1.8432,109.974,0.377,0.386,0.397,28.3
2024-10-24,Ketapang,Kalimantan Barat,-1.8432,109.974,0.366,0.376,0.394,28.7
2024-10-25,Ketapang,Kalimantan Barat,-1.8432,109.974,0.361,0.368,0.391,28.4
2024-10-26,Ketapang,Kalimantan Barat,-1.8432,109.974,0.36,0.364,0.388,28.3
2024-10-27,Ketapang,Kalimantan Barat,-1.8432,109.974,0.352,0.358,0.385,28.7
2024-10-28,Ketapang,Kalimantan Barat,-1.8432,109.974,0.345,0.351,0.382,29.0
2024-10-29,Ketapang,Kalimantan Barat,-1.8432,109.974,0.344,0.347,0.379,29.1
2024-10-30,Ketapang,Kalimantan Barat,-1.8432,109.974,0.341,0.342,0.376,29.2
2024-10-31,Ketapang,Kalimantan Barat,-1.8432,109.974,0.358,0.342,0.374,28.1
2024-11-01,Ketapang,Kalimantan Barat,-1.8432,109.974,0.346,0.341,0.371,28.0
2024-11-02,Ketapang,Kalimantan Barat,-1.8432,109.974,0.338,0.338,0.369,28.0
2024-11-03,Ketapang,Kalimantan Barat,-1.8432,109.974,0.385,0.362,0.367,26.9
2024-11-04,Ketapang,Kalimantan Barat,-1.8432,109.974,0.389,0.387,0.368,27.1
2024-11-05,Ketapang,Kalimantan Barat,-1.8432,109.974,0.407,0.397,0.369,27.0
2024-11-06,Ketapang,Kalimantan Barat,-1.8432,109.974,0.424,0.422,0.377,26.1
2024-11-07,Ketapang,Kalimantan Barat,-1.8432,109.974,0.42,0.42,0.391,26.6
2024-11-08,Ketapang,Kalimantan Barat,-1.8432,109.974,0.406,0.409,0.396,27.1
2024-11-09,Ketapang,Kalimantan Barat,-1.8432,109.974,0.394,0.399,0.396,27.6
2024-11-10,Ketapang,Kalimantan Barat,-1.8432,109.974,0.405,0.395,0.394,27.2
2024-11-11,Ketapang,Kalimantan Barat,-1.8432,109.974,0.422,0.421,0.398,26.4
2024-11-12,Ketapang,Kalimantan Barat,-1.8432,109.974,0.386,0.386,0.36,27.3
2024-11-13,Ketapang,Kalimantan Barat,-1.8432,109.974,0.292,0.244,0.149,28.1
2024-11-14,Ketapang,Kalimantan Barat,-1.8432,109.974,0.242,0.232,0.149,28.9
2024-11-15,Ketapang,Kalimantan Barat,-1.8432,109.974,0.363,0.248,0.146,26.9
2024-11-16,Ketapang,Kalimantan Barat,-1.8432,109.974,0.311,0.235,0.147,28.4
2024-11-17,Ketapang,Kalimantan Barat,-1.8432,109.974,0.328,0.252,0.148,28.5
2024-11-18,Ketapang,Kalimantan Barat,-1.8432,109.974,0.349,0.28,0.148,27.8
2024-11-19,Ketapang,Kalimantan Barat,-1.8432,109.974,0.377,0.297,0.148,27.0
2024-11-20,Ketapang,Kalimantan Barat,-1.8432,109.974,0.369,0.304,0.148,27.8
2024-11-21,Ketapang,Kalimantan Barat,-1.8432,109.974,0.336,0.301,0.149,28.1
2024-11-22,Ketapang,Kalimantan Barat,-1.8432,109.974,0.396,0.322,0.15,27.3
2024-11-23,Ketapang,Kalimantan Barat,-1.8432,109.974,0.397,0.359,0.155,27.4
2024-11-24,Ketapang,Kalimantan Barat,-1.8432,109.974,0.411,0.401,0.173,27.2
2024-11-25,Ketapang,Kalimantan Barat,-1.8432,109.974,0.409,0.389,0.186,27.4
2024-11-26,Ketapang,Kalimantan Barat,-1.8432,109.974,0.399,0.375,0.193,28.0
2024-11-27,Ketapang,Kalimantan Barat,-1.8432,109.974,0.397,0.373,0.197,27.1
2024-11-28,Ketapang,Kalimantan Barat,-1.8432,109.974,0.411,0.398,0.2,27.3
2024-11-29,Ketapang,Kalimantan Barat,-1.8432,109.974,0.421,0.411,0.223,26.9
2024-11-30,Ketapang,Kalimantan Barat,-1.8432,109.974,0.415,0.406,0.243,27.0
2024-12-01,Ketapang,Kalimantan Barat,-1.8432,109.974,0.412,0.396,0.251,26.5
2024-12-02,Ketapang,Kalimantan Barat,-1.8432,109.974,0.408,0.402,0.267,27.2
2024-12-03,Ketapang,Kalimantan Barat,-1.8432,109.974,0.416,0.403,0.277,26.0
2024-12-04,Ketapang,Kalimantan Barat,-1.8432,109.974,0.393,0.388,0.282,27.2
2024-12-05,Ketapang,Kalimantan Barat,-1.8432,109.974,0.406,0.398,0.289,27.0
2024-12-06,Ketapang,Kalimantan Barat,-1.8432,109.974,0.411,0.407,0.308,26.5
2024-12-07,Ketapang,Kalimantan Barat,-1.8432,109.974,0.38,0.382,0.315,28.2
2024-12-08,Ketapang,Kalimantan Barat,-1.8432,109.974,0.359,0.36,0.315,28.8
2024-12-09,Ketapang,Kalimantan Barat,-1.8432,109.974,0.387,0.363,0.311,28.3
2024-12-10,Ketapang,Kalimantan Barat,-1.8432,109.974,0.401,0.383,0.314,27.9
2024-12-11,Ketapang,Kalimantan Barat,-1.8432,109.974,0.418,0.407,0.318,27.1
2024-12-12,Ketapang,Kalimantan Barat,-1.8432,109.974,0.423,0.416,0.328,26.9
2024-12-13,Ketapang,Kalimantan Barat,-1.8432,109.974,0.407,0.408,0.343,27.8
2024-12-14,Ketapang,Kalimantan Barat,-1.8432,109.974,0.378,0.386,0.346,28.6
2024-12-15,Ketapang,Kalimantan Barat,-1.8432,109.974,0.352,0.366,0.342,29.3
2024-12-16,Ketapang,Kalimantan Barat,-1.8432,109.974,0.328,0.342,0.34,29.2
2024-12-17,Ketapang,Kalimantan Barat,-1.8432,109.974,0.359,0.342,0.339,28.4
2024-12-18,Ketapang,Kalimantan Barat,-1.8432,109.974,0.423,0.407,0.341,26.6
2024-12-19,Ketapang,Kalimantan Barat,-1.8432,109.974,0.423,0.421,0.355,26.1
2024-12-20,Ketapang,Kalimantan Barat,-1.8432,109.974,0.418,0.416,0.365,27.1
2024-12-21,Ketapang,Kalimantan Barat,-1.8432,109.974,0.415,0.415,0.376,27.5
2024-12-22,Ketapang,Kalimantan Barat,-1.8432,109.974,0.394,0.398,0.377,28.3
2024-12-23,Ketapang,Kalimantan Barat,-1.8432,109.974,0.359,0.372,0.369,29.2
2024-12-24,Ketapang,Kalimantan Barat,-1.8432,109.974,0.412,0.384,0.358,26.8
2024-12-25,Ketapang,Kalimantan Barat,-1.8432,109.974,0.389,0.392,0.359,27.8
2024-12-26,Ketapang,Kalimantan Barat,-1.8432,109.974,0.397,0.384,0.359,27.5
2024-12-27,Ketapang,Kalimantan Barat,-1.8432,109.974,0.381,0.379,0.356,27.7
2024-12-28,Ketapang,Kalimantan Barat,-1.8432,109.974,0.357,0.367,0.353,28.5
2024-12-29,Ketapang,Kalimantan Barat,-1.8432,109.974,0.324,0.346,0.351,29.3
2024-12-30,Ketapang,Kalimantan Barat,-1.8432,109.974,0.335,0.329,0.35,28.3
2024-12-31,Ketapang,Kalimantan Barat,-1.8432,109.974,0.392,0.37,0.344,27.2
2025-01-01,Ketapang,Kalimantan Barat,-1.8432,109.974,0.408,0.405,0.344,27.9
2025-01-02,Ketapang,Kalimantan Barat,-1.8432,109.974,0.391,0.389,0.348,28.4
2025-01-03,Ketapang,Kalimantan Barat,-1.8432,109.974,0.387,0.38,0.347,28.2
2025-01-04,Ketapang,Kalimantan Barat,-1.8432,109.974,0.413,0.4,0.346,26.9
2025-01-05,Ketapang,Kalimantan Barat,-1.8432,109.974,0.416,0.409,0.353,26.7
2025-01-06,Ketapang,Kalimantan Barat,-1.8432,109.974,0.409,0.405,0.359,27.3
2025-01-07,Ketapang,Kalimantan Barat,-1.8432,109.974,0.418,0.411,0.364,26.8
2025-01-08,Ketapang,Kalimantan Barat,-1.8432,109.974,0.414,0.415,0.373,26.9
2025-01-09,Ketapang,Kalimantan Barat,-1.8432,109.974,0.418,0.416,0.38,27.1
2025-01-10,Ketapang,Kalimantan Barat,-1.8432,109.974,0.421,0.419,0.386,26.9
2025-01-11,Ketapang,Kalimantan Barat,-1.8432,109.974,0.417,0.416,0.39,27.3
2025-01-12,Ketapang,Kalimantan Barat,-1.8432,109.974,0.422,0.42,0.395,27.1
2025-01-13,Ketapang,Kalimantan Barat,-1.8432,109.974,0.42,0.421,0.403,26.9
2025-01-14,Ketapang,Kalimantan Barat,-1.8432,109.974,0.42,0.417,0.405,26.9
2025-01-15,Ketapang,Kalimantan Barat,-1.8432,109.974,0.42,0.42,0.408,26.9
2025-01-16,Ketapang,Kalimantan Barat,-1.8432,109.974,0.413,0.415,0.407,27.4
2025-01-17,Ketapang,Kalimantan Barat,-1.8432,109.974,0.39,0.4,0.401,28.4
2025-01-18,Ketapang,Kalimantan Barat,-1.8432,109.974,0.395,0.39,0.392,27.9
2025-01-19,Ketapang,Kalimantan Barat,-1.8432,109.974,0.427,0.423,0.395,26.0
2025-01-20,Ketapang,Kalimantan Barat,-1.8432,109.974,0.419,0.422,0.407,26.9
2025-01-21,Ketapang,Kalimantan Barat,-1.8432,109.974,0.426,0.427,0.419,26.4
2025-01-22,Ketapang,Kalimantan Barat,-1.8432,109.974,0.424,0.425,0.42,26.0
2025-01-23,Ketapang,Kalimantan Barat,-1.8432,109.974,0.423,0.424,0.421,26.7
2025-01-24,Ketapang,Kalimantan Barat,-1.8432,109.974,0.413,0.417,0.416,27.4
2025-01-25,Ketapang,Kalimantan Barat,-1.8432,109.974,0.414,0.415,0.412,27.7
2025-01-26,Ketapang,Kalimantan Barat,-1.8432,109.974,0.424,0.423,0.414,26.8
2025-01-27,Ketapang,Kalimantan Barat,-1.8432,109.974,0.425,0.427,0.422,26.0
2025-01-28,Ketapang,Kalimantan Barat,-1.8432,109.974,0.419,0.422,0.421,26.6
2025-01-29,Ketapang,Kalimantan Barat,-1.8432,109.974,0.401,0.41,0.418,26.9
2025-01-30,Ketapang,Kalimantan Barat,-1.8432,109.974,0.385,0.393,0.412,26.7
2025-01-31,Ketapang,Kalimantan Barat,-1.8432,109.974,0.384,0.387,0.407,27.1
2025-02-01,Ketapang,Kalimantan Barat,-1.8432,109.974,0.383,0.384,0.403,26.7
2025-02-02,Ketapang,Kalimantan Barat,-1.8432,109.974,0.359,0.373,0.397,28.1
2025-02-03,Ketapang,Kalimantan Barat,-1.8432,109.974,0.346,0.36,0.384,28.5
2025-02-04,Ketapang,Kalimantan Barat,-1.8432,109.974,0.33,0.345,0.379,28.3
2025-02-05,Ketapang,Kalimantan Barat,-1.8432,109.974,0.341,0.337,0.375,28.1
2025-02-06,Ketapang,Kalimantan Barat,-1.8432,109.974,0.322,0.33,0.363,28.3
2025-02-07,Ketapang,Kalimantan Barat,-1.8432,109.974,0.308,0.318,0.35,28.6
2025-02-08,Ketapang,Kalimantan Barat,-1.8432,109.974,0.279,0.304,0.336,29.0
2025-02-09,Ketapang,Kalimantan Barat,-1.8432,109.974,0.258,0.292,0.332,28.9
2025-02-10,Ketapang,Kalimantan Barat,-1.8432,109.974,0.241,0.282,0.333,28.9
2025-02-11,Ketapang,Kalimantan Barat,-1.8432,109.974,0.233,0.273,0.329,28.9
2025-02-12,Ketapang,Kalimantan Barat,-1.8432,109.974,0.214,0.266,0.326,29.2
2025-02-13,Ketapang,Kalimantan Barat,-1.8432,109.974,0.193,0.255,0.318,29.3
2025-02-14,Ketapang,Kalimantan Barat,-1.8432,109.974,0.175,0.244,0.312,29.6
2025-02-15,Ketapang,Kalimantan Barat,-1.8432,109.974,0.162,0.235,0.306,30.0
2025-02-16,Ketapang,Kalimantan Barat,-1.8432,109.974,0.155,0.227,0.299,29.6
2025-02-17,Ketapang,Kalimantan Barat,-1.8432,109.974,0.164,0.218,0.289,29.5
2025-02-18,Ketapang,Kalimantan Barat,-1.8432,109.974,0.141,0.199,0.259,29.7
2025-02-19,Ketapang,Kalimantan Barat,-1.8432,109.974,0.15,0.192,0.253,29.2
2025-02-20,Ketapang,Kalimantan Barat,-1.8432,109.974,0.195,0.188,0.252,28.7
2025-02-21,Ketapang,Kalimantan Barat,-1.8432,109.974,0.208,0.181,0.256,28.6
2025-02-22,Ketapang,Kalimantan Barat,-1.8432,109.974,0.241,0.178,0.249,28.8
2025-02-23,Ketapang,Kalimantan Barat,-1.8432,109.974,0.23,0.172,0.243,28.6
2025-02-24,Ketapang,Kalimantan Barat,-1.8432,109.974,0.273,0.17,0.242,27.7
2025-02-25,Ketapang,Kalimantan Barat,-1.8432,109.974,0.279,0.169,0.234,27.7
2025-02-26,Ketapang,Kalimantan Barat,-1.8432,109.974,0.338,0.187,0.234,26.9
2025-02-27,Ketapang,Kalimantan Barat,-1.8432,109.974,0.311,0.211,0.233,28.2
2025-02-28,Ketapang,Kalimantan Barat,-1.8432,109.974,0.345,0.242,0.227,27.1
2025-03-01,Ketapang,Kalimantan Barat,-1.8432,109.974,0.296,0.242,0.226,28.5
2025-03-02,Ketapang,Kalimantan Barat,-1.8432,109.974,0.295,0.237,0.22,28.0
2025-03-03,Ketapang,Kalimantan Barat,-1.8432,109.974,0.298,0.237,0.218,28.5
2025-03-04,Ketapang,Kalimantan Barat,-1.8432,109.974,0.297,0.235,0.215,27.6
2025-03-05,Ketapang,Kalimantan Barat,-1.8432,109.974,0.317,0.261,0.214,28.0
2025-03-06,Ketapang,Kalimantan Barat,-1.8432,109.974,0.27,0.248,0.216,28.6
2025-03-07,Ketapang,Kalimantan Barat,-1.8432,109.974,0.42,0.363,0.221,25.6
2025-03-08,Ketapang,Kalimantan Barat,-1.8432,109.974,0.383,0.385,0.235,27.3
2025-03-09,Ketapang,Kalimantan Barat,-1.8432,109.974,0.375,0.365,0.24,28.0
2025-03-10,Ketapang,Kalimantan Barat,-1.8432,109.974,0.398,0.379,0.245,26.9
2025-03-11,Ketapang,Kalimantan Barat,-1.8432,109.974,0.357,0.362,0.251,28.2
2025-03-12,Ketapang,Kalimantan Barat,-1.8432,109.974,0.383,0.374,0.259,28.1
2025-03-13,Ketapang,Kalimantan Barat,-1.8432,109.974,0.364,0.365,0.264,28.3
2025-03-14,Ketapang,Kalimantan Barat,-1.8432,109.974,0.407,0.375,0.263,28.0
2025-03-15,Ketapang,Kalimantan Barat,-1.8432,109.974,0.408,0.389,0.264,26.5
2025-03-16,Ketapang,Kalimantan Barat,-1.8432,109.974,0.397,0.391,0.273,27.3
2025-03-17,Ketapang,Kalimantan Barat,-1.8432,109.974,0.364,0.372,0.277,28.4
2025-03-18,Ketapang,Kalimantan Barat,-1.8432,109.974,0.351,0.355,0.278,28.6
2025-03-19,Ketapang,Kalimantan Barat,-1.8432,109.974,0.387,0.355,0.278,27.2
2025-03-20,Ketapang,Kalimantan Barat,-1.8432,109.974,0.423,0.414,0.29,26.5
2025-03-21,Ketapang,Kalimantan Barat,-1.8432,109.974,0.411,0.408,0.307,27.2
2025-03-22,Ketapang,Kalimantan Barat,-1.8432,109.974,0.398,0.39,0.314,27.5
2025-03-23,Ketapang,Kalimantan Barat,-1.8432,109.974,0.408,0.402,0.32,27.2
2025-03-24,Ketapang,Kalimantan Barat,-1.8432,109.974,0.388,0.39,0.327,28.2
2025-03-25,Ketapang,Kalimantan Barat,-1.8432,109.974,0.39,0.383,0.322,28.2
2025-03-26,Ketapang,Kalimantan Barat,-1.8432,109.974,0.359,0.369,0.32,29.3
2025-03-27,Ketapang,Kalimantan Barat,-1.8432,109.974,0.333,0.353,0.317,29.7
2025-03-28,Ketapang,Kalimantan Barat,-1.8432,109.974,0.317,0.335,0.312,29.5
2025-03-29,Ketapang,Kalimantan Barat,-1.8432,109.974,0.305,0.314,0.309,29.0
2025-03-30,Ketapang,Kalimantan Barat,-1.8432,109.974,0.326,0.308,0.311,28.5
2025-03-31,Ketapang,Kalimantan Barat,-1.8432,109.974,0.339,0.308,0.311,28.5
2025-04-01,Ketapang,Kalimantan Barat,-1.8432,109.974,0.378,0.341,0.313,27.4
2025-04-02,Ketapang,Kalimantan Barat,-1.8432,109.974,0.339,0.339,0.31,28.8
2025-04-03,Ketapang,Kalimantan Barat,-1.8432,109.974,0.326,0.318,0.302,28.3
2025-04-04,Ketapang,Kalimantan Barat,-1.8432,109.974,0.315,0.306,0.298,27.9
2025-04-05,Ketapang,Kalimantan Barat,-1.8432,109.974,0.363,0.31,0.293,27.5
2025-04-06,Ketapang,Kalimantan Barat,-1.8432,109.974,0.381,0.342,0.294,27.8
2025-04-07,Ketapang,Kalimantan Barat,-1.8432,109.974,0.352,0.344,0.296,28.1
2025-04-08,Ketapang,Kalimantan Barat,-1.8432,109.974,0.38,0.365,0.3,28.0
2025-04-09,Ketapang,Kalimantan Barat,-1.8432,109.974,0.398,0.388,0.307,27.3
2025-04-10,Ketapang,Kalimantan Barat,-1.8432,109.974,0.387,0.38,0.309,28.0
2025-04-11,Ketapang,Kalimantan Barat,-1.8432,109.974,0.351,0.358,0.307,28.5
2025-04-12,Ketapang,Kalimantan Barat,-1.8432,109.974,0.338,0.345,0.306,28.6
2025-04-13,Ketapang,Kalimantan Barat,-1.8432,109.974,0.37,0.336,0.298,27.4
2025-04-14,Ketapang,Kalimantan Barat,-1.8432,109.974,0.423,0.413,0.302,26.3
2025-04-15,Ketapang,Kalimantan Barat,-1.8432,109.974,0.393,0.396,0.312,28.1
2025-04-16,Ketapang,Kalimantan Barat,-1.8432,109.974,0.373,0.374,0.314,28.4
2025-04-17,Ketapang,Kalimantan Barat,-1.8432,109.974,0.409,0.39,0.316,26.9
2025-04-18,Ketapang,Kalimantan Barat,-1.8432,109.974,0.411,0.413,0.334,27.6
2025-04-19,Ketapang,Kalimantan Barat,-1.8432,109.974,0.377,0.386,0.338,28.9
2025-04-20,Ketapang,Kalimantan Barat,-1.8432,109.974,0.385,0.377,0.339,28.3
2025-04-21,Ketapang,Kalimantan Barat,-1.8432,109.974,0.405,0.38,0.337,27.1
2025-04-22,Ketapang,Kalimantan Barat,-1.8432,109.974,0.409,0.404,0.343,27.4
2025-04-23,Ketapang,Kalimantan Barat,-1.8432,109.974,0.388,0.391,0.348,27.9
2025-04-24,Ketapang,Kalimantan Barat,-1.8432,109.974,0.406,0.397,0.352,27.0
2025-04-25,Ketapang,Kalimantan Barat,-1.8432,109.974,0.395,0.386,0.348,27.5
2025-04-26,Ketapang,Kalimantan Barat,-1.8432,109.974,0.376,0.367,0.343,28.1
2025-04-27,Ketapang,Kalimantan Barat,-1.8432,109.974,0.357,0.353,0.338,28.0
2025-04-28,Ketapang,Kalimantan Barat,-1.8432,109.974,0.368,0.345,0.326,28.0
2025-04-29,Ketapang,Kalimantan Barat,-1.8432,109.974,0.359,0.336,0.315,27.9
2025-04-30,Ketapang,Kalimantan Barat,-1.8432,109.974,0.322,0.323,0.309,28.5
2025-05-01,Ketapang,Kalimantan Barat,-1.8432,109.974,0.287,0.308,0.305,28.9
2025-05-02,Ketapang,Kalimantan Barat,-1.8432,109.974,0.258,0.293,0.3,29.2
2025-05-03,Ketapang,Kalimantan Barat,-1.8432,109.974,0.225,0.273,0.292,29.4
2025-05-04,Ketapang,Kalimantan Barat,-1.8432,109.974,0.191,0.252,0.286,29.6
2025-05-05,Ketapang,Kalimantan Barat,-1.8432,109.974,0.164,0.239,0.279,29.6
2025-05-06,Ketapang,Kalimantan Barat,-1.8432,109.974,0.139,0.234,0.287,29.0
2025-05-07,Ketapang,Kalimantan Barat,-1.8432,109.974,0.133,0.223,0.286,30.3
2025-05-08,Ketapang,Kalimantan Barat,-1.8432,109.974,0.145,0.208,0.281,30.0
2025-05-09,Ketapang,Kalimantan Barat,-1.8432,109.974,0.285,0.217,0.271,28.6
2025-05-10,Ketapang,Kalimantan Barat,-1.8432,109.974,0.316,0.25,0.271,28.7
2025-05-11,Ketapang,Kalimantan Barat,-1.8432,109.974,0.299,0.251,0.277,29.1
2025-05-12,Ketapang,Kalimantan Barat,-1.8432,109.974,0.331,0.256,0.272,28.4
2025-05-13,Ketapang,Kalimantan Barat,-1.8432,109.974,0.278,0.25,0.264,29.3
2025-05-14,Ketapang,Kalimantan Barat,-1.8432,109.974,0.303,0.248,0.259,29.1
2025-05-15,Ketapang,Kalimantan Barat,-1.8432,109.974,0.37,0.269,0.259,28.1
2025-05-16,Ketapang,Kalimantan Barat,-1.8432,109.974,0.334,0.273,0.255,29.0
2025-05-17,Ketapang,Kalimantan Barat,-1.8432,109.974,0.403,0.369,0.25,27.3
2025-05-18,Ketapang,Kalimantan Barat,-1.8432,109.974,0.363,0.369,0.255,28.6
2025-05-19,Ketapang,Kalimantan Barat,-1.8432,109.974,0.333,0.344,0.254,28.8
2025-05-20,Ketapang,Kalimantan Barat,-1.8432,109.974,0.348,0.344,0.254,28.2
2025-05-21,Ketapang,Kalimantan Barat,-1.8432,109.974,0.342,0.337,0.253,28.7
2025-05-22,Ketapang,Kalimantan Barat,-1.8432,109.974,0.316,0.321,0.249,28.5
2025-05-23,Ketapang,Kalimantan Barat,-1.8432,109.974,0.332,0.311,0.248,27.5
2025-05-24,Ketapang,Kalimantan Barat,-1.8432,109.974,0.278,0.294,0.245,29.1
2025-05-25,Ketapang,Kalimantan Barat,-1.8432,109.974,0.252,0.279,0.241,29.5
2025-05-26,Ketapang,Kalimantan Barat,-1.8432,109.974,0.266,0.264,0.24,29.6
2025-05-27,Ketapang,Kalimantan Barat,-1.8432,109.974,0.289,0.258,0.239,29.2
2025-05-28,Ketapang,Kalimantan Barat,-1.8432,109.974,0.259,0.249,0.235,29.0
2025-05-29,Ketapang,Kalimantan Barat,-1.8432,109.974,0.232,0.24,0.231,29.0
2025-05-30,Ketapang,Kalimantan Barat,-1.8432,109.974,0.239,0.229,0.227,28.5
2025-05-31,Ketapang,Kalimantan Barat,-1.8432,109.974,0.217,0.222,0.225,29.0
2025-06-01,Ketapang,Kalimantan Barat,-1.8432,109.974,0.33,0.244,0.223,27.0
2025-06-02,Ketapang,Kalimantan Barat,-1.8432,109.974,0.358,0.318,0.223,26.7
2025-06-03,Ketapang,Kalimantan Barat,-1.8432,109.974,0.329,0.315,0.222,28.0
2025-06-04,Ketapang,Kalimantan Barat,-1.8432,109.974,0.331,0.307,0.214,28.4
2025-06-05,Ketapang,Kalimantan Barat,-1.8432,109.974,0.339,0.305,0.216,28.3
2025-06-06,Ketapang,Kalimantan Barat,-1.8432,109.974,0.339,0.302,0.214,28.6
2025-06-07,Ketapang,Kalimantan Barat,-1.8432,109.974,0.34,0.304,0.211,28.0
2025-06-08,Ketapang,Kalimantan Barat,-1.8432,109.974,0.287,0.285,0.206,29.1
2025-06-09,Ketapang,Kalimantan Barat,-1.8432,109.974,0.251,0.27,0.202,29.0
2025-06-10,Ketapang,Kalimantan Barat,-1.8432,109.974,0.224,0.257,0.2,29.4
2025-06-11,Ketapang,Kalimantan Barat,-1.8432,109.974,0.222,0.245,0.197,28.7
2025-06-12,Ketapang,Kalimantan Barat,-1.8432,109.974,0.184,0.233,0.193,29.4
2025-06-13,Ketapang,Kalimantan Barat,-1.8432,109.974,0.191,0.226,0.191,28.9
2025-06-14,Ketapang,Kalimantan Barat,-1.8432,109.974,0.347,0.272,0.188,28.4
2025-06-15,Ketapang,Kalimantan Barat,-1.8432,109.974,0.318,0.285,0.186,28.9
2025-06-16,Ketapang,Kalimantan Barat,-1.8432,109.974,0.295,0.276,0.183,28.9
2025-06-17,Ketapang,Kalimantan Barat,-1.8432,109.974,0.332,0.286,0.186,28.1
2025-06-18,Ketapang,Kalimantan Barat,-1.8432,109.974,0.335,0.294,0.187,27.5
2025-06-19,Ketapang,Kalimantan Barat,-1.8432,109.974,0.425,0.407,0.208,25.2
2025-06-20,Ketapang,Kalimantan Barat,-1.8432,109.974,0.387,0.385,0.231,26.6
2025-06-21,Ketapang,Kalimantan Barat,-1.8432,109.974,0.351,0.36,0.236,28.0
2025-06-22,Ketapang,Kalimantan Barat,-1.8432,109.974,0.311,0.338,0.239,28.7
2025-06-23,Ketapang,Kalimantan Barat,-1.8432,109.974,0.284,0.314,0.238,28.9
2025-06-24,Ketapang,Kalimantan Barat,-1.8432,109.974,0.266,0.296,0.235,27.1
2025-06-25,Ketapang,Kalimantan Barat,-1.8432,109.974,0.235,0.284,0.226,28.2
2025-06-26,Ketapang,Kalimantan Barat,-1.8432,109.974,0.206,0.262,0.221,28.9
2025-06-27,Ketapang,Kalimantan Barat,-1.8432,109.974,0.199,0.243,0.218,28.5
2025-06-28,Ketapang,Kalimantan Barat,-1.8432,109.974,0.287,0.233,0.213,26.9
2025-06-29,Ketapang,Kalimantan Barat,-1.8432,109.974,0.265,0.232,0.213,27.5
2025-06-30,Ketapang,Kalimantan Barat,-1.8432,109.974,0.239,0.226,0.213,27.7
2025-07-01,Ketapang,Kalimantan Barat,-1.8432,109.974,0.217,0.221,0.212,29.1
2025-07-02,Ketapang,Kalimantan Barat,-1.8432,109.974,0.189,0.212,0.208,29.7
2025-07-03,Ketapang,Kalimantan Barat,-1.8432,109.974,0.17,0.204,0.207,29.6
2025-07-04,Ketapang,Kalimantan Barat,-1.8432,109.974,0.178,0.197,0.205,28.5
2025-07-05,Ketapang,Kalimantan Barat,-1.8432,109.974,0.269,0.192,0.204,27.9
2025-07-06,Ketapang,Kalimantan Barat,-1.8432,109.974,0.262,0.19,0.203,28.0
2025-07-07,Ketapang,Kalimantan Barat,-1.8432,109.974,0.248,0.188,0.204,27.2
2025-07-08,Ketapang,Kalimantan Barat,-1.8432,109.974,0.222,0.191,0.21,28.3
2025-07-09,Ketapang,Kalimantan Barat,-1.8432,109.974,0.189,0.184,0.207,28.9
2025-07-10,Ketapang,Kalimantan Barat,-1.8432,109.974,0.17,0.179,0.206,28.7
2025-07-11,Ketapang,Kalimantan Barat,-1.8432,109.974,0.155,0.176,0.205,29.1
2025-07-12,Ketapang,Kalimantan Barat,-1.8432,109.974,0.142,0.171,0.202,29.8
2025-07-13,Ketapang,Kalimantan Barat,-1.8432,109.974,0.138,0.163,0.198,29.9
2025-07-14,Ketapang,Kalimantan Barat,-1.8432,109.974,0.318,0.218,0.197,26.4
2025-07-15,Ketapang,Kalimantan Barat,-1.8432,109.974,0.326,0.255,0.197,27.4
2025-07-16,Ketapang,Kalimantan Barat,-1.8432,109.974,0.293,0.25,0.193,28.1
2025-07-17,Ketapang,Kalimantan Barat,-1.8432,109.974,0.268,0.24,0.189,27.6
2025-07-18,Ketapang,Kalimantan Barat,-1.8432,109.974,0.251,0.234,0.188,27.9
2025-07-19,Ketapang,Kalimantan Barat,-1.8432,109.974,0.24,0.229,0.187,28.5
2025-07-20,Ketapang,Kalimantan Barat,-1.8432,109.974,0.215,0.222,0.185,28.5
2025-07-21,Ketapang,Kalimantan Barat,-1.8432,109.974,0.193,0.216,0.185,28.8
2025-07-22,Ketapang,Kalimantan Barat,-1.8432,109.974,0.175,0.21,0.184,29.1
2025-07-23,Ketapang,Kalimantan Barat,-1.8432,109.974,0.165,0.204,0.185,29.7
2025-07-24,Ketapang,Kalimantan Barat,-1.8432,109.974,0.159,0.198,0.184,29.9
2025-07-25,Ketapang,Kalimantan Barat,-1.8432,109.974,0.166,0.193,0.184,29.5
2025-07-26,Ketapang,Kalimantan Barat,-1.8432,109.974,0.158,0.188,0.182,29.8
2025-07-27,Ketapang,Kalimantan Barat,-1.8432,109.974,0.152,0.181,0.178,29.9
2025-07-28,Ketapang,Kalimantan Barat,-1.8432,109.974,0.144,0.175,0.175,30.2
2025-07-29,Ketapang,Kalimantan Barat,-1.8432,109.974,0.135,0.171,0.175,30.8
2025-07-30,Ketapang,Kalimantan Barat,-1.8432,109.974,0.13,0.167,0.175,30.7
2025-07-31,Ketapang,Kalimantan Barat,-1.8432,109.974,0.127,0.162,0.172,31.0
2025-08-01,Ketapang,Kalimantan Barat,-1.8432,109.974,0.133,0.158,0.171,30.5
2025-08-02,Ketapang,Kalimantan Barat,-1.8432,109.974,0.2,0.156,0.17,28.7
2025-08-03,Ketapang,Kalimantan Barat,-1.8432,109.974,0.214,0.157,0.171,28.6
2025-08-04,Ketapang,Kalimantan Barat,-1.8432,109.974,0.335,0.177,0.171,25.7
2025-08-05,Ketapang,Kalimantan Barat,-1.8432,109.974,0.312,0.202,0.171,28.0
2025-08-06,Ketapang,Kalimantan Barat,-1.8432,109.974,0.283,0.208,0.167,28.9
2025-08-07,Ketapang,Kalimantan Barat,-1.8432,109.974,0.235,0.202,0.159,29.7
2025-08-08,Ketapang,Kalimantan Barat,-1.8432,109.974,0.217,0.195,0.156,29.2
2025-08-09,Ketapang,Kalimantan Barat,-1.8432,109.974,0.204,0.189,0.154,28.2
2025-08-10,Ketapang,Kalimantan Barat,-1.8432,109.974,0.201,0.186,0.155,28.7
2025-08-11,Ketapang,Kalimantan Barat,-1.8432,109.974,0.198,0.181,0.154,28.1
2025-08-12,Ketapang,Kalimantan Barat,-1.8432,109.974,0.304,0.189,0.153,25.3
2025-08-13,Ketapang,Kalimantan Barat,-1.8432,109.974,0.359,0.255,0.158,26.9
2025-08-14,Ketapang,Kalimantan Barat,-1.8432,109.974,0.38,0.3,0.156,25.4
2025-08-15,Ketapang,Kalimantan Barat,-1.8432,109.974,0.328,0.305,0.155,27.3
2025-08-16,Ketapang,Kalimantan Barat,-1.8432,109.974,0.286,0.292,0.153,27.8
2025-08-17,Ketapang,Kalimantan Barat,-1.8432,109.974,0.291,0.282,0.153,27.5
2025-08-18,Ketapang,Kalimantan Barat,-1.8432,109.974,0.353,0.294,0.154,26.6
2025-08-19,Ketapang,Kalimantan Barat,-1.8432,109.974,0.4,0.376,0.16,26.2
2025-08-20,Ketapang,Kalimantan Barat,-1.8432,109.974,0.411,0.393,0.171,25.2
2025-08-21,Ketapang,Kalimantan Barat,-1.8432,109.974,0.359,0.363,0.177,26.7
2025-08-22,Ketapang,Kalimantan Barat,-1.8432,109.974,0.319,0.336,0.18,27.9
2025-08-23,Ketapang,Kalimantan Barat,-1.8432,109.974,0.295,0.318,0.181,28.4
2025-08-24,Ketapang,Kalimantan Barat,-1.8432,109.974,0.276,0.3,0.182,27.7
2025-08-25,Ketapang,Kalimantan Barat,-1.8432,109.974,0.245,0.284,0.183,28.1
2025-08-26,Ketapang,Kalimantan Barat,-1.8432,109.974,0.23,0.273,0.183,28.4
2025-08-27,Ketapang,Kalimantan Barat,-1.8432,109.974,0.221,0.261,0.183,28.3
2025-08-28,Ketapang,Kalimantan Barat,-1.8432,109.974,0.198,0.247,0.182,28.5
2025-08-29,Ketapang,Kalimantan Barat,-1.8432,109.974,0.181,0.234,0.181,28.4
2025-08-30,Ketapang,Kalimantan Barat,-1.8432,109.974,0.17,0.222,0.179,29.3
2025-08-31,Ketapang,Kalimantan Barat,-1.8432,109.974,0.193,0.209,0.177,28.1
2025-09-01,Ketapang,Kalimantan Barat,-1.8432,109.974,0.277,0.203,0.174,28.0
2025-09-02,Ketapang,Kalimantan Barat,-1.8432,109.974,0.281,0.204,0.174,27.9
2025-09-03,Ketapang,Kalimantan Barat,-1.8432,109.974,0.389,0.256,0.172,25.7
2025-09-04,Ketapang,Kalimantan Barat,-1.8432,109.974,0.326,0.229,0.172,27.0
2025-09-05,Ketapang,Kalimantan Barat,-1.8432,109.974,0.323,0.23,0.171,27.1
2025-09-06,Ketapang,Kalimantan Barat,-1.8432,109.974,0.349,0.235,0.168,26.8
2025-09-07,Ketapang,Kalimantan Barat,-1.8432,109.974,0.37,0.281,0.17,25.7
2025-09-08,Ketapang,Kalimantan Barat,-1.8432,109.974,0.375,0.342,0.174,26.1
2025-09-09,Ketapang,Kalimantan Barat,-1.8432,109.974,0.406,0.373,0.179,25.7
2025-09-10,Ketapang,Kalimantan Barat,-1.8432,109.974,0.408,0.395,0.198,25.6
2025-09-11,Ketapang,Kalimantan Barat,-1.8432,109.974,0.385,0.379,0.206,27.0
2025-09-12,Ketapang,Kalimantan Barat,-1.8432,109.974,0.419,0.401,0.217,25.4
2025-09-13,Ketapang,Kalimantan Barat,-1.8432,109.974,0.417,0.407,0.24,25.8
2025-09-14,Ketapang,Kalimantan Barat,-1.8432,109.974,0.405,0.398,0.259,26.2
2025-09-15,Ketapang,Kalimantan Barat,-1.8432,109.974,0.38,0.373,0.264,27.3
2025-09-16,Ketapang,Kalimantan Barat,-1.8432,109.974,0.393,0.372,0.266,27.2
2025-09-17,Ketapang,Kalimantan Barat,-1.8432,109.974,0.41,0.394,0.273,26.2
2025-09-18,Ketapang,Kalimantan Barat,-1.8432,109.974,0.404,0.403,0.283,26.9
2025-09-19,Ketapang,Kalimantan Barat,-1.8432,109.974,0.382,0.38,0.286,28.0
2025-09-20,Ketapang,Kalimantan Barat,-1.8432,109.974,0.416,0.412,0.297,26.7
2025-09-21,Ketapang,Kalimantan Barat,-1.8432,109.974,0.384,0.386,0.305,28.5
2025-09-22,Ketapang,Kalimantan Barat,-1.8432,109.974,0.356,0.366,0.306,29.0
2025-09-23,Ketapang,Kalimantan Barat,-1.8432,109.974,0.319,0.342,0.304,29.0
2025-09-24,Ketapang,Kalimantan Barat,-1.8432,109.974,0.291,0.32,0.3,28.8
2025-09-25,Ketapang,Kalimantan Barat,-1.8432,109.974,0.265,0.308,0.299,28.9
2025-09-26,Ketapang,Kalimantan Barat,-1.8432,109.974,0.236,0.292,0.296,29.0
2025-09-27,Ketapang,Kalimantan Barat,-1.8432,109.974,0.21,0.274,0.293,29.4
2025-09-28,Ketapang,Kalimantan Barat,-1.8432,109.974,0.204,0.256,0.29,28.9
2025-09-29,Ketapang,Kalimantan Barat,-1.8432,109.974,0.326,0.254,0.286,26.5
2025-09-30,Ketapang,Kalimantan Barat,-1.8432,109.974,0.355,0.27,0.282,26.8
2025-10-01,Ketapang,Kalimantan Barat,-1.8432,109.974,0.311,0.27,0.263,26.8
2025-10-02,Ketapang,Kalimantan Barat,-1.8432,109.974,0.265,0.253,0.238,28.4
2025-10-03,Ketapang,Kalimantan Barat,-1.8432,109.974,0.217,0.24,0.232,29.5
2025-10-04,Ketapang,Kalimantan Barat,-1.8432,109.974,0.192,0.229,0.226,28.9
2025-10-05,Ketapang,Kalimantan Barat,-1.8432,109.974,0.169,0.218,0.218,28.5
2025-10-06,Ketapang,Kalimantan Barat,-1.8432,109.974,0.174,0.209,0.215,28.5
2025-10-07,Ketapang,Kalimantan Barat,-1.8432,109.974,0.168,0.201,0.213,28.8
2025-10-08,Ketapang,Kalimantan Barat,-1.8432,109.974,0.149,0.189,0.205,29.3
2025-10-09,Ketapang,Kalimantan Barat,-1.8432,109.974,0.145,0.184,0.204,29.7
2025-10-10,Ketapang,Kalimantan Barat,-1.8432,109.974,0.21,0.182,0.201,29.0
2025-10-11,Ketapang,Kalimantan Barat,-1.8432,109.974,0.198,0.181,0.202,29.4
2025-10-12,Ketapang,Kalimantan Barat,-1.8432,109.974,0.179,0.175,0.2,29.9
2025-10-13,Ketapang,Kalimantan Barat,-1.8432,109.974,0.18,0.169,0.197,28.9
2025-10-14,Ketapang,Kalimantan Barat,-1.8432,109.974,0.228,0.167,0.19,28.8
2025-10-15,Ketapang,Kalimantan Barat,-1.8432,109.974,0.266,0.166,0.187,28.2
2025-10-16,Ketapang,Kalimantan Barat,-1.8432,109.974,0.264,0.165,0.186,28.6
2025-10-17,Ketapang,Kalimantan Barat,-1.8432,109.974,0.349,0.22,0.185,27.7
2025-10-18,Ketapang,Kalimantan Barat,-1.8432,109.974,0.284,0.228,0.184,29.1
2025-10-19,Ketapang,Kalimantan Barat,-1.8432,109.974,0.264,0.222,0.183,29.0
2025-10-20,Ketapang,Kalimantan Barat,-1.8432,109.974,0.346,0.238,0.184,27.9
2025-10-21,Ketapang,Kalimantan Barat,-1.8432,109.974,0.395,0.328,0.185,27.2
2025-10-22,Ketapang,Kalimantan Barat,-1.8432,109.974,0.425,0.413,0.201,26.0
2025-10-23,Ketapang,Kalimantan Barat,-1.8432,109.974,0.42,0.409,0.224,26.3
2025-10-24,Ketapang,Kalimantan Barat,-1.8432,109.974,0.421,0.41,0.253,25.9
2025-10-25,Ketapang,Kalimantan Barat,-1.8432,109.974,0.427,0.419,0.279,25.6
2025-10-26,Ketapang,Kalimantan Barat,-1.8432,109.974,0.417,0.408,0.296,26.0
2025-10-27,Ketapang,Kalimantan Barat,-1.8432,109.974,0.412,0.404,0.304,26.4
2025-10-28,Ketapang,Kalimantan Barat,-1.8432,109.974,0.412,0.403,0.315,27.1
2025-10-29,Ketapang,Kalimantan Barat,-1.8432,109.974,0.404,0.405,0.326,28.0
2025-10-30,Ketapang,Kalimantan Barat,-1.8432,109.974,0.374,0.388,0.333,28.8
2025-10-31,Ketapang,Kalimantan Barat,-1.8432,109.974,0.371,0.37,0.334,28.0
2025-11-01,Ketapang,Kalimantan Barat,-1.8432,109.974,0.363,0.362,0.331,28.7
2025-11-02,Ketapang,Kalimantan Barat,-1.8432,109.974,0.341,0.346,0.321,28.7
2025-11-03,Ketapang,Kalimantan Barat,-1.8432,109.974,0.315,0.335,0.317,29.3
2025-11-04,Ketapang,Kalimantan Barat,-1.8432,109.974,0.353,0.345,0.319,28.6
2025-11-05,Ketapang,Kalimantan Barat,-1.8432,109.974,0.397,0.376,0.317,27.5
2025-11-06,Ketapang,Kalimantan Barat,-1.8432,109.974,0.392,0.39,0.323,27.9
2025-11-07,Ketapang,Kalimantan Barat,-1.8432,109.974,0.376,0.382,0.33,28.4
2025-11-08,Ketapang,Kalimantan Barat,-1.8432,109.974,0.35,0.363,0.327,28.9
2025-11-09,Ketapang,Kalimantan Barat,-1.8432,109.974,0.323,0.343,0.324,29.1
2025-11-10,Ketapang,Kalimantan Barat,-1.8432,109.974,0.342,0.331,0.32,28.4
2025-11-11,Ketapang,Kalimantan Barat,-1.8432,109.974,0.367,0.335,0.317,28.5
2025-11-12,Ketapang,Kalimantan Barat,-1.8432,109.974,0.422,0.403,0.325,26.1
2025-11-13,Ketapang,Kalimantan Barat,-1.8432,109.974,0.416,0.412,0.336,26.2
2025-11-14,Ketapang,Kalimantan Barat,-1.8432,109.974,0.383,0.393,0.338,28.4
2025-11-15,Ketapang,Kalimantan Barat,-1.8432,109.974,0.386,0.388,0.342,28.6
2025-11-16,Ketapang,Kalimantan Barat,-1.8432,109.974,0.41,0.405,0.345,27.6
2025-11-17,Ketapang,Kalimantan Barat,-1.8432,109.974,0.4,0.396,0.349,27.5
2025-11-18,Ketapang,Kalimantan Barat,-1.8432,109.974,0.393,0.393,0.352,28.2
2025-11-19,Ketapang,Kalimantan Barat,-1.8432,109.974,0.41,0.408,0.358,27.9
2025-11-20,Ketapang,Kalimantan Barat,-1.8432,109.974,0.418,0.415,0.367,26.6
2025-11-21,Ketapang,Kalimantan Barat,-1.8432,109.974,0.402,0.406,0.374,27.8
2025-11-22,Ketapang,Kalimantan Barat,-1.8432,109.974,0.399,0.403,0.376,27.6
2025-11-23,Ketapang,Kalimantan Barat,-1.8432,109.974,0.377,0.387,0.374,28.3
2025-11-24,Ketapang,Kalimantan Barat,-1.8432,109.974,0.393,0.385,0.372,28.0
2025-11-25,Ketapang,Kalimantan Barat,-1.8432,109.974,0.393,0.392,0.372,27.7
2025-11-26,Ketapang,Kalimantan Barat,-1.8432,109.974,0.386,0.391,0.374,28.0
2025-11-27,Ketapang,Kalimantan Barat,-1.8432,109.974,0.366,0.378,0.375,28.9
2025-11-28,Ketapang,Kalimantan Barat,-1.8432,109.974,0.387,0.375,0.373,28.4
2025-11-29,Ketapang,Kalimantan Barat,-1.8432,109.974,0.412,0.397,0.375,26.8
2025-11-30,Ketapang,Kalimantan Barat,-1.8432,109.974,0.399,0.404,0.376,26.9
2025-12-01,Ketapang,Kalimantan Barat,-1.8432,109.974,0.409,0.405,0.374,27.1
2025-12-02,Ketapang,Kalimantan Barat,-1.8432,109.974,0.414,0.415,0.382,26.6
2025-12-03,Ketapang,Kalimantan Barat,-1.8432,109.974,0.397,0.4,0.382,27.5
2025-12-04,Ketapang,Kalimantan Barat,-1.8432,109.974,0.397,0.402,0.383,27.7
2025-12-05,Ketapang,Kalimantan Barat,-1.8432,109.974,0.424,0.425,0.394,26.2
2025-12-06,Ketapang,Kalimantan Barat,-1.8432,109.974,0.421,0.424,0.409,26.9
2025-12-07,Ketapang,Kalimantan Barat,-1.8432,109.974,0.425,0.426,0.415,26.5
2025-12-08,Ketapang,Kalimantan Barat,-1.8432,109.974,0.427,0.428,0.421,25.5
2025-12-09,Ketapang,Kalimantan Barat,-1.8432,109.974,0.426,0.427,0.423,25.3
2025-12-10,Ketapang,Kalimantan Barat,-1.8432,109.974,0.407,0.416,0.42,27.6
2025-12-11,Ketapang,Kalimantan Barat,-1.8432,109.974,0.409,0.411,0.414,27.2
2025-12-12,Ketapang,Kalimantan Barat,-1.8432,109.974,0.418,0.418,0.411,26.6
2025-12-13,Ketapang,Kalimantan Barat,-1.8432,109.974,0.411,0.419,0.412,27.2
2025-12-14,Ketapang,Kalimantan Barat,-1.8432,109.974,0.418,0.42,0.414,27.1
2025-12-15,Ketapang,Kalimantan Barat,-1.8432,109.974,0.422,0.422,0.415,26.4
2025-12-16,Ketapang,Kalimantan Barat,-1.8432,109.974,0.417,0.42,0.417,27.1
2025-12-17,Ketapang,Kalimantan Barat,-1.8432,109.974,0.397,0.409,0.414,27.7
2025-12-18,Ketapang,Kalimantan Barat,-1.8432,109.974,0.396,0.399,0.409,27.9
2025-12-19,Ketapang,Kalimantan Barat,-1.8432,109.974,0.414,0.416,0.408,27.3
2025-12-20,Ketapang,Kalimantan Barat,-1.8432,109.974,0.423,0.423,0.412,27.4
2025-12-21,Ketapang,Kalimantan Barat,-1.8432,109.974,0.417,0.42,0.414,27.8
2025-12-22,Ketapang,Kalimantan Barat,-1.8432,109.974,0.422,0.423,0.417,27.6
2025-12-23,Ketapang,Kalimantan Barat,-1.8432,109.974,0.415,0.42,0.417,27.7
2025-12-24,Ketapang,Kalimantan Barat,-1.8432,109.974,0.398,0.406,0.413,28.6
2025-12-25,Ketapang,Kalimantan Barat,-1.8432,109.974,0.385,0.397,0.409,29.1
2025-12-26,Ketapang,Kalimantan Barat,-1.8432,109.974,0.409,0.408,0.406,27.9
2025-12-27,Ketapang,Kalimantan Barat,-1.8432,109.974,0.422,0.423,0.414,27.2
2025-12-28,Ketapang,Kalimantan Barat,-1.8432,109.974,0.416,0.419,0.417,27.5
2025-12-29,Ketapang,Kalimantan Barat,-1.8432,109.974,0.411,0.413,0.414,27.1
2025-12-30,Ketapang,Kalimantan Barat,-1.8432,109.974,0.419,0.418,0.411,27.2
2025-12-31,Ketapang,Kalimantan Barat,-1.8432,109.974,0.425,0.427,0.42,26.8
2026-01-01,Ketapang,Kalimantan Barat,-1.8432,109.974,0.422,0.425,0.423,26.4
2026-01-02,Ketapang,Kalimantan Barat,-1.8432,109.974,0.409,0.412,0.418,27.7
2026-01-03,Ketapang,Kalimantan Barat,-1.8432,109.974,0.427,0.427,0.42,25.6
2026-01-04,Ketapang,Kalimantan Barat,-1.8432,109.974,0.42,0.424,0.424,26.6
2026-01-05,Ketapang,Kalimantan Barat,-1.8432,109.974,0.404,0.411,0.419,27.8
2026-01-06,Ketapang,Kalimantan Barat,-1.8432,109.974,0.398,0.402,0.414,28.0
2026-01-07,Ketapang,Kalimantan Barat,-1.8432,109.974,0.395,0.397,0.411,28.2
2026-01-08,Ketapang,Kalimantan Barat,-1.8432,109.974,0.419,0.419,0.412,27.0
2026-01-09,Ketapang,Kalimantan Barat,-1.8432,109.974,0.411,0.413,0.413,26.9
2026-01-10,Ketapang,Kalimantan Barat,-1.8432,109.974,0.414,0.418,0.415,26.9
2026-01-11,Ketapang,Kalimantan Barat,-1.8432,109.974,0.417,0.42,0.416,26.8
2026-01-12,Ketapang,Kalimantan Barat,-1.8432,109.974,0.402,0.41,0.416,27.9
2026-01-13,Ketapang,Kalimantan Barat,-1.8432,109.974,0.39,0.397,0.412,28.4
2026-01-14,Ketapang,Kalimantan Barat,-1.8432,109.974,0.377,0.39,0.408,28.5
2026-01-15,Ketapang,Kalimantan Barat,-1.8432,109.974,0.356,0.377,0.404,28.9
2026-01-16,Ketapang,Kalimantan Barat,-1.8432,109.974,0.34,0.364,0.4,28.8
2026-01-17,Ketapang,Kalimantan Barat,-1.8432,109.974,0.326,0.353,0.396,28.8
2026-01-18,Ketapang,Kalimantan Barat,-1.8432,109.974,0.311,0.343,0.391,28.5
2026-01-19,Ketapang,Kalimantan Barat,-1.8432,109.974,0.295,0.333,0.387,28.6
2026-01-20,Ketapang,Kalimantan Barat,-1.8432,109.974,0.28,0.324,0.383,28.5
2026-01-21,Ketapang,Kalimantan Barat,-1.8432,109.974,0.273,0.319,0.381,28.0
2026-01-22,Ketapang,Kalimantan Barat,-1.8432,109.974,0.266,0.314,0.376,28.4
2026-01-23,Ketapang,Kalimantan Barat,-1.8432,109.974,0.256,0.308,0.373,28.5
2026-01-24,Ketapang,Kalimantan Barat,-1.8432,109.974,0.245,0.301,0.368,28.9
2026-01-25,Ketapang,Kalimantan Barat,-1.8432,109.974,0.251,0.295,0.364,28.4
2026-01-26,Ketapang,Kalimantan Barat,-1.8432,109.974,0.246,0.292,0.361,28.8
2026-01-27,Ketapang,Kalimantan Barat,-1.8432,109.974,0.239,0.288,0.358,28.7
2026-01-28,Ketapang,Kalimantan Barat,-1.8432,109.974,0.234,0.283,0.355,29.0
2026-01-29,Ketapang,Kalimantan Barat,-1.8432,109.974,0.237,0.279,0.351,28.5
2026-01-30,Ketapang,Kalimantan Barat,-1.8432,109.974,0.23,0.269,0.345,29.1
2026-01-31,Ketapang,Kalimantan Barat,-1.8432,109.974,0.282,0.267,0.342,28.2
2026-02-01,Ketapang,Kalimantan Barat,-1.8432,109.974,0.319,0.272,0.339,28.1
2026-02-02,Ketapang,Kalimantan Barat,-1.8432,109.974,0.349,0.294,0.342,27.9
2026-02-03,Ketapang,Kalimantan Barat,-1.8432,109.974,0.366,0.316,0.336,27.5
2026-02-04,Ketapang,Kalimantan Barat,-1.8432,109.974,0.361,0.32,0.33,27.1
2026-02-05,Ketapang,Kalimantan Barat,-1.8432,109.974,0.334,0.323,0.329,28.3
2026-02-06,Ketapang,Kalimantan Barat,-1.8432,109.974,0.316,0.316,0.325,28.0
2026-02-07,Ketapang,Kalimantan Barat,-1.8432,109.974,0.311,0.311,0.324,28.7
2026-02-08,Ketapang,Kalimantan Barat,-1.8432,109.974,0.29,0.305,0.323,28.6
2026-02-09,Ketapang,Kalimantan Barat,-1.8432,109.974,0.27,0.296,0.321,28.9
2026-02-10,Ketapang,Kalimantan Barat,-1.8432,109.974,0.252,0.287,0.319,29.2
2026-02-11,Ketapang,Kalimantan Barat,-1.8432,109.974,0.239,0.278,0.316,29.3
2026-02-12,Ketapang,Kalimantan Barat,-1.8432,109.974,0.233,0.269,0.312,29.5
2026-02-13,Ketapang,Kalimantan Barat,-1.8432,109.974,0.352,0.272,0.31,26.8
2026-02-14,Ketapang,Kalimantan Barat,-1.8432,109.974,0.314,0.272,0.306,28.5
2026-02-15,Ketapang,Kalimantan Barat,-1.8432,109.974,0.316,0.278,0.305,28.8
2026-02-16,Ketapang,Kalimantan Barat,-1.8432,109.974,0.285,0.274,0.303,29.4
2026-02-17,Ketapang,Kalimantan Barat,-1.8432,109.974,0.282,0.268,0.3,28.5
2026-02-18,Ketapang,Kalimantan Barat,-1.8432,109.974,0.381,0.326,0.299,27.0
2026-02-19,Ketapang,Kalimantan Barat,-1.8432,109.974,0.367,0.341,0.297,27.2
2026-02-20,Ketapang,Kalimantan Barat,-1.8432,109.974,0.376,0.347,0.296,27.5
2026-02-21,Ketapang,Kalimantan Barat,-1.8432,109.974,0.348,0.339,0.296,27.9
2026-02-22,Ketapang,Kalimantan Barat,-1.8432,109.974,0.316,0.325,0.294,28.8
2026-02-23,Ketapang,Kalimantan Barat,-1.8432,109.974,0.35,0.33,0.292,27.9
2026-02-24,Ketapang,Kalimantan Barat,-1.8432,109.974,0.347,0.342,0.292,28.2
2026-02-25,Ketapang,Kalimantan Barat,-1.8432,109.974,0.319,0.329,0.289,28.8
2026-02-26,Ketapang,Kalimantan Barat,-1.8432,109.974,0.298,0.319,0.288,29.2
2026-02-27,Ketapang,Kalimantan Barat,-1.8432,109.974,0.271,0.306,0.286,29.0
2026-02-28,Ketapang,Kalimantan Barat,-1.8432,109.974,0.249,0.293,0.284,29.3
2026-03-01,Ketapang,Kalimantan Barat,-1.8432,109.974,0.228,0.281,0.283,29.6
2026-03-02,Ketapang,Kalimantan Barat,-1.8432,109.974,0.213,0.27,0.281,30.0
2026-03-03,Ketapang,Kalimantan Barat,-1.8432,109.974,0.198,0.259,0.279,30.0
2026-03-04,Ketapang,Kalimantan Barat,-1.8432,109.974,0.186,0.25,0.277,29.5
2026-03-05,Ketapang,Kalimantan Barat,-1.8432,109.974,0.178,0.243,0.276,29.8
2026-03-06,Ketapang,Kalimantan Barat,-1.8432,109.974,0.182,0.236,0.274,29.1
2026-03-07,Ketapang,Kalimantan Barat,-1.8432,109.974,0.213,0.229,0.272,28.4
2026-03-08,Ketapang,Kalimantan Barat,-1.8432,109.974,0.241,0.225,0.27,28.5
2026-03-09,Ketapang,Kalimantan Barat,-1.8432,109.974,0.263,0.221,0.269,27.9
2026-03-10,Ketapang,Kalimantan Barat,-1.8432,109.974,0.316,0.224,0.267,27.7
2026-03-11,Ketapang,Kalimantan Barat,-1.8432,109.974,0.29,0.227,0.265,28.4
2026-03-12,Ketapang,Kalimantan Barat,-1.8432,109.974,0.261,0.225,0.263,29.1
2026-03-13,Ketapang,Kalimantan Barat,-1.8432,109.974,0.234,0.221,0.261,29.4
2026-03-14,Ketapang,Kalimantan Barat,-1.8432,109.974,0.21,0.217,0.261,29.6
2026-03-15,Ketapang,Kalimantan Barat,-1.8432,109.974,0.192,0.212,0.259,30.0
2026-03-16,Ketapang,Kalimantan Barat,-1.8432,109.974,0.178,0.205,0.257,29.5
2026-03-17,Ketapang,Kalimantan Barat,-1.8432,109.974,0.226,0.2,0.254,28.7
2026-03-18,Ketapang,Kalimantan Barat,-1.8432,109.974,0.247,0.194,0.246,28.8
2026-03-19,Ketapang,Kalimantan Barat,-1.8432,109.974,0.27,0.193,0.239,28.9
2026-03-20,Ketapang,Kalimantan Barat,-1.8432,109.974,0.285,0.195,0.237,28.9
2026-03-21,Ketapang,Kalimantan Barat,-1.8432,109.974,0.258,0.194,0.235,29.4
2026-03-22,Ketapang,Kalimantan Barat,-1.8432,109.974,0.218,0.187,0.23,29.8
2026-03-23,Ketapang,Kalimantan Barat,-1.8432,109.974,0.193,0.181,0.227,29.8
2026-03-24,Ketapang,Kalimantan Barat,-1.8432,109.974,0.174,0.177,0.226,30.1
2026-03-25,Ketapang,Kalimantan Barat,-1.8432,109.974,0.157,0.174,0.224,30.4
2026-03-26,Ketapang,Kalimantan Barat,-1.8432,109.974,0.145,0.172,0.224,31.0
2026-03-27,Ketapang,Kalimantan Barat,-1.8432,109.974,0.136,0.169,0.223,31.1
2026-03-28,Ketapang,Kalimantan Barat,-1.8432,109.974,0.133,0.165,0.22,30.8
2026-03-29,Ketapang,Kalimantan Barat,-1.8432,109.974,0.139,0.159,0.215,30.2
2026-03-30,Ketapang,Kalimantan Barat,-1.8432,109.974,0.353,0.196,0.213,26.8
2026-03-31,Ketapang,Kalimantan Barat,-1.8432,109.974,0.328,0.253,0.214,27.9
2026-04-01,Ketapang,Kalimantan Barat,-1.8432,109.974,0.273,0.247,0.212,28.8
2026-04-02,Ketapang,Kalimantan Barat,-1.8432,109.974,0.348,0.257,0.209,27.6
2026-04-03,Ketapang,Kalimantan Barat,-1.8432,109.974,0.32,0.281,0.208,28.0
2026-04-04,Ketapang,Kalimantan Barat,-1.8432,109.974,0.274,0.271,0.208,28.6
2026-04-05,Ketapang,Kalimantan Barat,-1.8432,109.974,0.294,0.264,0.208,27.8
2026-04-06,Ketapang,Kalimantan Barat,-1.8432,109.974,0.347,0.28,0.207,27.6
2026-04-07,Ketapang,Kalimantan Barat,-1.8432,109.974,0.357,0.298,0.207,27.7
2026-04-08,Ketapang,Kalimantan Barat,-1.8432,109.974,0.306,0.284,0.208,28.2
2026-04-09,Ketapang,Kalimantan Barat,-1.8432,109.974,0.262,0.269,0.207,29.0
2026-04-10,Ketapang,Kalimantan Barat,-1.8432,109.974,0.318,0.269,0.208,28.0
2026-04-11,Ketapang,Kalimantan Barat,-1.8432,109.974,0.277,0.258,0.207,29.0
2026-04-12,Ketapang,Kalimantan Barat,-1.8432,109.974,0.268,0.247,0.206,29.1
2026-04-13,Ketapang,Kalimantan Barat,-1.8432,109.974,0.233,0.236,0.203,29.1
2026-04-14,Ketapang,Kalimantan Barat,-1.8432,109.974,0.199,0.223,0.2,29.5
2026-04-15,Ketapang,Kalimantan Barat,-1.8432,109.974,0.191,0.212,0.199,27.9
2026-04-16,Ketapang,Kalimantan Barat,-1.8432,109.974,0.241,0.207,0.199,28.4
2026-04-17,Ketapang,Kalimantan Barat,-1.8432,109.974,0.222,0.2,0.199,29.2
2026-04-18,Ketapang,Kalimantan Barat,-1.8432,109.974,0.264,0.195,0.198,28.2
2026-04-19,Ketapang,Kalimantan Barat,-1.8432,109.974,0.213,0.19,0.197,28.6
2026-04-20,Ketapang,Kalimantan Barat,-1.8432,109.974,0.188,0.182,0.197,29.6
2026-04-21,Ketapang,Kalimantan Barat,-1.8432,109.974,0.206,0.175,0.197,28.5
2026-04-22,Ketapang,Kalimantan Barat,-1.8432,109.974,0.256,0.172,0.196,28.1
2026-04-23,Ketapang,Kalimantan Barat,-1.8432,109.974,0.253,0.175,0.196,29.4
2026-04-24,Ketapang,Kalimantan Barat,-1.8432,109.974,0.237,0.173,0.195,29.3
2026-04-25,Ketapang,Kalimantan Barat,-1.8432,109.974,0.338,0.191,0.195,27.9
2026-04-26,Ketapang,Kalimantan Barat,-1.8432,109.974,0.274,0.198,0.195,29.0
2026-04-27,Ketapang,Kalimantan Barat,-1.8432,109.974,0.306,0.203,0.195,28.5
2026-04-28,Ketapang,Kalimantan Barat,-1.8432,109.974,0.278,0.206,0.195,29.0
2026-04-29,Ketapang,Kalimantan Barat,-1.8432,109.974,0.323,0.21,0.194,28.7
2026-04-30,Ketapang,Kalimantan Barat,-1.8432,109.974,0.36,0.235,0.194,27.3
2026-05-01,Ketapang,Kalimantan Barat,-1.8432,109.974,0.325,0.263,0.195,27.9
2026-05-02,Ketapang,Kalimantan Barat,-1.8432,109.974,0.292,0.257,0.194,28.5
2026-05-03,Ketapang,Kalimantan Barat,-1.8432,109.974,0.31,0.248,0.192,28.5
2026-05-04,Ketapang,Kalimantan Barat,-1.8432,109.974,0.376,0.316,0.191,27.8
2026-05-05,Ketapang,Kalimantan Barat,-1.8432,109.974,0.341,0.326,0.191,28.9
2026-05-06,Ketapang,Kalimantan Barat,-1.8432,109.974,0.359,0.325,0.192,28.7
2026-05-07,Ketapang,Kalimantan Barat,-1.8432,109.974,0.336,0.315,0.192,27.8
2026-05-08,Ketapang,Kalimantan Barat,-1.8432,109.974,0.349,0.322,0.193,27.5
2026-05-09,Ketapang,Kalimantan Barat,-1.8432,109.974,0.404,0.393,0.201,26.8
2026-05-10,Ketapang,Kalimantan Barat,-1.8432,109.974,0.352,0.364,0.208,28.8
2026-05-11,Ketapang,Kalimantan Barat,-1.8432,109.974,0.36,0.348,0.211,28.5
2026-05-12,Ketapang,Kalimantan Barat,-1.8432,109.974,0.365,0.342,0.181,28.5
2026-05-13,Ketapang,Kalimantan Barat,-1.8432,109.974,0.35,0.305,0.144,28.8
2026-05-14,Ketapang,Kalimantan Barat,-1.8432,109.974,0.388,0.326,0.146,28.1
2026-05-15,Ketapang,Kalimantan Barat,-1.8432,109.974,0.394,0.365,0.151,28.2
2026-05-16,Ketapang,Kalimantan Barat,-1.8432,109.974,0.398,0.372,0.157,27.7
2026-05-17,Ketapang,Kalimantan Barat,-1.8432,109.974,0.418,0.41,0.188,27.2
2026-05-18,Ketapang,Kalimantan Barat,-1.8432,109.974,0.385,0.381,0.208,28.8
2026-05-19,Ketapang,Kalimantan Barat,-1.8432,109.974,0.347,0.355,0.212,29.6
2026-05-20,Ketapang,Kalimantan Barat,-1.8432,109.974,0.309,0.327,0.211,30.1
2026-05-21,Ketapang,Kalimantan Barat,-1.8432,109.974,0.284,0.309,0.212,30.1
2026-05-22,Ketapang,Kalimantan Barat,-1.8432,109.974,0.361,0.315,0.212,28.2
2026-05-23,Ketapang,Kalimantan Barat,-1.8432,109.974,0.355,0.34,0.21,28.8
2026-05-24,Ketapang,Kalimantan Barat,-1.8432,109.974,0.333,0.33,0.212,29.2
2026-05-25,Ketapang,Kalimantan Barat,-1.8432,109.974,0.372,0.333,0.213,28.3
2026-05-26,Ketapang,Kalimantan Barat,-1.8432,109.974,0.394,0.366,0.216,28.3
2026-05-27,Ketapang,Kalimantan Barat,-1.8432,109.974,0.387,0.364,0.221,28.4
2026-05-28,Ketapang,Kalimantan Barat,-1.8432,109.974,0.383,0.37,0.225,28.9
2026-05-29,Ketapang,Kalimantan Barat,-1.8432,109.974,0.341,0.345,0.226,29.8
2026-05-30,Ketapang,Kalimantan Barat,-1.8432,109.974,0.336,0.338,0.226,30.0
2026-05-31,Ketapang,Kalimantan Barat,-1.8432,109.974,0.319,0.322,0.227,29.9
2024-08-01,Palangkaraya,Kalimantan Tengah,-2.2135,113.9108,0.285,0.242,0.315,27.5
2024-08-02,Palangkaraya,Kalimantan Tengah,-2.2135,113.9108,0.352,0.254,0.321,26.4
2024-08-03,Palangkaraya,Kalimantan Tengah,-2.2135,113.9108,0.316,0.269,0.319,27.0
2024-08-04,Palangkaraya,Kalimantan Tengah,-2.2135,113.9108,0.281,0.266,0.315,27.5
2024-08-05,Palangkaraya,Kalimantan Tengah,-2.2135,113.9108,0.256,0.261,0.311,27.3
2024-08-06,Palangkaraya,Kalimantan Tengah,-2.2135,113.9108,0.243,0.256,0.308,26.9
2024-08-07,Palangkaraya,Kalimantan Tengah,-2.2135,113.9108,0.256,0.254,0.307,26.3
2024-08-08,Palangkaraya,Kalimantan Tengah,-2.2135,113.9108,0.263,0.252,0.306,26.8
2024-08-09,Palangkaraya,Kalimantan Tengah,-2.2135,113.9108,0.297,0.25,0.301,26.8
2024-08-10,Palangkaraya,Kalimantan Tengah,-2.2135,113.9108,0.269,0.249,0.3,27.4
2024-08-11,Palangkaraya,Kalimantan Tengah,-2.2135,113.9108,0.252,0.245,0.297,27.5
2024-08-12,Palangkaraya,Kalimantan Tengah,-2.2135,113.9108,0.236,0.241,0.294,27.5
2024-08-13,Palangkaraya,Kalimantan Tengah,-2.2135,113.9108,0.248,0.237,0.292,27.0
2024-08-14,Palangkaraya,Kalimantan Tengah,-2.2135,113.9108,0.267,0.233,0.289,27.1
2024-08-15,Palangkaraya,Kalimantan Tengah,-2.2135,113.9108,0.248,0.23,0.287,27.8
2024-08-16,Palangkaraya,Kalimantan Tengah,-2.2135,113.9108,0.233,0.226,0.285,28.0
2024-08-17,Palangkaraya,Kalimantan Tengah,-2.2135,113.9108,0.22,0.222,0.282,28.0
2024-08-18,Palangkaraya,Kalimantan Tengah,-2.2135,113.9108,0.232,0.218,0.279,27.8
2024-08-19,Palangkaraya,Kalimantan Tengah,-2.2135,113.9108,0.24,0.215,0.275,27.7
2024-08-20,Palangkaraya,Kalimantan Tengah,-2.2135,113.9108,0.293,0.217,0.273,27.4
2024-08-21,Palangkaraya,Kalimantan Tengah,-2.2135,113.9108,0.38,0.245,0.272,26.4
2024-08-22,Palangkaraya,Kalimantan Tengah,-2.2135,113.9108,0.397,0.32,0.271,25.4
2024-08-23,Palangkaraya,Kalimantan Tengah,-2.2135,113.9108,0.382,0.332,0.272,25.9
2024-08-24,Palangkaraya,Kalimantan Tengah,-2.2135,113.9108,0.348,0.341,0.273,26.6
2024-08-25,Palangkaraya,Kalimantan Tengah,-2.2135,113.9108,0.325,0.332,0.273,27.2
2024-08-26,Palangkaraya,Kalimantan Tengah,-2.2135,113.9108,0.334,0.323,0.273,26.7
2024-08-27,Palangkaraya,Kalimantan Tengah,-2.2135,113.9108,0.353,0.32,0.273,25.7
2024-08-28,Palangkaraya,Kalimantan Tengah,-2.2135,113.9108,0.382,0.337,0.272,25.4
2024-08-29,Palangkaraya,Kalimantan Tengah,-2.2135,113.9108,0.382,0.344,0.272,25.8
2024-08-30,Palangkaraya,Kalimantan Tengah,-2.2135,113.9108,0.395,0.36,0.275,25.8
2024-08-31,Palangkaraya,Kalimantan Tengah,-2.2135,113.9108,0.375,0.365,0.276,26.5
2024-09-01,Palangkaraya,Kalimantan Tengah,-2.2135,113.9108,0.371,0.354,0.278,26.6
2024-09-02,Palangkaraya,Kalimantan Tengah,-2.2135,113.9108,0.363,0.35,0.28,27.4
2024-09-03,Palangkaraya,Kalimantan Tengah,-2.2135,113.9108,0.325,0.334,0.28,27.5
2024-09-04,Palangkaraya,Kalimantan Tengah,-2.2135,113.9108,0.311,0.32,0.279,27.8
2024-09-05,Palangkaraya,Kalimantan Tengah,-2.2135,113.9108,0.405,0.357,0.28,26.3
2024-09-06,Palangkaraya,Kalimantan Tengah,-2.2135,113.9108,0.382,0.369,0.282,26.7
2024-09-07,Palangkaraya,Kalimantan Tengah,-2.2135,113.9108,0.352,0.354,0.283,27.6
2024-09-08,Palangkaraya,Kalimantan Tengah,-2.2135,113.9108,0.359,0.346,0.286,27.1
2024-09-09,Palangkaraya,Kalimantan Tengah,-2.2135,113.9108,0.399,0.369,0.288,26.6
2024-09-10,Palangkaraya,Kalimantan Tengah,-2.2135,113.9108,0.41,0.401,0.294,26.3
2024-09-11,Palangkaraya,Kalimantan Tengah,-2.2135,113.9108,0.375,0.379,0.298,27.4
2024-09-12,Palangkaraya,Kalimantan Tengah,-2.2135,113.9108,0.35,0.362,0.3,27.2
2024-09-13,Palangkaraya,Kalimantan Tengah,-2.2135,113.9108,0.329,0.346,0.3,27.2
2024-09-14,Palangkaraya,Kalimantan Tengah,-2.2135,113.9108,0.302,0.327,0.297,27.2
2024-09-15,Palangkaraya,Kalimantan Tengah,-2.2135,113.9108,0.283,0.313,0.296,27.3
2024-09-16,Palangkaraya,Kalimantan Tengah,-2.2135,113.9108,0.266,0.301,0.294,27.6
2024-09-17,Palangkaraya,Kalimantan Tengah,-2.2135,113.9108,0.254,0.291,0.292,27.8
2024-09-18,Palangkaraya,Kalimantan Tengah,-2.2135,113.9108,0.244,0.283,0.291,28.0
2024-09-19,Palangkaraya,Kalimantan Tengah,-2.2135,113.9108,0.233,0.276,0.29,28.2
2024-09-20,Palangkaraya,Kalimantan Tengah,-2.2135,113.9108,0.22,0.267,0.286,28.7
2024-09-21,Palangkaraya,Kalimantan Tengah,-2.2135,113.9108,0.223,0.261,0.285,28.9
2024-09-22,Palangkaraya,Kalimantan Tengah,-2.2135,113.9108,0.322,0.264,0.285,27.7
2024-09-23,Palangkaraya,Kalimantan Tengah,-2.2135,113.9108,0.362,0.297,0.286,26.2
2024-09-24,Palangkaraya,Kalimantan Tengah,-2.2135,113.9108,0.308,0.291,0.287,28.0
2024-09-25,Palangkaraya,Kalimantan Tengah,-2.2135,113.9108,0.367,0.327,0.28,26.5
2024-09-26,Palangkaraya,Kalimantan Tengah,-2.2135,113.9108,0.339,0.339,0.281,27.4
2024-09-27,Palangkaraya,Kalimantan Tengah,-2.2135,113.9108,0.372,0.345,0.282,27.2
2024-09-28,Palangkaraya,Kalimantan Tengah,-2.2135,113.9108,0.365,0.347,0.282,27.5
2024-09-29,Palangkaraya,Kalimantan Tengah,-2.2135,113.9108,0.376,0.352,0.281,27.0
2024-09-30,Palangkaraya,Kalimantan Tengah,-2.2135,113.9108,0.404,0.39,0.284,26.7
2024-10-01,Palangkaraya,Kalimantan Tengah,-2.2135,113.9108,0.376,0.381,0.29,27.3
2024-10-02,Palangkaraya,Kalimantan Tengah,-2.2135,113.9108,0.413,0.395,0.293,26.3
2024-10-03,Palangkaraya,Kalimantan Tengah,-2.2135,113.9108,0.4,0.394,0.299,26.4
2024-10-04,Palangkaraya,Kalimantan Tengah,-2.2135,113.9108,0.405,0.388,0.304,26.2
2024-10-05,Palangkaraya,Kalimantan Tengah,-2.2135,113.9108,0.403,0.396,0.309,26.5
2024-10-06,Palangkaraya,Kalimantan Tengah,-2.2135,113.9108,0.376,0.377,0.312,27.3
2024-10-07,Palangkaraya,Kalimantan Tengah,-2.2135,113.9108,0.386,0.37,0.313,26.7
2024-10-08,Palangkaraya,Kalimantan Tengah,-2.2135,113.9108,0.393,0.389,0.316,26.7
2024-10-09,Palangkaraya,Kalimantan Tengah,-2.2135,113.9108,0.381,0.376,0.318,27.4
2024-10-10,Palangkaraya,Kalimantan Tengah,-2.2135,113.9108,0.414,0.398,0.322,26.6
2024-10-11,Palangkaraya,Kalimantan Tengah,-2.2135,113.9108,0.402,0.395,0.327,27.0
2024-10-12,Palangkaraya,Kalimantan Tengah,-2.2135,113.9108,0.403,0.393,0.33,27.3
2024-10-13,Palangkaraya,Kalimantan Tengah,-2.2135,113.9108,0.411,0.399,0.334,26.9
2024-10-14,Palangkaraya,Kalimantan Tengah,-2.2135,113.9108,0.411,0.402,0.341,26.6
2024-10-15,Palangkaraya,Kalimantan Tengah,-2.2135,113.9108,0.419,0.415,0.35,26.2
2024-10-16,Palangkaraya,Kalimantan Tengah,-2.2135,113.9108,0.405,0.403,0.357,26.5
2024-10-17,Palangkaraya,Kalimantan Tengah,-2.2135,113.9108,0.412,0.402,0.359,26.1
2024-10-18,Palangkaraya,Kalimantan Tengah,-2.2135,113.9108,0.417,0.414,0.366,26.1
2024-10-19,Palangkaraya,Kalimantan Tengah,-2.2135,113.9108,0.421,0.423,0.385,25.3
2024-10-20,Palangkaraya,Kalimantan Tengah,-2.2135,113.9108,0.404,0.407,0.391,26.7
2024-10-21,Palangkaraya,Kalimantan Tengah,-2.2135,113.9108,0.41,0.411,0.39,25.6
2024-10-22,Palangkaraya,Kalimantan Tengah,-2.2135,113.9108,0.391,0.398,0.386,26.2
2024-10-23,Palangkaraya,Kalimantan Tengah,-2.2135,113.9108,0.376,0.385,0.383,27.4
2024-10-24,Palangkaraya,Kalimantan Tengah,-2.2135,113.9108,0.361,0.372,0.379,27.6
2024-10-25,Palangkaraya,Kalimantan Tengah,-2.2135,113.9108,0.347,0.36,0.372,27.6
2024-10-26,Palangkaraya,Kalimantan Tengah,-2.2135,113.9108,0.327,0.347,0.367,27.6
2024-10-27,Palangkaraya,Kalimantan Tengah,-2.2135,113.9108,0.306,0.335,0.362,28.2
2024-10-28,Palangkaraya,Kalimantan Tengah,-2.2135,113.9108,0.29,0.324,0.356,28.7
2024-10-29,Palangkaraya,Kalimantan Tengah,-2.2135,113.9108,0.28,0.315,0.351,28.8
2024-10-30,Palangkaraya,Kalimantan Tengah,-2.2135,113.9108,0.273,0.307,0.346,28.8
2024-10-31,Palangkaraya,Kalimantan Tengah,-2.2135,113.9108,0.327,0.305,0.344,26.5
2024-11-01,Palangkaraya,Kalimantan Tengah,-2.2135,113.9108,0.325,0.303,0.342,27.1
2024-11-02,Palangkaraya,Kalimantan Tengah,-2.2135,113.9108,0.381,0.338,0.341,26.5
2024-11-03,Palangkaraya,Kalimantan Tengah,-2.2135,113.9108,0.415,0.393,0.343,26.1
2024-11-04,Palangkaraya,Kalimantan Tengah,-2.2135,113.9108,0.401,0.398,0.345,26.3
2024-11-05,Palangkaraya,Kalimantan Tengah,-2.2135,113.9108,0.379,0.378,0.346,27.3
2024-11-06,Palangkaraya,Kalimantan Tengah,-2.2135,113.9108,0.377,0.378,0.346,26.8
2024-11-07,Palangkaraya,Kalimantan Tengah,-2.2135,113.9108,0.388,0.38,0.343,26.9
2024-11-08,Palangkaraya,Kalimantan Tengah,-2.2135,113.9108,0.4,0.395,0.346,27.1
2024-11-09,Palangkaraya,Kalimantan Tengah,-2.2135,113.9108,0.417,0.411,0.354,26.7
2024-11-10,Palangkaraya,Kalimantan Tengah,-2.2135,113.9108,0.404,0.404,0.363,27.0
2024-11-11,Palangkaraya,Kalimantan Tengah,-2.2135,113.9108,0.413,0.413,0.368,26.9
2024-11-12,Palangkaraya,Kalimantan Tengah,-2.2135,113.9108,0.408,0.401,0.365,26.9
2024-11-13,Palangkaraya,Kalimantan Tengah,-2.2135,113.9108,0.399,0.386,0.351,28.0
2024-11-14,Palangkaraya,Kalimantan Tengah,-2.2135,113.9108,0.395,0.388,0.352,28.0
2024-11-15,Palangkaraya,Kalimantan Tengah,-2.2135,113.9108,0.398,0.381,0.358,27.9
2024-11-16,Palangkaraya,Kalimantan Tengah,-2.2135,113.9108,0.395,0.383,0.358,27.6
2024-11-17,Palangkaraya,Kalimantan Tengah,-2.2135,113.9108,0.385,0.384,0.359,27.4
2024-11-18,Palangkaraya,Kalimantan Tengah,-2.2135,113.9108,0.388,0.38,0.357,27.8
2024-11-19,Palangkaraya,Kalimantan Tengah,-2.2135,113.9108,0.392,0.379,0.358,27.6
2024-11-20,Palangkaraya,Kalimantan Tengah,-2.2135,113.9108,0.383,0.384,0.359,27.8
2024-11-21,Palangkaraya,Kalimantan Tengah,-2.2135,113.9108,0.387,0.383,0.36,27.9
2024-11-22,Palangkaraya,Kalimantan Tengah,-2.2135,113.9108,0.387,0.382,0.36,27.9
2024-11-23,Palangkaraya,Kalimantan Tengah,-2.2135,113.9108,0.387,0.382,0.361,27.7
2024-11-24,Palangkaraya,Kalimantan Tengah,-2.2135,113.9108,0.38,0.381,0.362,28.0
2024-11-25,Palangkaraya,Kalimantan Tengah,-2.2135,113.9108,0.386,0.382,0.363,27.3
2024-11-26,Palangkaraya,Kalimantan Tengah,-2.2135,113.9108,0.381,0.379,0.363,27.8
2024-11-27,Palangkaraya,Kalimantan Tengah,-2.2135,113.9108,0.386,0.38,0.364,27.3
2024-11-28,Palangkaraya,Kalimantan Tengah,-2.2135,113.9108,0.388,0.373,0.364,27.0
2024-11-29,Palangkaraya,Kalimantan Tengah,-2.2135,113.9108,0.391,0.378,0.364,26.9
2024-11-30,Palangkaraya,Kalimantan Tengah,-2.2135,113.9108,0.384,0.373,0.364,27.2
2024-12-01,Palangkaraya,Kalimantan Tengah,-2.2135,113.9108,0.39,0.369,0.364,27.2
2024-12-02,Palangkaraya,Kalimantan Tengah,-2.2135,113.9108,0.384,0.378,0.364,27.5
2024-12-03,Palangkaraya,Kalimantan Tengah,-2.2135,113.9108,0.392,0.379,0.364,26.6
2024-12-04,Palangkaraya,Kalimantan Tengah,-2.2135,113.9108,0.378,0.375,0.365,26.9
2024-12-05,Palangkaraya,Kalimantan Tengah,-2.2135,113.9108,0.375,0.372,0.365,26.5
2024-12-06,Palangkaraya,Kalimantan Tengah,-2.2135,113.9108,0.373,0.379,0.365,27.3
2024-12-07,Palangkaraya,Kalimantan Tengah,-2.2135,113.9108,0.348,0.374,0.365,28.6
2024-12-08,Palangkaraya,Kalimantan Tengah,-2.2135,113.9108,0.346,0.36,0.364,28.6
2024-12-09,Palangkaraya,Kalimantan Tengah,-2.2135,113.9108,0.393,0.365,0.363,27.7
2024-12-10,Palangkaraya,Kalimantan Tengah,-2.2135,113.9108,0.376,0.372,0.363,27.7
2024-12-11,Palangkaraya,Kalimantan Tengah,-2.2135,113.9108,0.381,0.368,0.362,27.7
2024-12-12,Palangkaraya,Kalimantan Tengah,-2.2135,113.9108,0.383,0.373,0.362,27.6
2024-12-13,Palangkaraya,Kalimantan Tengah,-2.2135,113.9108,0.357,0.36,0.362,27.9
2024-12-14,Palangkaraya,Kalimantan Tengah,-2.2135,113.9108,0.365,0.359,0.361,28.3
2024-12-15,Palangkaraya,Kalimantan Tengah,-2.2135,113.9108,0.384,0.383,0.361,27.4
2024-12-16,Palangkaraya,Kalimantan Tengah,-2.2135,113.9108,0.383,0.38,0.362,27.4
2024-12-17,Palangkaraya,Kalimantan Tengah,-2.2135,113.9108,0.367,0.371,0.362,27.7
2024-12-18,Palangkaraya,Kalimantan Tengah,-2.2135,113.9108,0.349,0.357,0.361,27.8
2024-12-19,Palangkaraya,Kalimantan Tengah,-2.2135,113.9108,0.362,0.366,0.361,27.3
2024-12-20,Palangkaraya,Kalimantan Tengah,-2.2135,113.9108,0.347,0.351,0.36,27.6
2024-12-21,Palangkaraya,Kalimantan Tengah,-2.2135,113.9108,0.355,0.332,0.359,27.6
2024-12-22,Palangkaraya,Kalimantan Tengah,-2.2135,113.9108,0.379,0.34,0.358,27.7
2024-12-23,Palangkaraya,Kalimantan Tengah,-2.2135,113.9108,0.387,0.354,0.357,27.5
2024-12-24,Palangkaraya,Kalimantan Tengah,-2.2135,113.9108,0.401,0.37,0.357,26.7
2024-12-25,Palangkaraya,Kalimantan Tengah,-2.2135,113.9108,0.384,0.385,0.358,27.0
2024-12-26,Palangkaraya,Kalimantan Tengah,-2.2135,113.9108,0.377,0.37,0.358,27.9
2024-12-27,Palangkaraya,Kalimantan Tengah,-2.2135,113.9108,0.361,0.357,0.358,27.4
2024-12-28,Palangkaraya,Kalimantan Tengah,-2.2135,113.9108,0.368,0.356,0.357,28.0
2024-12-29,Palangkaraya,Kalimantan Tengah,-2.2135,113.9108,0.346,0.343,0.356,28.2
2024-12-30,Palangkaraya,Kalimantan Tengah,-2.2135,113.9108,0.366,0.358,0.356,28.0
2024-12-31,Palangkaraya,Kalimantan Tengah,-2.2135,113.9108,0.376,0.357,0.355,27.4
2025-01-01,Palangkaraya,Kalimantan Tengah,-2.2135,113.9108,0.367,0.357,0.355,27.9
2025-01-02,Palangkaraya,Kalimantan Tengah,-2.2135,113.9108,0.393,0.37,0.354,27.4
2025-01-03,Palangkaraya,Kalimantan Tengah,-2.2135,113.9108,0.386,0.377,0.355,27.7
2025-01-04,Palangkaraya,Kalimantan Tengah,-2.2135,113.9108,0.394,0.386,0.356,26.8
2025-01-05,Palangkaraya,Kalimantan Tengah,-2.2135,113.9108,0.373,0.381,0.357,27.5
2025-01-06,Palangkaraya,Kalimantan Tengah,-2.2135,113.9108,0.383,0.375,0.358,28.1
2025-01-07,Palangkaraya,Kalimantan Tengah,-2.2135,113.9108,0.376,0.363,0.358,28.0
2025-01-08,Palangkaraya,Kalimantan Tengah,-2.2135,113.9108,0.378,0.379,0.359,27.7
2025-01-09,Palangkaraya,Kalimantan Tengah,-2.2135,113.9108,0.385,0.377,0.359,28.1
2025-01-10,Palangkaraya,Kalimantan Tengah,-2.2135,113.9108,0.393,0.381,0.36,27.5
2025-01-11,Palangkaraya,Kalimantan Tengah,-2.2135,113.9108,0.371,0.377,0.361,27.3
2025-01-12,Palangkaraya,Kalimantan Tengah,-2.2135,113.9108,0.364,0.372,0.361,27.7
2025-01-13,Palangkaraya,Kalimantan Tengah,-2.2135,113.9108,0.381,0.37,0.361,27.5
2025-01-14,Palangkaraya,Kalimantan Tengah,-2.2135,113.9108,0.376,0.359,0.361,27.4
2025-01-15,Palangkaraya,Kalimantan Tengah,-2.2135,113.9108,0.368,0.363,0.36,27.5
2025-01-16,Palangkaraya,Kalimantan Tengah,-2.2135,113.9108,0.376,0.367,0.36,27.8
2025-01-17,Palangkaraya,Kalimantan Tengah,-2.2135,113.9108,0.354,0.36,0.36,28.4
2025-01-18,Palangkaraya,Kalimantan Tengah,-2.2135,113.9108,0.392,0.364,0.359,28.0
2025-01-19,Palangkaraya,Kalimantan Tengah,-2.2135,113.9108,0.4,0.383,0.359,26.1
2025-01-20,Palangkaraya,Kalimantan Tengah,-2.2135,113.9108,0.38,0.383,0.36,26.8
2025-01-21,Palangkaraya,Kalimantan Tengah,-2.2135,113.9108,0.387,0.382,0.361,26.3
2025-01-22,Palangkaraya,Kalimantan Tengah,-2.2135,113.9108,0.386,0.383,0.362,26.6
2025-01-23,Palangkaraya,Kalimantan Tengah,-2.2135,113.9108,0.386,0.382,0.363,25.8
2025-01-24,Palangkaraya,Kalimantan Tengah,-2.2135,113.9108,0.372,0.377,0.364,26.6
2025-01-25,Palangkaraya,Kalimantan Tengah,-2.2135,113.9108,0.378,0.374,0.363,27.6
2025-01-26,Palangkaraya,Kalimantan Tengah,-2.2135,113.9108,0.391,0.382,0.364,26.4
2025-01-27,Palangkaraya,Kalimantan Tengah,-2.2135,113.9108,0.383,0.381,0.364,26.7
2025-01-28,Palangkaraya,Kalimantan Tengah,-2.2135,113.9108,0.385,0.379,0.365,26.6
2025-01-29,Palangkaraya,Kalimantan Tengah,-2.2135,113.9108,0.386,0.381,0.365,26.7
2025-01-30,Palangkaraya,Kalimantan Tengah,-2.2135,113.9108,0.386,0.381,0.366,25.6
2025-01-31,Palangkaraya,Kalimantan Tengah,-2.2135,113.9108,0.384,0.379,0.366,26.4
2025-02-01,Palangkaraya,Kalimantan Tengah,-2.2135,113.9108,0.359,0.372,0.366,26.3
2025-02-02,Palangkaraya,Kalimantan Tengah,-2.2135,113.9108,0.315,0.358,0.365,28.0
2025-02-03,Palangkaraya,Kalimantan Tengah,-2.2135,113.9108,0.291,0.334,0.364,28.6
2025-02-04,Palangkaraya,Kalimantan Tengah,-2.2135,113.9108,0.336,0.336,0.362,28.1
2025-02-05,Palangkaraya,Kalimantan Tengah,-2.2135,113.9108,0.302,0.334,0.36,28.8
2025-02-06,Palangkaraya,Kalimantan Tengah,-2.2135,113.9108,0.312,0.32,0.359,28.1
2025-02-07,Palangkaraya,Kalimantan Tengah,-2.2135,113.9108,0.348,0.316,0.357,27.2
2025-02-08,Palangkaraya,Kalimantan Tengah,-2.2135,113.9108,0.349,0.318,0.347,27.6
2025-02-09,Palangkaraya,Kalimantan Tengah,-2.2135,113.9108,0.362,0.325,0.335,27.4
2025-02-10,Palangkaraya,Kalimantan Tengah,-2.2135,113.9108,0.35,0.33,0.335,27.6
2025-02-11,Palangkaraya,Kalimantan Tengah,-2.2135,113.9108,0.371,0.329,0.327,27.4
2025-02-12,Palangkaraya,Kalimantan Tengah,-2.2135,113.9108,0.307,0.309,0.317,27.6
2025-02-13,Palangkaraya,Kalimantan Tengah,-2.2135,113.9108,0.275,0.291,0.315,28.3
2025-02-14,Palangkaraya,Kalimantan Tengah,-2.2135,113.9108,0.245,0.283,0.311,28.3
2025-02-15,Palangkaraya,Kalimantan Tengah,-2.2135,113.9108,0.294,0.27,0.301,27.6
2025-02-16,Palangkaraya,Kalimantan Tengah,-2.2135,113.9108,0.315,0.268,0.288,27.7
2025-02-17,Palangkaraya,Kalimantan Tengah,-2.2135,113.9108,0.397,0.341,0.279,26.8
2025-02-18,Palangkaraya,Kalimantan Tengah,-2.2135,113.9108,0.382,0.378,0.282,27.7
2025-02-19,Palangkaraya,Kalimantan Tengah,-2.2135,113.9108,0.389,0.377,0.284,27.5
2025-02-20,Palangkaraya,Kalimantan Tengah,-2.2135,113.9108,0.392,0.393,0.281,27.2
2025-02-21,Palangkaraya,Kalimantan Tengah,-2.2135,113.9108,0.383,0.378,0.284,27.8
2025-02-22,Palangkaraya,Kalimantan Tengah,-2.2135,113.9108,0.387,0.374,0.286,27.8
2025-02-23,Palangkaraya,Kalimantan Tengah,-2.2135,113.9108,0.41,0.408,0.3,26.5
2025-02-24,Palangkaraya,Kalimantan Tengah,-2.2135,113.9108,0.392,0.388,0.305,27.5
2025-02-25,Palangkaraya,Kalimantan Tengah,-2.2135,113.9108,0.401,0.39,0.312,27.6
2025-02-26,Palangkaraya,Kalimantan Tengah,-2.2135,113.9108,0.411,0.405,0.32,26.8
2025-02-27,Palangkaraya,Kalimantan Tengah,-2.2135,113.9108,0.405,0.402,0.329,27.6
2025-02-28,Palangkaraya,Kalimantan Tengah,-2.2135,113.9108,0.406,0.401,0.334,27.3
2025-03-01,Palangkaraya,Kalimantan Tengah,-2.2135,113.9108,0.393,0.392,0.339,27.7
2025-03-02,Palangkaraya,Kalimantan Tengah,-2.2135,113.9108,0.39,0.382,0.342,27.4
2025-03-03,Palangkaraya,Kalimantan Tengah,-2.2135,113.9108,0.392,0.384,0.343,27.6
2025-03-04,Palangkaraya,Kalimantan Tengah,-2.2135,113.9108,0.399,0.391,0.347,26.9
2025-03-05,Palangkaraya,Kalimantan Tengah,-2.2135,113.9108,0.389,0.386,0.348,27.7
2025-03-06,Palangkaraya,Kalimantan Tengah,-2.2135,113.9108,0.387,0.388,0.353,27.9
2025-03-07,Palangkaraya,Kalimantan Tengah,-2.2135,113.9108,0.393,0.388,0.356,25.7
2025-03-08,Palangkaraya,Kalimantan Tengah,-2.2135,113.9108,0.376,0.384,0.357,27.3
2025-03-09,Palangkaraya,Kalimantan Tengah,-2.2135,113.9108,0.396,0.383,0.359,27.2
2025-03-10,Palangkaraya,Kalimantan Tengah,-2.2135,113.9108,0.382,0.377,0.359,27.6
2025-03-11,Palangkaraya,Kalimantan Tengah,-2.2135,113.9108,0.361,0.365,0.362,27.4
2025-03-12,Palangkaraya,Kalimantan Tengah,-2.2135,113.9108,0.377,0.355,0.361,27.9
2025-03-13,Palangkaraya,Kalimantan Tengah,-2.2135,113.9108,0.39,0.385,0.355,28.0
2025-03-14,Palangkaraya,Kalimantan Tengah,-2.2135,113.9108,0.39,0.383,0.357,28.2
2025-03-15,Palangkaraya,Kalimantan Tengah,-2.2135,113.9108,0.39,0.386,0.359,27.2
2025-03-16,Palangkaraya,Kalimantan Tengah,-2.2135,113.9108,0.369,0.381,0.36,27.4
2025-03-17,Palangkaraya,Kalimantan Tengah,-2.2135,113.9108,0.367,0.377,0.361,26.6
2025-03-18,Palangkaraya,Kalimantan Tengah,-2.2135,113.9108,0.373,0.37,0.367,27.4
2025-03-19,Palangkaraya,Kalimantan Tengah,-2.2135,113.9108,0.365,0.356,0.367,27.7
2025-03-20,Palangkaraya,Kalimantan Tengah,-2.2135,113.9108,0.399,0.374,0.366,26.0
2025-03-21,Palangkaraya,Kalimantan Tengah,-2.2135,113.9108,0.384,0.377,0.365,26.5
2025-03-22,Palangkaraya,Kalimantan Tengah,-2.2135,113.9108,0.391,0.378,0.364,27.0
2025-03-23,Palangkaraya,Kalimantan Tengah,-2.2135,113.9108,0.382,0.379,0.365,27.8
2025-03-24,Palangkaraya,Kalimantan Tengah,-2.2135,113.9108,0.387,0.378,0.365,27.8
2025-03-25,Palangkaraya,Kalimantan Tengah,-2.2135,113.9108,0.385,0.38,0.365,27.2
2025-03-26,Palangkaraya,Kalimantan Tengah,-2.2135,113.9108,0.371,0.374,0.365,28.1
2025-03-27,Palangkaraya,Kalimantan Tengah,-2.2135,113.9108,0.352,0.359,0.364,29.1
2025-03-28,Palangkaraya,Kalimantan Tengah,-2.2135,113.9108,0.309,0.334,0.363,28.8
2025-03-29,Palangkaraya,Kalimantan Tengah,-2.2135,113.9108,0.395,0.354,0.365,28.0
2025-03-30,Palangkaraya,Kalimantan Tengah,-2.2135,113.9108,0.39,0.377,0.367,27.7
2025-03-31,Palangkaraya,Kalimantan Tengah,-2.2135,113.9108,0.383,0.377,0.364,28.7
2025-04-01,Palangkaraya,Kalimantan Tengah,-2.2135,113.9108,0.385,0.38,0.366,26.7
2025-04-02,Palangkaraya,Kalimantan Tengah,-2.2135,113.9108,0.384,0.379,0.366,27.2
2025-04-03,Palangkaraya,Kalimantan Tengah,-2.2135,113.9108,0.377,0.381,0.365,27.0
2025-04-04,Palangkaraya,Kalimantan Tengah,-2.2135,113.9108,0.366,0.378,0.363,27.7
2025-04-05,Palangkaraya,Kalimantan Tengah,-2.2135,113.9108,0.382,0.386,0.359,27.1
2025-04-06,Palangkaraya,Kalimantan Tengah,-2.2135,113.9108,0.389,0.384,0.361,26.0
2025-04-07,Palangkaraya,Kalimantan Tengah,-2.2135,113.9108,0.385,0.382,0.362,27.3
2025-04-08,Palangkaraya,Kalimantan Tengah,-2.2135,113.9108,0.389,0.381,0.362,27.1
2025-04-09,Palangkaraya,Kalimantan Tengah,-2.2135,113.9108,0.38,0.381,0.364,26.9
2025-04-10,Palangkaraya,Kalimantan Tengah,-2.2135,113.9108,0.372,0.375,0.364,28.2
2025-04-11,Palangkaraya,Kalimantan Tengah,-2.2135,113.9108,0.395,0.38,0.364,27.0
2025-04-12,Palangkaraya,Kalimantan Tengah,-2.2135,113.9108,0.377,0.38,0.364,28.0
2025-04-13,Palangkaraya,Kalimantan Tengah,-2.2135,113.9108,0.388,0.381,0.363,26.8
2025-04-14,Palangkaraya,Kalimantan Tengah,-2.2135,113.9108,0.388,0.38,0.365,27.6
2025-04-15,Palangkaraya,Kalimantan Tengah,-2.2135,113.9108,0.375,0.379,0.365,27.2
2025-04-16,Palangkaraya,Kalimantan Tengah,-2.2135,113.9108,0.382,0.375,0.364,28.0
2025-04-17,Palangkaraya,Kalimantan Tengah,-2.2135,113.9108,0.388,0.378,0.366,26.7
2025-04-18,Palangkaraya,Kalimantan Tengah,-2.2135,113.9108,0.356,0.376,0.365,27.1
2025-04-19,Palangkaraya,Kalimantan Tengah,-2.2135,113.9108,0.338,0.364,0.365,28.4
2025-04-20,Palangkaraya,Kalimantan Tengah,-2.2135,113.9108,0.315,0.333,0.364,28.7
2025-04-21,Palangkaraya,Kalimantan Tengah,-2.2135,113.9108,0.35,0.312,0.362,27.6
2025-04-22,Palangkaraya,Kalimantan Tengah,-2.2135,113.9108,0.332,0.315,0.359,27.7
2025-04-23,Palangkaraya,Kalimantan Tengah,-2.2135,113.9108,0.33,0.327,0.353,28.1
2025-04-24,Palangkaraya,Kalimantan Tengah,-2.2135,113.9108,0.348,0.327,0.352,27.4
2025-04-25,Palangkaraya,Kalimantan Tengah,-2.2135,113.9108,0.349,0.327,0.351,27.0
2025-04-26,Palangkaraya,Kalimantan Tengah,-2.2135,113.9108,0.357,0.338,0.35,27.9
2025-04-27,Palangkaraya,Kalimantan Tengah,-2.2135,113.9108,0.389,0.379,0.351,27.4
2025-04-28,Palangkaraya,Kalimantan Tengah,-2.2135,113.9108,0.369,0.383,0.353,27.8
2025-04-29,Palangkaraya,Kalimantan Tengah,-2.2135,113.9108,0.38,0.376,0.355,27.2
2025-04-30,Palangkaraya,Kalimantan Tengah,-2.2135,113.9108,0.352,0.362,0.358,28.1
2025-05-01,Palangkaraya,Kalimantan Tengah,-2.2135,113.9108,0.319,0.346,0.358,28.8
2025-05-02,Palangkaraya,Kalimantan Tengah,-2.2135,113.9108,0.284,0.324,0.357,28.5
2025-05-03,Palangkaraya,Kalimantan Tengah,-2.2135,113.9108,0.255,0.3,0.356,28.7
2025-05-04,Palangkaraya,Kalimantan Tengah,-2.2135,113.9108,0.241,0.285,0.354,29.0
2025-05-05,Palangkaraya,Kalimantan Tengah,-2.2135,113.9108,0.334,0.288,0.349,28.3
2025-05-06,Palangkaraya,Kalimantan Tengah,-2.2135,113.9108,0.334,0.299,0.336,28.7
2025-05-07,Palangkaraya,Kalimantan Tengah,-2.2135,113.9108,0.278,0.292,0.327,29.2
2025-05-08,Palangkaraya,Kalimantan Tengah,-2.2135,113.9108,0.248,0.283,0.328,29.5
2025-05-09,Palangkaraya,Kalimantan Tengah,-2.2135,113.9108,0.375,0.3,0.324,27.3
2025-05-10,Palangkaraya,Kalimantan Tengah,-2.2135,113.9108,0.365,0.333,0.329,27.6
2025-05-11,Palangkaraya,Kalimantan Tengah,-2.2135,113.9108,0.393,0.368,0.348,28.0
2025-05-12,Palangkaraya,Kalimantan Tengah,-2.2135,113.9108,0.378,0.376,0.37,27.2
2025-05-13,Palangkaraya,Kalimantan Tengah,-2.2135,113.9108,0.359,0.37,0.369,28.2
2025-05-14,Palangkaraya,Kalimantan Tengah,-2.2135,113.9108,0.384,0.373,0.365,28.0
2025-05-15,Palangkaraya,Kalimantan Tengah,-2.2135,113.9108,0.382,0.374,0.364,27.6
2025-05-16,Palangkaraya,Kalimantan Tengah,-2.2135,113.9108,0.371,0.369,0.361,28.6
2025-05-17,Palangkaraya,Kalimantan Tengah,-2.2135,113.9108,0.396,0.375,0.349,27.9
2025-05-18,Palangkaraya,Kalimantan Tengah,-2.2135,113.9108,0.389,0.389,0.35,27.9
2025-05-19,Palangkaraya,Kalimantan Tengah,-2.2135,113.9108,0.387,0.383,0.346,28.1
2025-05-20,Palangkaraya,Kalimantan Tengah,-2.2135,113.9108,0.392,0.387,0.345,27.4
2025-05-21,Palangkaraya,Kalimantan Tengah,-2.2135,113.9108,0.395,0.389,0.347,27.4
2025-05-22,Palangkaraya,Kalimantan Tengah,-2.2135,113.9108,0.396,0.391,0.35,27.6
2025-05-23,Palangkaraya,Kalimantan Tengah,-2.2135,113.9108,0.393,0.39,0.353,27.3
2025-05-24,Palangkaraya,Kalimantan Tengah,-2.2135,113.9108,0.364,0.388,0.352,28.6
2025-05-25,Palangkaraya,Kalimantan Tengah,-2.2135,113.9108,0.372,0.379,0.342,29.1
2025-05-26,Palangkaraya,Kalimantan Tengah,-2.2135,113.9108,0.399,0.382,0.337,28.2
2025-05-27,Palangkaraya,Kalimantan Tengah,-2.2135,113.9108,0.406,0.399,0.337,26.6
2025-05-28,Palangkaraya,Kalimantan Tengah,-2.2135,113.9108,0.378,0.389,0.337,27.9
2025-05-29,Palangkaraya,Kalimantan Tengah,-2.2135,113.9108,0.352,0.378,0.334,28.8
2025-05-30,Palangkaraya,Kalimantan Tengah,-2.2135,113.9108,0.317,0.348,0.332,28.7
2025-05-31,Palangkaraya,Kalimantan Tengah,-2.2135,113.9108,0.345,0.33,0.328,27.0
2025-06-01,Palangkaraya,Kalimantan Tengah,-2.2135,113.9108,0.387,0.356,0.325,26.8
2025-06-02,Palangkaraya,Kalimantan Tengah,-2.2135,113.9108,0.38,0.371,0.32,26.6
2025-06-03,Palangkaraya,Kalimantan Tengah,-2.2135,113.9108,0.369,0.378,0.32,27.0
2025-06-04,Palangkaraya,Kalimantan Tengah,-2.2135,113.9108,0.359,0.358,0.322,28.0
2025-06-05,Palangkaraya,Kalimantan Tengah,-2.2135,113.9108,0.367,0.352,0.323,28.2
2025-06-06,Palangkaraya,Kalimantan Tengah,-2.2135,113.9108,0.348,0.354,0.324,28.4
2025-06-07,Palangkaraya,Kalimantan Tengah,-2.2135,113.9108,0.317,0.338,0.325,28.2
2025-06-08,Palangkaraya,Kalimantan Tengah,-2.2135,113.9108,0.295,0.322,0.325,28.1
2025-06-09,Palangkaraya,Kalimantan Tengah,-2.2135,113.9108,0.338,0.317,0.326,28.0
2025-06-10,Palangkaraya,Kalimantan Tengah,-2.2135,113.9108,0.35,0.319,0.327,28.4
2025-06-11,Palangkaraya,Kalimantan Tengah,-2.2135,113.9108,0.365,0.332,0.33,27.5
2025-06-12,Palangkaraya,Kalimantan Tengah,-2.2135,113.9108,0.32,0.33,0.33,27.8
2025-06-13,Palangkaraya,Kalimantan Tengah,-2.2135,113.9108,0.34,0.327,0.329,28.0
2025-06-14,Palangkaraya,Kalimantan Tengah,-2.2135,113.9108,0.328,0.319,0.331,27.8
2025-06-15,Palangkaraya,Kalimantan Tengah,-2.2135,113.9108,0.344,0.328,0.325,28.4
2025-06-16,Palangkaraya,Kalimantan Tengah,-2.2135,113.9108,0.309,0.32,0.324,28.5
2025-06-17,Palangkaraya,Kalimantan Tengah,-2.2135,113.9108,0.284,0.31,0.322,28.4
2025-06-18,Palangkaraya,Kalimantan Tengah,-2.2135,113.9108,0.325,0.293,0.32,27.4
2025-06-19,Palangkaraya,Kalimantan Tengah,-2.2135,113.9108,0.407,0.34,0.314,26.0
2025-06-20,Palangkaraya,Kalimantan Tengah,-2.2135,113.9108,0.406,0.394,0.316,25.8
2025-06-21,Palangkaraya,Kalimantan Tengah,-2.2135,113.9108,0.363,0.374,0.319,27.4
2025-06-22,Palangkaraya,Kalimantan Tengah,-2.2135,113.9108,0.336,0.355,0.321,27.4
2025-06-23,Palangkaraya,Kalimantan Tengah,-2.2135,113.9108,0.301,0.336,0.32,28.0
2025-06-24,Palangkaraya,Kalimantan Tengah,-2.2135,113.9108,0.29,0.327,0.319,27.1
2025-06-25,Palangkaraya,Kalimantan Tengah,-2.2135,113.9108,0.347,0.311,0.317,27.5
2025-06-26,Palangkaraya,Kalimantan Tengah,-2.2135,113.9108,0.288,0.296,0.311,27.7
2025-06-27,Palangkaraya,Kalimantan Tengah,-2.2135,113.9108,0.269,0.286,0.309,27.8
2025-06-28,Palangkaraya,Kalimantan Tengah,-2.2135,113.9108,0.352,0.299,0.307,27.2
2025-06-29,Palangkaraya,Kalimantan Tengah,-2.2135,113.9108,0.337,0.319,0.305,27.5
2025-06-30,Palangkaraya,Kalimantan Tengah,-2.2135,113.9108,0.344,0.323,0.303,27.3
2025-07-01,Palangkaraya,Kalimantan Tengah,-2.2135,113.9108,0.303,0.319,0.303,28.0
2025-07-02,Palangkaraya,Kalimantan Tengah,-2.2135,113.9108,0.279,0.315,0.303,28.3
2025-07-03,Palangkaraya,Kalimantan Tengah,-2.2135,113.9108,0.247,0.299,0.303,28.9
2025-07-04,Palangkaraya,Kalimantan Tengah,-2.2135,113.9108,0.23,0.285,0.302,28.1
2025-07-05,Palangkaraya,Kalimantan Tengah,-2.2135,113.9108,0.23,0.279,0.302,27.4
2025-07-06,Palangkaraya,Kalimantan Tengah,-2.2135,113.9108,0.282,0.274,0.3,27.4
2025-07-07,Palangkaraya,Kalimantan Tengah,-2.2135,113.9108,0.352,0.3,0.303,26.8
2025-07-08,Palangkaraya,Kalimantan Tengah,-2.2135,113.9108,0.327,0.318,0.308,27.2
2025-07-09,Palangkaraya,Kalimantan Tengah,-2.2135,113.9108,0.292,0.314,0.304,27.6
2025-07-10,Palangkaraya,Kalimantan Tengah,-2.2135,113.9108,0.265,0.306,0.301,27.1
2025-07-11,Palangkaraya,Kalimantan Tengah,-2.2135,113.9108,0.24,0.298,0.299,27.9
2025-07-12,Palangkaraya,Kalimantan Tengah,-2.2135,113.9108,0.244,0.29,0.297,28.1
2025-07-13,Palangkaraya,Kalimantan Tengah,-2.2135,113.9108,0.307,0.287,0.29,28.3
2025-07-14,Palangkaraya,Kalimantan Tengah,-2.2135,113.9108,0.38,0.309,0.287,26.8
2025-07-15,Palangkaraya,Kalimantan Tengah,-2.2135,113.9108,0.364,0.319,0.288,26.8
2025-07-16,Palangkaraya,Kalimantan Tengah,-2.2135,113.9108,0.385,0.351,0.286,26.6
2025-07-17,Palangkaraya,Kalimantan Tengah,-2.2135,113.9108,0.395,0.377,0.289,26.4
2025-07-18,Palangkaraya,Kalimantan Tengah,-2.2135,113.9108,0.383,0.383,0.293,26.5
2025-07-19,Palangkaraya,Kalimantan Tengah,-2.2135,113.9108,0.35,0.369,0.294,26.7
2025-07-20,Palangkaraya,Kalimantan Tengah,-2.2135,113.9108,0.323,0.354,0.295,26.6
2025-07-21,Palangkaraya,Kalimantan Tengah,-2.2135,113.9108,0.298,0.34,0.295,27.0
2025-07-22,Palangkaraya,Kalimantan Tengah,-2.2135,113.9108,0.285,0.334,0.295,27.4
2025-07-23,Palangkaraya,Kalimantan Tengah,-2.2135,113.9108,0.283,0.324,0.294,28.1
2025-07-24,Palangkaraya,Kalimantan Tengah,-2.2135,113.9108,0.261,0.311,0.294,28.3
2025-07-25,Palangkaraya,Kalimantan Tengah,-2.2135,113.9108,0.251,0.298,0.293,28.4
2025-07-26,Palangkaraya,Kalimantan Tengah,-2.2135,113.9108,0.232,0.289,0.293,28.7
2025-07-27,Palangkaraya,Kalimantan Tengah,-2.2135,113.9108,0.273,0.276,0.292,28.2
2025-07-28,Palangkaraya,Kalimantan Tengah,-2.2135,113.9108,0.237,0.27,0.29,28.7
2025-07-29,Palangkaraya,Kalimantan Tengah,-2.2135,113.9108,0.194,0.261,0.29,28.6
2025-07-30,Palangkaraya,Kalimantan Tengah,-2.2135,113.9108,0.161,0.251,0.287,29.0
2025-07-31,Palangkaraya,Kalimantan Tengah,-2.2135,113.9108,0.136,0.241,0.284,29.4
2025-08-01,Palangkaraya,Kalimantan Tengah,-2.2135,113.9108,0.122,0.232,0.279,29.9
2025-08-02,Palangkaraya,Kalimantan Tengah,-2.2135,113.9108,0.14,0.225,0.274,29.2
2025-08-03,Palangkaraya,Kalimantan Tengah,-2.2135,113.9108,0.202,0.221,0.272,27.9
2025-08-04,Palangkaraya,Kalimantan Tengah,-2.2135,113.9108,0.379,0.248,0.268,26.9
2025-08-05,Palangkaraya,Kalimantan Tengah,-2.2135,113.9108,0.336,0.269,0.261,27.4
2025-08-06,Palangkaraya,Kalimantan Tengah,-2.2135,113.9108,0.282,0.266,0.249,28.2
2025-08-07,Palangkaraya,Kalimantan Tengah,-2.2135,113.9108,0.245,0.262,0.244,28.6
2025-08-08,Palangkaraya,Kalimantan Tengah,-2.2135,113.9108,0.208,0.256,0.242,28.7
2025-08-09,Palangkaraya,Kalimantan Tengah,-2.2135,113.9108,0.214,0.25,0.236,27.7
2025-08-10,Palangkaraya,Kalimantan Tengah,-2.2135,113.9108,0.308,0.252,0.236,27.1
2025-08-11,Palangkaraya,Kalimantan Tengah,-2.2135,113.9108,0.34,0.261,0.233,27.3
2025-08-12,Palangkaraya,Kalimantan Tengah,-2.2135,113.9108,0.37,0.294,0.226,26.0
2025-08-13,Palangkaraya,Kalimantan Tengah,-2.2135,113.9108,0.385,0.377,0.228,26.7
2025-08-14,Palangkaraya,Kalimantan Tengah,-2.2135,113.9108,0.374,0.362,0.23,26.3
2025-08-15,Palangkaraya,Kalimantan Tengah,-2.2135,113.9108,0.328,0.337,0.233,27.0
2025-08-16,Palangkaraya,Kalimantan Tengah,-2.2135,113.9108,0.333,0.323,0.234,26.9
2025-08-17,Palangkaraya,Kalimantan Tengah,-2.2135,113.9108,0.338,0.313,0.235,27.0
2025-08-18,Palangkaraya,Kalimantan Tengah,-2.2135,113.9108,0.38,0.343,0.235,26.6
2025-08-19,Palangkaraya,Kalimantan Tengah,-2.2135,113.9108,0.382,0.351,0.23,26.5
2025-08-20,Palangkaraya,Kalimantan Tengah,-2.2135,113.9108,0.418,0.407,0.242,25.6
2025-08-21,Palangkaraya,Kalimantan Tengah,-2.2135,113.9108,0.397,0.388,0.253,26.3
2025-08-22,Palangkaraya,Kalimantan Tengah,-2.2135,113.9108,0.37,0.377,0.258,26.6
2025-08-23,Palangkaraya,Kalimantan Tengah,-2.2135,113.9108,0.335,0.355,0.255,27.4
2025-08-24,Palangkaraya,Kalimantan Tengah,-2.2135,113.9108,0.35,0.338,0.254,26.7
2025-08-25,Palangkaraya,Kalimantan Tengah,-2.2135,113.9108,0.399,0.364,0.255,26.8
2025-08-26,Palangkaraya,Kalimantan Tengah,-2.2135,113.9108,0.375,0.368,0.26,26.5
2025-08-27,Palangkaraya,Kalimantan Tengah,-2.2135,113.9108,0.38,0.353,0.259,26.5
2025-08-28,Palangkaraya,Kalimantan Tengah,-2.2135,113.9108,0.379,0.348,0.247,26.6
2025-08-29,Palangkaraya,Kalimantan Tengah,-2.2135,113.9108,0.364,0.343,0.246,26.8
2025-08-30,Palangkaraya,Kalimantan Tengah,-2.2135,113.9108,0.359,0.339,0.244,27.0
2025-08-31,Palangkaraya,Kalimantan Tengah,-2.2135,113.9108,0.396,0.356,0.244,26.6
2025-09-01,Palangkaraya,Kalimantan Tengah,-2.2135,113.9108,0.381,0.364,0.251,26.6
2025-09-02,Palangkaraya,Kalimantan Tengah,-2.2135,113.9108,0.336,0.342,0.249,27.6
2025-09-03,Palangkaraya,Kalimantan Tengah,-2.2135,113.9108,0.405,0.355,0.248,26.5
2025-09-04,Palangkaraya,Kalimantan Tengah,-2.2135,113.9108,0.394,0.39,0.255,27.0
2025-09-05,Palangkaraya,Kalimantan Tengah,-2.2135,113.9108,0.389,0.385,0.26,27.0
2025-09-06,Palangkaraya,Kalimantan Tengah,-2.2135,113.9108,0.409,0.391,0.26,26.5
2025-09-07,Palangkaraya,Kalimantan Tengah,-2.2135,113.9108,0.413,0.404,0.273,26.0
2025-09-08,Palangkaraya,Kalimantan Tengah,-2.2135,113.9108,0.395,0.389,0.282,26.3
2025-09-09,Palangkaraya,Kalimantan Tengah,-2.2135,113.9108,0.397,0.388,0.288,26.5
2025-09-10,Palangkaraya,Kalimantan Tengah,-2.2135,113.9108,0.414,0.403,0.297,26.0
2025-09-11,Palangkaraya,Kalimantan Tengah,-2.2135,113.9108,0.411,0.403,0.309,26.3
2025-09-12,Palangkaraya,Kalimantan Tengah,-2.2135,113.9108,0.415,0.406,0.322,26.4
2025-09-13,Palangkaraya,Kalimantan Tengah,-2.2135,113.9108,0.382,0.396,0.331,27.1
2025-09-14,Palangkaraya,Kalimantan Tengah,-2.2135,113.9108,0.353,0.375,0.333,27.7
2025-09-15,Palangkaraya,Kalimantan Tengah,-2.2135,113.9108,0.363,0.362,0.334,27.3
2025-09-16,Palangkaraya,Kalimantan Tengah,-2.2135,113.9108,0.394,0.372,0.335,26.7
2025-09-17,Palangkaraya,Kalimantan Tengah,-2.2135,113.9108,0.398,0.391,0.336,25.8
2025-09-18,Palangkaraya,Kalimantan Tengah,-2.2135,113.9108,0.387,0.39,0.339,26.4
2025-09-19,Palangkaraya,Kalimantan Tengah,-2.2135,113.9108,0.354,0.373,0.34,27.8
2025-09-20,Palangkaraya,Kalimantan Tengah,-2.2135,113.9108,0.379,0.381,0.342,27.4
2025-09-21,Palangkaraya,Kalimantan Tengah,-2.2135,113.9108,0.358,0.379,0.345,27.9
2025-09-22,Palangkaraya,Kalimantan Tengah,-2.2135,113.9108,0.322,0.36,0.345,27.9
2025-09-23,Palangkaraya,Kalimantan Tengah,-2.2135,113.9108,0.289,0.339,0.345,27.9
2025-09-24,Palangkaraya,Kalimantan Tengah,-2.2135,113.9108,0.263,0.318,0.345,27.9
2025-09-25,Palangkaraya,Kalimantan Tengah,-2.2135,113.9108,0.295,0.304,0.341,27.6
2025-09-26,Palangkaraya,Kalimantan Tengah,-2.2135,113.9108,0.346,0.306,0.338,27.6
2025-09-27,Palangkaraya,Kalimantan Tengah,-2.2135,113.9108,0.345,0.312,0.332,28.1
2025-09-28,Palangkaraya,Kalimantan Tengah,-2.2135,113.9108,0.317,0.304,0.318,28.5
2025-09-29,Palangkaraya,Kalimantan Tengah,-2.2135,113.9108,0.339,0.299,0.313,27.6
2025-09-30,Palangkaraya,Kalimantan Tengah,-2.2135,113.9108,0.386,0.325,0.312,27.0
2025-10-01,Palangkaraya,Kalimantan Tengah,-2.2135,113.9108,0.349,0.345,0.309,27.8
2025-10-02,Palangkaraya,Kalimantan Tengah,-2.2135,113.9108,0.329,0.344,0.312,28.3
2025-10-03,Palangkaraya,Kalimantan Tengah,-2.2135,113.9108,0.297,0.335,0.311,28.2
2025-10-04,Palangkaraya,Kalimantan Tengah,-2.2135,113.9108,0.373,0.342,0.303,26.0
2025-10-05,Palangkaraya,Kalimantan Tengah,-2.2135,113.9108,0.358,0.343,0.302,27.0
2025-10-06,Palangkaraya,Kalimantan Tengah,-2.2135,113.9108,0.374,0.37,0.303,26.3
2025-10-07,Palangkaraya,Kalimantan Tengah,-2.2135,113.9108,0.35,0.357,0.305,27.2
2025-10-08,Palangkaraya,Kalimantan Tengah,-2.2135,113.9108,0.306,0.334,0.306,27.6
2025-10-09,Palangkaraya,Kalimantan Tengah,-2.2135,113.9108,0.283,0.322,0.306,28.0
2025-10-10,Palangkaraya,Kalimantan Tengah,-2.2135,113.9108,0.265,0.321,0.307,28.1
2025-10-11,Palangkaraya,Kalimantan Tengah,-2.2135,113.9108,0.24,0.31,0.308,28.8
2025-10-12,Palangkaraya,Kalimantan Tengah,-2.2135,113.9108,0.286,0.295,0.305,28.4
2025-10-13,Palangkaraya,Kalimantan Tengah,-2.2135,113.9108,0.308,0.291,0.298,28.5
2025-10-14,Palangkaraya,Kalimantan Tengah,-2.2135,113.9108,0.331,0.278,0.279,28.1
2025-10-15,Palangkaraya,Kalimantan Tengah,-2.2135,113.9108,0.281,0.276,0.271,28.8
2025-10-16,Palangkaraya,Kalimantan Tengah,-2.2135,113.9108,0.26,0.272,0.262,28.6
2025-10-17,Palangkaraya,Kalimantan Tengah,-2.2135,113.9108,0.286,0.263,0.252,28.3
2025-10-18,Palangkaraya,Kalimantan Tengah,-2.2135,113.9108,0.323,0.276,0.245,28.3
2025-10-19,Palangkaraya,Kalimantan Tengah,-2.2135,113.9108,0.378,0.305,0.24,27.9
2025-10-20,Palangkaraya,Kalimantan Tengah,-2.2135,113.9108,0.391,0.367,0.239,27.6
2025-10-21,Palangkaraya,Kalimantan Tengah,-2.2135,113.9108,0.408,0.401,0.248,27.7
2025-10-22,Palangkaraya,Kalimantan Tengah,-2.2135,113.9108,0.412,0.412,0.271,26.6
2025-10-23,Palangkaraya,Kalimantan Tengah,-2.2135,113.9108,0.369,0.384,0.283,27.4
2025-10-24,Palangkaraya,Kalimantan Tengah,-2.2135,113.9108,0.371,0.36,0.287,26.9
2025-10-25,Palangkaraya,Kalimantan Tengah,-2.2135,113.9108,0.381,0.379,0.294,27.2
2025-10-26,Palangkaraya,Kalimantan Tengah,-2.2135,113.9108,0.41,0.391,0.296,26.3
2025-10-27,Palangkaraya,Kalimantan Tengah,-2.2135,113.9108,0.402,0.399,0.303,27.1
2025-10-28,Palangkaraya,Kalimantan Tengah,-2.2135,113.9108,0.398,0.396,0.312,27.5
2025-10-29,Palangkaraya,Kalimantan Tengah,-2.2135,113.9108,0.405,0.399,0.316,27.0
2025-10-30,Palangkaraya,Kalimantan Tengah,-2.2135,113.9108,0.395,0.391,0.32,28.0
2025-10-31,Palangkaraya,Kalimantan Tengah,-2.2135,113.9108,0.417,0.409,0.326,25.9
2025-11-01,Palangkaraya,Kalimantan Tengah,-2.2135,113.9108,0.376,0.391,0.332,28.2
2025-11-02,Palangkaraya,Kalimantan Tengah,-2.2135,113.9108,0.383,0.385,0.335,27.8
2025-11-03,Palangkaraya,Kalimantan Tengah,-2.2135,113.9108,0.358,0.369,0.336,28.5
2025-11-04,Palangkaraya,Kalimantan Tengah,-2.2135,113.9108,0.401,0.391,0.338,27.7
2025-11-05,Palangkaraya,Kalimantan Tengah,-2.2135,113.9108,0.394,0.396,0.343,27.6
2025-11-06,Palangkaraya,Kalimantan Tengah,-2.2135,113.9108,0.391,0.393,0.346,27.1
2025-11-07,Palangkaraya,Kalimantan Tengah,-2.2135,113.9108,0.364,0.382,0.347,28.1
2025-11-08,Palangkaraya,Kalimantan Tengah,-2.2135,113.9108,0.366,0.361,0.347,28.7
2025-11-09,Palangkaraya,Kalimantan Tengah,-2.2135,113.9108,0.396,0.391,0.349,26.7
2025-11-10,Palangkaraya,Kalimantan Tengah,-2.2135,113.9108,0.384,0.384,0.35,27.6
2025-11-11,Palangkaraya,Kalimantan Tengah,-2.2135,113.9108,0.393,0.387,0.353,27.1
2025-11-12,Palangkaraya,Kalimantan Tengah,-2.2135,113.9108,0.39,0.385,0.358,26.6
2025-11-13,Palangkaraya,Kalimantan Tengah,-2.2135,113.9108,0.376,0.38,0.358,26.8
2025-11-14,Palangkaraya,Kalimantan Tengah,-2.2135,113.9108,0.327,0.356,0.358,27.8
2025-11-15,Palangkaraya,Kalimantan Tengah,-2.2135,113.9108,0.296,0.34,0.354,28.7
2025-11-16,Palangkaraya,Kalimantan Tengah,-2.2135,113.9108,0.379,0.337,0.352,26.6
2025-11-17,Palangkaraya,Kalimantan Tengah,-2.2135,113.9108,0.341,0.332,0.352,27.6
2025-11-18,Palangkaraya,Kalimantan Tengah,-2.2135,113.9108,0.385,0.345,0.351,27.9
2025-11-19,Palangkaraya,Kalimantan Tengah,-2.2135,113.9108,0.381,0.362,0.349,27.4
2025-11-20,Palangkaraya,Kalimantan Tengah,-2.2135,113.9108,0.404,0.39,0.35,26.3
2025-11-21,Palangkaraya,Kalimantan Tengah,-2.2135,113.9108,0.385,0.388,0.353,27.5
2025-11-22,Palangkaraya,Kalimantan Tengah,-2.2135,113.9108,0.397,0.386,0.354,27.4
2025-11-23,Palangkaraya,Kalimantan Tengah,-2.2135,113.9108,0.388,0.381,0.356,28.0
2025-11-24,Palangkaraya,Kalimantan Tengah,-2.2135,113.9108,0.388,0.371,0.356,27.7
2025-11-25,Palangkaraya,Kalimantan Tengah,-2.2135,113.9108,0.36,0.374,0.355,28.1
2025-11-26,Palangkaraya,Kalimantan Tengah,-2.2135,113.9108,0.326,0.361,0.354,28.2
2025-11-27,Palangkaraya,Kalimantan Tengah,-2.2135,113.9108,0.298,0.342,0.354,28.8
2025-11-28,Palangkaraya,Kalimantan Tengah,-2.2135,113.9108,0.286,0.33,0.354,28.5
2025-11-29,Palangkaraya,Kalimantan Tengah,-2.2135,113.9108,0.359,0.327,0.353,26.4
2025-11-30,Palangkaraya,Kalimantan Tengah,-2.2135,113.9108,0.384,0.353,0.352,27.0
2025-12-01,Palangkaraya,Kalimantan Tengah,-2.2135,113.9108,0.379,0.375,0.353,27.6
2025-12-02,Palangkaraya,Kalimantan Tengah,-2.2135,113.9108,0.391,0.389,0.354,26.5
2025-12-03,Palangkaraya,Kalimantan Tengah,-2.2135,113.9108,0.39,0.386,0.356,27.2
2025-12-04,Palangkaraya,Kalimantan Tengah,-2.2135,113.9108,0.388,0.388,0.358,26.0
2025-12-05,Palangkaraya,Kalimantan Tengah,-2.2135,113.9108,0.37,0.385,0.359,27.2
2025-12-06,Palangkaraya,Kalimantan Tengah,-2.2135,113.9108,0.377,0.382,0.361,27.1
2025-12-07,Palangkaraya,Kalimantan Tengah,-2.2135,113.9108,0.354,0.362,0.365,27.8
2025-12-08,Palangkaraya,Kalimantan Tengah,-2.2135,113.9108,0.362,0.349,0.364,26.7
2025-12-09,Palangkaraya,Kalimantan Tengah,-2.2135,113.9108,0.363,0.337,0.363,26.7
2025-12-10,Palangkaraya,Kalimantan Tengah,-2.2135,113.9108,0.341,0.329,0.362,27.5
2025-12-11,Palangkaraya,Kalimantan Tengah,-2.2135,113.9108,0.33,0.317,0.36,27.7
2025-12-12,Palangkaraya,Kalimantan Tengah,-2.2135,113.9108,0.376,0.343,0.359,27.5
2025-12-13,Palangkaraya,Kalimantan Tengah,-2.2135,113.9108,0.388,0.373,0.359,27.4
2025-12-14,Palangkaraya,Kalimantan Tengah,-2.2135,113.9108,0.389,0.376,0.359,27.0
2025-12-15,Palangkaraya,Kalimantan Tengah,-2.2135,113.9108,0.391,0.384,0.358,26.8
2025-12-16,Palangkaraya,Kalimantan Tengah,-2.2135,113.9108,0.385,0.381,0.359,27.0
2025-12-17,Palangkaraya,Kalimantan Tengah,-2.2135,113.9108,0.354,0.372,0.359,28.0
2025-12-18,Palangkaraya,Kalimantan Tengah,-2.2135,113.9108,0.364,0.365,0.358,27.6
2025-12-19,Palangkaraya,Kalimantan Tengah,-2.2135,113.9108,0.393,0.385,0.359,27.3
2025-12-20,Palangkaraya,Kalimantan Tengah,-2.2135,113.9108,0.388,0.384,0.36,27.2
2025-12-21,Palangkaraya,Kalimantan Tengah,-2.2135,113.9108,0.383,0.383,0.36,27.4
2025-12-22,Palangkaraya,Kalimantan Tengah,-2.2135,113.9108,0.38,0.378,0.361,27.1
2025-12-23,Palangkaraya,Kalimantan Tengah,-2.2135,113.9108,0.382,0.382,0.362,27.2
2025-12-24,Palangkaraya,Kalimantan Tengah,-2.2135,113.9108,0.379,0.379,0.363,27.1
2025-12-25,Palangkaraya,Kalimantan Tengah,-2.2135,113.9108,0.361,0.365,0.363,28.2
2025-12-26,Palangkaraya,Kalimantan Tengah,-2.2135,113.9108,0.369,0.363,0.362,28.1
2025-12-27,Palangkaraya,Kalimantan Tengah,-2.2135,113.9108,0.384,0.385,0.363,26.4
2025-12-28,Palangkaraya,Kalimantan Tengah,-2.2135,113.9108,0.36,0.382,0.363,27.7
2025-12-29,Palangkaraya,Kalimantan Tengah,-2.2135,113.9108,0.364,0.366,0.363,27.8
2025-12-30,Palangkaraya,Kalimantan Tengah,-2.2135,113.9108,0.338,0.353,0.362,28.1
2025-12-31,Palangkaraya,Kalimantan Tengah,-2.2135,113.9108,0.369,0.36,0.361,27.3
2026-01-01,Palangkaraya,Kalimantan Tengah,-2.2135,113.9108,0.397,0.382,0.36,26.9
2026-01-02,Palangkaraya,Kalimantan Tengah,-2.2135,113.9108,0.377,0.382,0.361,27.5
2026-01-03,Palangkaraya,Kalimantan Tengah,-2.2135,113.9108,0.382,0.381,0.361,27.1
2026-01-04,Palangkaraya,Kalimantan Tengah,-2.2135,113.9108,0.368,0.371,0.361,27.0
2026-01-05,Palangkaraya,Kalimantan Tengah,-2.2135,113.9108,0.365,0.365,0.358,27.2
2026-01-06,Palangkaraya,Kalimantan Tengah,-2.2135,113.9108,0.372,0.369,0.358,27.5
2026-01-07,Palangkaraya,Kalimantan Tengah,-2.2135,113.9108,0.393,0.384,0.359,27.3
2026-01-08,Palangkaraya,Kalimantan Tengah,-2.2135,113.9108,0.389,0.385,0.36,27.0
2026-01-09,Palangkaraya,Kalimantan Tengah,-2.2135,113.9108,0.372,0.383,0.363,26.9
2026-01-10,Palangkaraya,Kalimantan Tengah,-2.2135,113.9108,0.374,0.375,0.371,27.0
2026-01-11,Palangkaraya,Kalimantan Tengah,-2.2135,113.9108,0.381,0.374,0.37,26.3
2026-01-12,Palangkaraya,Kalimantan Tengah,-2.2135,113.9108,0.362,0.374,0.37,27.6
2026-01-13,Palangkaraya,Kalimantan Tengah,-2.2135,113.9108,0.336,0.363,0.369,28.0
2026-01-14,Palangkaraya,Kalimantan Tengah,-2.2135,113.9108,0.303,0.349,0.367,28.3
2026-01-15,Palangkaraya,Kalimantan Tengah,-2.2135,113.9108,0.273,0.334,0.366,28.4
2026-01-16,Palangkaraya,Kalimantan Tengah,-2.2135,113.9108,0.243,0.321,0.364,28.2
2026-01-17,Palangkaraya,Kalimantan Tengah,-2.2135,113.9108,0.206,0.304,0.361,29.0
2026-01-18,Palangkaraya,Kalimantan Tengah,-2.2135,113.9108,0.175,0.291,0.358,29.0
2026-01-19,Palangkaraya,Kalimantan Tengah,-2.2135,113.9108,0.151,0.277,0.354,29.5
2026-01-20,Palangkaraya,Kalimantan Tengah,-2.2135,113.9108,0.131,0.268,0.346,29.7
2026-01-21,Palangkaraya,Kalimantan Tengah,-2.2135,113.9108,0.117,0.26,0.343,29.1
2026-01-22,Palangkaraya,Kalimantan Tengah,-2.2135,113.9108,0.104,0.253,0.345,30.1
2026-01-23,Palangkaraya,Kalimantan Tengah,-2.2135,113.9108,0.106,0.256,0.346,30.6
2026-01-24,Palangkaraya,Kalimantan Tengah,-2.2135,113.9108,0.103,0.251,0.339,31.2
2026-01-25,Palangkaraya,Kalimantan Tengah,-2.2135,113.9108,0.13,0.245,0.334,29.6
2026-01-26,Palangkaraya,Kalimantan Tengah,-2.2135,113.9108,0.195,0.24,0.331,29.1
2026-01-27,Palangkaraya,Kalimantan Tengah,-2.2135,113.9108,0.265,0.235,0.329,29.1
2026-01-28,Palangkaraya,Kalimantan Tengah,-2.2135,113.9108,0.28,0.241,0.327,28.5
2026-01-29,Palangkaraya,Kalimantan Tengah,-2.2135,113.9108,0.33,0.248,0.327,27.8
2026-01-30,Palangkaraya,Kalimantan Tengah,-2.2135,113.9108,0.352,0.268,0.324,27.8
2026-01-31,Palangkaraya,Kalimantan Tengah,-2.2135,113.9108,0.381,0.321,0.323,27.4
2026-02-01,Palangkaraya,Kalimantan Tengah,-2.2135,113.9108,0.396,0.364,0.328,26.6
2026-02-02,Palangkaraya,Kalimantan Tengah,-2.2135,113.9108,0.398,0.395,0.342,26.4
2026-02-03,Palangkaraya,Kalimantan Tengah,-2.2135,113.9108,0.387,0.388,0.347,27.3
2026-02-04,Palangkaraya,Kalimantan Tengah,-2.2135,113.9108,0.396,0.39,0.35,26.2
2026-02-05,Palangkaraya,Kalimantan Tengah,-2.2135,113.9108,0.364,0.381,0.352,27.7
2026-02-06,Palangkaraya,Kalimantan Tengah,-2.2135,113.9108,0.386,0.381,0.351,26.6
2026-02-07,Palangkaraya,Kalimantan Tengah,-2.2135,113.9108,0.379,0.38,0.352,27.9
2026-02-08,Palangkaraya,Kalimantan Tengah,-2.2135,113.9108,0.375,0.377,0.352,27.7
2026-02-09,Palangkaraya,Kalimantan Tengah,-2.2135,113.9108,0.38,0.37,0.352,28.4
2026-02-10,Palangkaraya,Kalimantan Tengah,-2.2135,113.9108,0.389,0.38,0.356,27.0
2026-02-11,Palangkaraya,Kalimantan Tengah,-2.2135,113.9108,0.375,0.381,0.362,27.7
2026-02-12,Palangkaraya,Kalimantan Tengah,-2.2135,113.9108,0.391,0.38,0.36,27.6
2026-02-13,Palangkaraya,Kalimantan Tengah,-2.2135,113.9108,0.389,0.384,0.359,25.8
2026-02-14,Palangkaraya,Kalimantan Tengah,-2.2135,113.9108,0.367,0.379,0.358,27.6
2026-02-15,Palangkaraya,Kalimantan Tengah,-2.2135,113.9108,0.373,0.37,0.357,27.8
2026-02-16,Palangkaraya,Kalimantan Tengah,-2.2135,113.9108,0.383,0.376,0.358,28.2
2026-02-17,Palangkaraya,Kalimantan Tengah,-2.2135,113.9108,0.394,0.386,0.353,26.9
2026-02-18,Palangkaraya,Kalimantan Tengah,-2.2135,113.9108,0.387,0.385,0.355,27.5
2026-02-19,Palangkaraya,Kalimantan Tengah,-2.2135,113.9108,0.38,0.382,0.351,27.6
2026-02-20,Palangkaraya,Kalimantan Tengah,-2.2135,113.9108,0.37,0.379,0.347,27.6
2026-02-21,Palangkaraya,Kalimantan Tengah,-2.2135,113.9108,0.399,0.393,0.348,26.5
2026-02-22,Palangkaraya,Kalimantan Tengah,-2.2135,113.9108,0.366,0.386,0.348,28.1
2026-02-23,Palangkaraya,Kalimantan Tengah,-2.2135,113.9108,0.396,0.386,0.349,27.3
2026-02-24,Palangkaraya,Kalimantan Tengah,-2.2135,113.9108,0.396,0.39,0.351,26.4
2026-02-25,Palangkaraya,Kalimantan Tengah,-2.2135,113.9108,0.385,0.387,0.353,26.4
2026-02-26,Palangkaraya,Kalimantan Tengah,-2.2135,113.9108,0.364,0.374,0.354,27.7
2026-02-27,Palangkaraya,Kalimantan Tengah,-2.2135,113.9108,0.321,0.355,0.354,27.8
2026-02-28,Palangkaraya,Kalimantan Tengah,-2.2135,113.9108,0.287,0.341,0.353,28.3
2026-03-01,Palangkaraya,Kalimantan Tengah,-2.2135,113.9108,0.271,0.329,0.352,28.8
2026-03-02,Palangkaraya,Kalimantan Tengah,-2.2135,113.9108,0.296,0.319,0.349,28.0
2026-03-03,Palangkaraya,Kalimantan Tengah,-2.2135,113.9108,0.266,0.311,0.347,28.7
2026-03-04,Palangkaraya,Kalimantan Tengah,-2.2135,113.9108,0.36,0.318,0.346,27.9
2026-03-05,Palangkaraya,Kalimantan Tengah,-2.2135,113.9108,0.342,0.323,0.346,28.2
2026-03-06,Palangkaraya,Kalimantan Tengah,-2.2135,113.9108,0.353,0.328,0.344,28.0
2026-03-07,Palangkaraya,Kalimantan Tengah,-2.2135,113.9108,0.379,0.362,0.343,27.4
2026-03-08,Palangkaraya,Kalimantan Tengah,-2.2135,113.9108,0.395,0.385,0.343,27.1
2026-03-09,Palangkaraya,Kalimantan Tengah,-2.2135,113.9108,0.383,0.377,0.339,27.1
2026-03-10,Palangkaraya,Kalimantan Tengah,-2.2135,113.9108,0.395,0.392,0.336,26.9
2026-03-11,Palangkaraya,Kalimantan Tengah,-2.2135,113.9108,0.364,0.376,0.337,27.3
2026-03-12,Palangkaraya,Kalimantan Tengah,-2.2135,113.9108,0.334,0.362,0.333,27.7
2026-03-13,Palangkaraya,Kalimantan Tengah,-2.2135,113.9108,0.289,0.337,0.323,28.3
2026-03-14,Palangkaraya,Kalimantan Tengah,-2.2135,113.9108,0.266,0.323,0.321,28.1
2026-03-15,Palangkaraya,Kalimantan Tengah,-2.2135,113.9108,0.354,0.322,0.311,27.8
2026-03-16,Palangkaraya,Kalimantan Tengah,-2.2135,113.9108,0.405,0.387,0.308,26.0
2026-03-17,Palangkaraya,Kalimantan Tengah,-2.2135,113.9108,0.389,0.393,0.317,27.5
2026-03-18,Palangkaraya,Kalimantan Tengah,-2.2135,113.9108,0.371,0.382,0.32,27.6
2026-03-19,Palangkaraya,Kalimantan Tengah,-2.2135,113.9108,0.38,0.368,0.321,26.8
2026-03-20,Palangkaraya,Kalimantan Tengah,-2.2135,113.9108,0.381,0.374,0.324,27.0
2026-03-21,Palangkaraya,Kalimantan Tengah,-2.2135,113.9108,0.402,0.402,0.33,27.2
2026-03-22,Palangkaraya,Kalimantan Tengah,-2.2135,113.9108,0.378,0.385,0.332,27.2
2026-03-23,Palangkaraya,Kalimantan Tengah,-2.2135,113.9108,0.358,0.37,0.33,27.8
2026-03-24,Palangkaraya,Kalimantan Tengah,-2.2135,113.9108,0.305,0.344,0.327,28.5
2026-03-25,Palangkaraya,Kalimantan Tengah,-2.2135,113.9108,0.265,0.328,0.323,28.8
2026-03-26,Palangkaraya,Kalimantan Tengah,-2.2135,113.9108,0.254,0.316,0.321,29.5
2026-03-27,Palangkaraya,Kalimantan Tengah,-2.2135,113.9108,0.301,0.305,0.315,28.7
2026-03-28,Palangkaraya,Kalimantan Tengah,-2.2135,113.9108,0.306,0.303,0.303,28.7
2026-03-29,Palangkaraya,Kalimantan Tengah,-2.2135,113.9108,0.286,0.279,0.297,28.6
2026-03-30,Palangkaraya,Kalimantan Tengah,-2.2135,113.9108,0.349,0.29,0.296,27.2
2026-03-31,Palangkaraya,Kalimantan Tengah,-2.2135,113.9108,0.376,0.357,0.296,28.2
2026-04-01,Palangkaraya,Kalimantan Tengah,-2.2135,113.9108,0.394,0.369,0.299,28.2
2026-04-02,Palangkaraya,Kalimantan Tengah,-2.2135,113.9108,0.422,0.406,0.302,26.8
2026-04-03,Palangkaraya,Kalimantan Tengah,-2.2135,113.9108,0.396,0.396,0.304,26.6
2026-04-04,Palangkaraya,Kalimantan Tengah,-2.2135,113.9108,0.348,0.368,0.31,28.6
2026-04-05,Palangkaraya,Kalimantan Tengah,-2.2135,113.9108,0.387,0.368,0.312,28.0
2026-04-06,Palangkaraya,Kalimantan Tengah,-2.2135,113.9108,0.394,0.388,0.315,27.5
2026-04-07,Palangkaraya,Kalimantan Tengah,-2.2135,113.9108,0.4,0.401,0.321,27.9
2026-04-08,Palangkaraya,Kalimantan Tengah,-2.2135,113.9108,0.403,0.403,0.329,27.9
2026-04-09,Palangkaraya,Kalimantan Tengah,-2.2135,113.9108,0.39,0.39,0.334,27.8
2026-04-10,Palangkaraya,Kalimantan Tengah,-2.2135,113.9108,0.401,0.398,0.341,27.6
2026-04-11,Palangkaraya,Kalimantan Tengah,-2.2135,113.9108,0.387,0.393,0.344,27.8
2026-04-12,Palangkaraya,Kalimantan Tengah,-2.2135,113.9108,0.382,0.388,0.347,28.3
2026-04-13,Palangkaraya,Kalimantan Tengah,-2.2135,113.9108,0.385,0.389,0.349,27.9
2026-04-14,Palangkaraya,Kalimantan Tengah,-2.2135,113.9108,0.381,0.381,0.351,28.7
2026-04-15,Palangkaraya,Kalimantan Tengah,-2.2135,113.9108,0.384,0.376,0.35,27.9
2026-04-16,Palangkaraya,Kalimantan Tengah,-2.2135,113.9108,0.38,0.381,0.352,27.5
2026-04-17,Palangkaraya,Kalimantan Tengah,-2.2135,113.9108,0.375,0.383,0.354,28.5
2026-04-18,Palangkaraya,Kalimantan Tengah,-2.2135,113.9108,0.381,0.37,0.354,27.7
2026-04-19,Palangkaraya,Kalimantan Tengah,-2.2135,113.9108,0.367,0.358,0.354,27.8
2026-04-20,Palangkaraya,Kalimantan Tengah,-2.2135,113.9108,0.356,0.352,0.353,28.5
2026-04-21,Palangkaraya,Kalimantan Tengah,-2.2135,113.9108,0.364,0.345,0.351,28.1
2026-04-22,Palangkaraya,Kalimantan Tengah,-2.2135,113.9108,0.396,0.392,0.348,26.4
2026-04-23,Palangkaraya,Kalimantan Tengah,-2.2135,113.9108,0.373,0.384,0.35,28.0
2026-04-24,Palangkaraya,Kalimantan Tengah,-2.2135,113.9108,0.342,0.365,0.35,28.8
2026-04-25,Palangkaraya,Kalimantan Tengah,-2.2135,113.9108,0.302,0.341,0.348,29.2
2026-04-26,Palangkaraya,Kalimantan Tengah,-2.2135,113.9108,0.248,0.315,0.347,29.7
2026-04-27,Palangkaraya,Kalimantan Tengah,-2.2135,113.9108,0.29,0.294,0.346,27.9
2026-04-28,Palangkaraya,Kalimantan Tengah,-2.2135,113.9108,0.35,0.296,0.346,28.8
2026-04-29,Palangkaraya,Kalimantan Tengah,-2.2135,113.9108,0.366,0.315,0.345,28.8
2026-04-30,Palangkaraya,Kalimantan Tengah,-2.2135,113.9108,0.399,0.368,0.345,27.8
2026-05-01,Palangkaraya,Kalimantan Tengah,-2.2135,113.9108,0.397,0.39,0.346,27.8
2026-05-02,Palangkaraya,Kalimantan Tengah,-2.2135,113.9108,0.385,0.388,0.348,28.5
2026-05-03,Palangkaraya,Kalimantan Tengah,-2.2135,113.9108,0.382,0.389,0.351,27.4
2026-05-04,Palangkaraya,Kalimantan Tengah,-2.2135,113.9108,0.378,0.382,0.353,27.9
2026-05-05,Palangkaraya,Kalimantan Tengah,-2.2135,113.9108,0.39,0.387,0.354,27.7
2026-05-06,Palangkaraya,Kalimantan Tengah,-2.2135,113.9108,0.373,0.384,0.355,28.7
2026-05-07,Palangkaraya,Kalimantan Tengah,-2.2135,113.9108,0.36,0.375,0.357,28.6
2026-05-08,Palangkaraya,Kalimantan Tengah,-2.2135,113.9108,0.39,0.383,0.358,27.9
2026-05-09,Palangkaraya,Kalimantan Tengah,-2.2135,113.9108,0.382,0.385,0.359,27.8
2026-05-10,Palangkaraya,Kalimantan Tengah,-2.2135,113.9108,0.388,0.381,0.359,27.8
2026-05-11,Palangkaraya,Kalimantan Tengah,-2.2135,113.9108,0.362,0.373,0.36,28.4
2026-05-12,Palangkaraya,Kalimantan Tengah,-2.2135,113.9108,0.381,0.365,0.361,27.9
2026-05-13,Palangkaraya,Kalimantan Tengah,-2.2135,113.9108,0.381,0.37,0.362,28.2
2026-05-14,Palangkaraya,Kalimantan Tengah,-2.2135,113.9108,0.392,0.381,0.361,28.2
2026-05-15,Palangkaraya,Kalimantan Tengah,-2.2135,113.9108,0.39,0.383,0.362,27.5
2026-05-16,Palangkaraya,Kalimantan Tengah,-2.2135,113.9108,0.388,0.382,0.363,28.1
2026-05-17,Palangkaraya,Kalimantan Tengah,-2.2135,113.9108,0.385,0.38,0.364,27.2
2026-05-18,Palangkaraya,Kalimantan Tengah,-2.2135,113.9108,0.371,0.381,0.363,27.9
2026-05-19,Palangkaraya,Kalimantan Tengah,-2.2135,113.9108,0.365,0.373,0.364,28.8
2026-05-20,Palangkaraya,Kalimantan Tengah,-2.2135,113.9108,0.342,0.366,0.364,29.2
2026-05-21,Palangkaraya,Kalimantan Tengah,-2.2135,113.9108,0.325,0.361,0.366,30.1
2026-05-22,Palangkaraya,Kalimantan Tengah,-2.2135,113.9108,0.356,0.355,0.366,29.5
2026-05-23,Palangkaraya,Kalimantan Tengah,-2.2135,113.9108,0.372,0.37,0.362,28.3
2026-05-24,Palangkaraya,Kalimantan Tengah,-2.2135,113.9108,0.391,0.373,0.36,28.5
2026-05-25,Palangkaraya,Kalimantan Tengah,-2.2135,113.9108,0.392,0.384,0.36,27.9
2026-05-26,Palangkaraya,Kalimantan Tengah,-2.2135,113.9108,0.387,0.385,0.361,27.6
2026-05-27,Palangkaraya,Kalimantan Tengah,-2.2135,113.9108,0.375,0.38,0.362,27.9
2026-05-28,Palangkaraya,Kalimantan Tengah,-2.2135,113.9108,0.372,0.374,0.362,28.2
2026-05-29,Palangkaraya,Kalimantan Tengah,-2.2135,113.9108,0.391,0.376,0.362,28.4
2026-05-30,Palangkaraya,Kalimantan Tengah,-2.2135,113.9108,0.375,0.371,0.363,28.2
2026-05-31,Palangkaraya,Kalimantan Tengah,-2.2135,113.9108,0.367,0.375,0.365,28.6
2024-08-01,Pangkalan Bun,Kalimantan Tengah,-2.6994,111.6238,0.23,0.152,0.191,26.5
2024-08-02,Pangkalan Bun,Kalimantan Tengah,-2.6994,111.6238,0.245,0.162,0.194,25.6
2024-08-03,Pangkalan Bun,Kalimantan Tengah,-2.6994,111.6238,0.236,0.185,0.192,25.7
2024-08-04,Pangkalan Bun,Kalimantan Tengah,-2.6994,111.6238,0.218,0.188,0.191,26.3
2024-08-05,Pangkalan Bun,Kalimantan Tengah,-2.6994,111.6238,0.192,0.184,0.188,26.9
2024-08-06,Pangkalan Bun,Kalimantan Tengah,-2.6994,111.6238,0.175,0.178,0.186,27.3
2024-08-07,Pangkalan Bun,Kalimantan Tengah,-2.6994,111.6238,0.252,0.194,0.184,25.6
2024-08-08,Pangkalan Bun,Kalimantan Tengah,-2.6994,111.6238,0.239,0.203,0.179,26.4
2024-08-09,Pangkalan Bun,Kalimantan Tengah,-2.6994,111.6238,0.211,0.198,0.176,27.2
2024-08-10,Pangkalan Bun,Kalimantan Tengah,-2.6994,111.6238,0.195,0.193,0.174,27.3
2024-08-11,Pangkalan Bun,Kalimantan Tengah,-2.6994,111.6238,0.183,0.186,0.172,27.1
2024-08-12,Pangkalan Bun,Kalimantan Tengah,-2.6994,111.6238,0.173,0.18,0.17,26.8
2024-08-13,Pangkalan Bun,Kalimantan Tengah,-2.6994,111.6238,0.184,0.175,0.168,26.7
2024-08-14,Pangkalan Bun,Kalimantan Tengah,-2.6994,111.6238,0.167,0.171,0.167,27.4
2024-08-15,Pangkalan Bun,Kalimantan Tengah,-2.6994,111.6238,0.156,0.163,0.165,27.5
2024-08-16,Pangkalan Bun,Kalimantan Tengah,-2.6994,111.6238,0.17,0.159,0.165,26.5
2024-08-17,Pangkalan Bun,Kalimantan Tengah,-2.6994,111.6238,0.18,0.155,0.161,26.7
2024-08-18,Pangkalan Bun,Kalimantan Tengah,-2.6994,111.6238,0.185,0.149,0.158,26.7
2024-08-19,Pangkalan Bun,Kalimantan Tengah,-2.6994,111.6238,0.177,0.144,0.157,26.5
2024-08-20,Pangkalan Bun,Kalimantan Tengah,-2.6994,111.6238,0.19,0.143,0.157,26.1
2024-08-21,Pangkalan Bun,Kalimantan Tengah,-2.6994,111.6238,0.267,0.207,0.158,25.4
2024-08-22,Pangkalan Bun,Kalimantan Tengah,-2.6994,111.6238,0.308,0.27,0.161,25.1
2024-08-23,Pangkalan Bun,Kalimantan Tengah,-2.6994,111.6238,0.256,0.247,0.161,26.1
2024-08-24,Pangkalan Bun,Kalimantan Tengah,-2.6994,111.6238,0.237,0.237,0.162,26.6
2024-08-25,Pangkalan Bun,Kalimantan Tengah,-2.6994,111.6238,0.229,0.228,0.162,26.6
2024-08-26,Pangkalan Bun,Kalimantan Tengah,-2.6994,111.6238,0.213,0.214,0.161,26.7
2024-08-27,Pangkalan Bun,Kalimantan Tengah,-2.6994,111.6238,0.205,0.202,0.16,26.5
2024-08-28,Pangkalan Bun,Kalimantan Tengah,-2.6994,111.6238,0.248,0.203,0.158,24.8
2024-08-29,Pangkalan Bun,Kalimantan Tengah,-2.6994,111.6238,0.276,0.232,0.158,25.2
2024-08-30,Pangkalan Bun,Kalimantan Tengah,-2.6994,111.6238,0.28,0.271,0.163,25.5
2024-08-31,Pangkalan Bun,Kalimantan Tengah,-2.6994,111.6238,0.283,0.272,0.168,26.2
2024-09-01,Pangkalan Bun,Kalimantan Tengah,-2.6994,111.6238,0.264,0.262,0.173,26.4
2024-09-02,Pangkalan Bun,Kalimantan Tengah,-2.6994,111.6238,0.243,0.247,0.175,27.4
2024-09-03,Pangkalan Bun,Kalimantan Tengah,-2.6994,111.6238,0.22,0.233,0.175,27.6
2024-09-04,Pangkalan Bun,Kalimantan Tengah,-2.6994,111.6238,0.204,0.22,0.174,27.6
2024-09-05,Pangkalan Bun,Kalimantan Tengah,-2.6994,111.6238,0.257,0.229,0.174,26.3
2024-09-06,Pangkalan Bun,Kalimantan Tengah,-2.6994,111.6238,0.279,0.287,0.187,26.7
2024-09-07,Pangkalan Bun,Kalimantan Tengah,-2.6994,111.6238,0.256,0.264,0.191,27.6
2024-09-08,Pangkalan Bun,Kalimantan Tengah,-2.6994,111.6238,0.291,0.277,0.194,26.6
2024-09-09,Pangkalan Bun,Kalimantan Tengah,-2.6994,111.6238,0.335,0.333,0.224,25.5
2024-09-10,Pangkalan Bun,Kalimantan Tengah,-2.6994,111.6238,0.308,0.313,0.264,26.1
2024-09-11,Pangkalan Bun,Kalimantan Tengah,-2.6994,111.6238,0.307,0.32,0.279,26.7
2024-09-12,Pangkalan Bun,Kalimantan Tengah,-2.6994,111.6238,0.267,0.287,0.282,27.1
2024-09-13,Pangkalan Bun,Kalimantan Tengah,-2.6994,111.6238,0.243,0.263,0.28,27.1
2024-09-14,Pangkalan Bun,Kalimantan Tengah,-2.6994,111.6238,0.226,0.246,0.276,26.8
2024-09-15,Pangkalan Bun,Kalimantan Tengah,-2.6994,111.6238,0.212,0.234,0.273,27.2
2024-09-16,Pangkalan Bun,Kalimantan Tengah,-2.6994,111.6238,0.203,0.223,0.27,27.1
2024-09-17,Pangkalan Bun,Kalimantan Tengah,-2.6994,111.6238,0.198,0.214,0.266,27.2
2024-09-18,Pangkalan Bun,Kalimantan Tengah,-2.6994,111.6238,0.19,0.209,0.262,27.3
2024-09-19,Pangkalan Bun,Kalimantan Tengah,-2.6994,111.6238,0.178,0.204,0.259,27.4
2024-09-20,Pangkalan Bun,Kalimantan Tengah,-2.6994,111.6238,0.167,0.198,0.256,27.9
2024-09-21,Pangkalan Bun,Kalimantan Tengah,-2.6994,111.6238,0.158,0.192,0.253,28.4
2024-09-22,Pangkalan Bun,Kalimantan Tengah,-2.6994,111.6238,0.178,0.186,0.249,27.6
2024-09-23,Pangkalan Bun,Kalimantan Tengah,-2.6994,111.6238,0.194,0.184,0.248,26.8
2024-09-24,Pangkalan Bun,Kalimantan Tengah,-2.6994,111.6238,0.181,0.181,0.246,27.5
2024-09-25,Pangkalan Bun,Kalimantan Tengah,-2.6994,111.6238,0.29,0.215,0.243,25.5
2024-09-26,Pangkalan Bun,Kalimantan Tengah,-2.6994,111.6238,0.238,0.214,0.241,26.8
2024-09-27,Pangkalan Bun,Kalimantan Tengah,-2.6994,111.6238,0.253,0.226,0.239,26.7
2024-09-28,Pangkalan Bun,Kalimantan Tengah,-2.6994,111.6238,0.244,0.234,0.24,27.0
2024-09-29,Pangkalan Bun,Kalimantan Tengah,-2.6994,111.6238,0.315,0.306,0.254,26.4
2024-09-30,Pangkalan Bun,Kalimantan Tengah,-2.6994,111.6238,0.301,0.303,0.273,26.1
2024-10-01,Pangkalan Bun,Kalimantan Tengah,-2.6994,111.6238,0.278,0.287,0.276,26.2
2024-10-02,Pangkalan Bun,Kalimantan Tengah,-2.6994,111.6238,0.283,0.277,0.275,26.3
2024-10-03,Pangkalan Bun,Kalimantan Tengah,-2.6994,111.6238,0.31,0.294,0.274,25.7
2024-10-04,Pangkalan Bun,Kalimantan Tengah,-2.6994,111.6238,0.33,0.332,0.283,25.6
2024-10-05,Pangkalan Bun,Kalimantan Tengah,-2.6994,111.6238,0.315,0.324,0.29,26.0
2024-10-06,Pangkalan Bun,Kalimantan Tengah,-2.6994,111.6238,0.281,0.295,0.292,26.7
2024-10-07,Pangkalan Bun,Kalimantan Tengah,-2.6994,111.6238,0.293,0.285,0.29,25.7
2024-10-08,Pangkalan Bun,Kalimantan Tengah,-2.6994,111.6238,0.298,0.302,0.294,25.9
2024-10-09,Pangkalan Bun,Kalimantan Tengah,-2.6994,111.6238,0.274,0.283,0.294,27.0
2024-10-10,Pangkalan Bun,Kalimantan Tengah,-2.6994,111.6238,0.328,0.317,0.289,25.7
2024-10-11,Pangkalan Bun,Kalimantan Tengah,-2.6994,111.6238,0.321,0.333,0.289,25.7
2024-10-12,Pangkalan Bun,Kalimantan Tengah,-2.6994,111.6238,0.309,0.311,0.294,26.4
2024-10-13,Pangkalan Bun,Kalimantan Tengah,-2.6994,111.6238,0.337,0.338,0.306,25.8
2024-10-14,Pangkalan Bun,Kalimantan Tengah,-2.6994,111.6238,0.289,0.304,0.312,26.8
2024-10-15,Pangkalan Bun,Kalimantan Tengah,-2.6994,111.6238,0.276,0.281,0.31,26.6
2024-10-16,Pangkalan Bun,Kalimantan Tengah,-2.6994,111.6238,0.251,0.261,0.301,27.0
2024-10-17,Pangkalan Bun,Kalimantan Tengah,-2.6994,111.6238,0.293,0.276,0.297,25.4
2024-10-18,Pangkalan Bun,Kalimantan Tengah,-2.6994,111.6238,0.255,0.257,0.297,26.7
2024-10-19,Pangkalan Bun,Kalimantan Tengah,-2.6994,111.6238,0.233,0.245,0.291,26.9
2024-10-20,Pangkalan Bun,Kalimantan Tengah,-2.6994,111.6238,0.238,0.234,0.284,26.6
2024-10-21,Pangkalan Bun,Kalimantan Tengah,-2.6994,111.6238,0.239,0.229,0.279,27.1
2024-10-22,Pangkalan Bun,Kalimantan Tengah,-2.6994,111.6238,0.215,0.225,0.285,27.2
2024-10-23,Pangkalan Bun,Kalimantan Tengah,-2.6994,111.6238,0.2,0.218,0.281,27.7
2024-10-24,Pangkalan Bun,Kalimantan Tengah,-2.6994,111.6238,0.203,0.209,0.277,27.4
2024-10-25,Pangkalan Bun,Kalimantan Tengah,-2.6994,111.6238,0.182,0.206,0.272,27.4
2024-10-26,Pangkalan Bun,Kalimantan Tengah,-2.6994,111.6238,0.17,0.2,0.266,27.9
2024-10-27,Pangkalan Bun,Kalimantan Tengah,-2.6994,111.6238,0.166,0.193,0.261,27.9
2024-10-28,Pangkalan Bun,Kalimantan Tengah,-2.6994,111.6238,0.16,0.189,0.256,28.2
2024-10-29,Pangkalan Bun,Kalimantan Tengah,-2.6994,111.6238,0.161,0.186,0.252,28.5
2024-10-30,Pangkalan Bun,Kalimantan Tengah,-2.6994,111.6238,0.164,0.182,0.248,28.3
2024-10-31,Pangkalan Bun,Kalimantan Tengah,-2.6994,111.6238,0.175,0.18,0.245,27.4
2024-11-01,Pangkalan Bun,Kalimantan Tengah,-2.6994,111.6238,0.25,0.202,0.241,26.3
2024-11-02,Pangkalan Bun,Kalimantan Tengah,-2.6994,111.6238,0.32,0.305,0.242,26.0
2024-11-03,Pangkalan Bun,Kalimantan Tengah,-2.6994,111.6238,0.308,0.307,0.25,25.5
2024-11-04,Pangkalan Bun,Kalimantan Tengah,-2.6994,111.6238,0.309,0.301,0.259,25.4
2024-11-05,Pangkalan Bun,Kalimantan Tengah,-2.6994,111.6238,0.291,0.282,0.26,26.8
2024-11-06,Pangkalan Bun,Kalimantan Tengah,-2.6994,111.6238,0.296,0.297,0.263,26.5
2024-11-07,Pangkalan Bun,Kalimantan Tengah,-2.6994,111.6238,0.295,0.291,0.268,26.4
2024-11-08,Pangkalan Bun,Kalimantan Tengah,-2.6994,111.6238,0.283,0.289,0.27,27.2
2024-11-09,Pangkalan Bun,Kalimantan Tengah,-2.6994,111.6238,0.276,0.277,0.271,26.9
2024-11-10,Pangkalan Bun,Kalimantan Tengah,-2.6994,111.6238,0.306,0.295,0.271,26.6
2024-11-11,Pangkalan Bun,Kalimantan Tengah,-2.6994,111.6238,0.344,0.342,0.29,25.4
2024-11-12,Pangkalan Bun,Kalimantan Tengah,-2.6994,111.6238,0.307,0.304,0.284,26.4
2024-11-13,Pangkalan Bun,Kalimantan Tengah,-2.6994,111.6238,0.276,0.256,0.189,27.3
2024-11-14,Pangkalan Bun,Kalimantan Tengah,-2.6994,111.6238,0.263,0.241,0.188,27.1
2024-11-15,Pangkalan Bun,Kalimantan Tengah,-2.6994,111.6238,0.318,0.308,0.199,26.5
2024-11-16,Pangkalan Bun,Kalimantan Tengah,-2.6994,111.6238,0.297,0.29,0.207,26.8
2024-11-17,Pangkalan Bun,Kalimantan Tengah,-2.6994,111.6238,0.3,0.299,0.217,26.9
2024-11-18,Pangkalan Bun,Kalimantan Tengah,-2.6994,111.6238,0.302,0.289,0.219,26.0
2024-11-19,Pangkalan Bun,Kalimantan Tengah,-2.6994,111.6238,0.305,0.294,0.221,26.2
2024-11-20,Pangkalan Bun,Kalimantan Tengah,-2.6994,111.6238,0.295,0.29,0.225,26.8
2024-11-21,Pangkalan Bun,Kalimantan Tengah,-2.6994,111.6238,0.318,0.306,0.231,26.3
2024-11-22,Pangkalan Bun,Kalimantan Tengah,-2.6994,111.6238,0.333,0.324,0.239,26.0
2024-11-23,Pangkalan Bun,Kalimantan Tengah,-2.6994,111.6238,0.306,0.306,0.252,26.5
2024-11-24,Pangkalan Bun,Kalimantan Tengah,-2.6994,111.6238,0.298,0.3,0.259,26.6
2024-11-25,Pangkalan Bun,Kalimantan Tengah,-2.6994,111.6238,0.3,0.299,0.272,26.4
2024-11-26,Pangkalan Bun,Kalimantan Tengah,-2.6994,111.6238,0.318,0.325,0.288,26.3
2024-11-27,Pangkalan Bun,Kalimantan Tengah,-2.6994,111.6238,0.337,0.339,0.313,26.1
2024-11-28,Pangkalan Bun,Kalimantan Tengah,-2.6994,111.6238,0.333,0.331,0.317,25.7
2024-11-29,Pangkalan Bun,Kalimantan Tengah,-2.6994,111.6238,0.331,0.337,0.318,26.0
2024-11-30,Pangkalan Bun,Kalimantan Tengah,-2.6994,111.6238,0.317,0.325,0.323,25.8
2024-12-01,Pangkalan Bun,Kalimantan Tengah,-2.6994,111.6238,0.33,0.338,0.329,25.5
2024-12-02,Pangkalan Bun,Kalimantan Tengah,-2.6994,111.6238,0.325,0.336,0.334,25.9
2024-12-03,Pangkalan Bun,Kalimantan Tengah,-2.6994,111.6238,0.344,0.352,0.342,25.2
2024-12-04,Pangkalan Bun,Kalimantan Tengah,-2.6994,111.6238,0.319,0.334,0.354,25.5
2024-12-05,Pangkalan Bun,Kalimantan Tengah,-2.6994,111.6238,0.307,0.299,0.341,25.6
2024-12-06,Pangkalan Bun,Kalimantan Tengah,-2.6994,111.6238,0.289,0.299,0.324,26.1
2024-12-07,Pangkalan Bun,Kalimantan Tengah,-2.6994,111.6238,0.254,0.262,0.315,27.1
2024-12-08,Pangkalan Bun,Kalimantan Tengah,-2.6994,111.6238,0.235,0.237,0.299,27.7
2024-12-09,Pangkalan Bun,Kalimantan Tengah,-2.6994,111.6238,0.248,0.229,0.29,27.0
2024-12-10,Pangkalan Bun,Kalimantan Tengah,-2.6994,111.6238,0.272,0.233,0.277,26.3
2024-12-11,Pangkalan Bun,Kalimantan Tengah,-2.6994,111.6238,0.285,0.25,0.269,26.0
2024-12-12,Pangkalan Bun,Kalimantan Tengah,-2.6994,111.6238,0.306,0.289,0.264,26.0
2024-12-13,Pangkalan Bun,Kalimantan Tengah,-2.6994,111.6238,0.294,0.302,0.268,26.8
2024-12-14,Pangkalan Bun,Kalimantan Tengah,-2.6994,111.6238,0.271,0.279,0.264,27.4
2024-12-15,Pangkalan Bun,Kalimantan Tengah,-2.6994,111.6238,0.304,0.289,0.26,27.1
2024-12-16,Pangkalan Bun,Kalimantan Tengah,-2.6994,111.6238,0.288,0.28,0.256,26.7
2024-12-17,Pangkalan Bun,Kalimantan Tengah,-2.6994,111.6238,0.268,0.259,0.249,26.8
2024-12-18,Pangkalan Bun,Kalimantan Tengah,-2.6994,111.6238,0.293,0.278,0.245,26.5
2024-12-19,Pangkalan Bun,Kalimantan Tengah,-2.6994,111.6238,0.28,0.283,0.243,26.1
2024-12-20,Pangkalan Bun,Kalimantan Tengah,-2.6994,111.6238,0.286,0.277,0.24,26.4
2024-12-21,Pangkalan Bun,Kalimantan Tengah,-2.6994,111.6238,0.277,0.27,0.238,26.7
2024-12-22,Pangkalan Bun,Kalimantan Tengah,-2.6994,111.6238,0.279,0.274,0.236,27.3
2024-12-23,Pangkalan Bun,Kalimantan Tengah,-2.6994,111.6238,0.297,0.278,0.232,27.2
2024-12-24,Pangkalan Bun,Kalimantan Tengah,-2.6994,111.6238,0.296,0.275,0.231,26.1
2024-12-25,Pangkalan Bun,Kalimantan Tengah,-2.6994,111.6238,0.286,0.283,0.232,26.9
2024-12-26,Pangkalan Bun,Kalimantan Tengah,-2.6994,111.6238,0.274,0.272,0.233,26.7
2024-12-27,Pangkalan Bun,Kalimantan Tengah,-2.6994,111.6238,0.28,0.29,0.236,26.9
2024-12-28,Pangkalan Bun,Kalimantan Tengah,-2.6994,111.6238,0.238,0.259,0.232,28.1
2024-12-29,Pangkalan Bun,Kalimantan Tengah,-2.6994,111.6238,0.241,0.241,0.228,27.5
2024-12-30,Pangkalan Bun,Kalimantan Tengah,-2.6994,111.6238,0.286,0.256,0.224,26.7
2024-12-31,Pangkalan Bun,Kalimantan Tengah,-2.6994,111.6238,0.27,0.265,0.222,26.3
2025-01-01,Pangkalan Bun,Kalimantan Tengah,-2.6994,111.6238,0.246,0.251,0.219,27.1
2025-01-02,Pangkalan Bun,Kalimantan Tengah,-2.6994,111.6238,0.255,0.243,0.216,26.9
2025-01-03,Pangkalan Bun,Kalimantan Tengah,-2.6994,111.6238,0.251,0.251,0.215,27.2
2025-01-04,Pangkalan Bun,Kalimantan Tengah,-2.6994,111.6238,0.274,0.261,0.222,26.1
2025-01-05,Pangkalan Bun,Kalimantan Tengah,-2.6994,111.6238,0.291,0.273,0.22,25.5
2025-01-06,Pangkalan Bun,Kalimantan Tengah,-2.6994,111.6238,0.294,0.29,0.222,25.8
2025-01-07,Pangkalan Bun,Kalimantan Tengah,-2.6994,111.6238,0.298,0.297,0.231,26.2
2025-01-08,Pangkalan Bun,Kalimantan Tengah,-2.6994,111.6238,0.292,0.29,0.235,26.1
2025-01-09,Pangkalan Bun,Kalimantan Tengah,-2.6994,111.6238,0.326,0.318,0.246,26.1
2025-01-10,Pangkalan Bun,Kalimantan Tengah,-2.6994,111.6238,0.318,0.323,0.262,25.7
2025-01-11,Pangkalan Bun,Kalimantan Tengah,-2.6994,111.6238,0.283,0.295,0.264,26.4
2025-01-12,Pangkalan Bun,Kalimantan Tengah,-2.6994,111.6238,0.297,0.29,0.265,25.8
2025-01-13,Pangkalan Bun,Kalimantan Tengah,-2.6994,111.6238,0.309,0.299,0.266,25.5
2025-01-14,Pangkalan Bun,Kalimantan Tengah,-2.6994,111.6238,0.309,0.316,0.278,25.8
2025-01-15,Pangkalan Bun,Kalimantan Tengah,-2.6994,111.6238,0.309,0.314,0.289,25.5
2025-01-16,Pangkalan Bun,Kalimantan Tengah,-2.6994,111.6238,0.298,0.304,0.296,26.1
2025-01-17,Pangkalan Bun,Kalimantan Tengah,-2.6994,111.6238,0.293,0.3,0.298,26.8
2025-01-18,Pangkalan Bun,Kalimantan Tengah,-2.6994,111.6238,0.284,0.285,0.298,26.7
2025-01-19,Pangkalan Bun,Kalimantan Tengah,-2.6994,111.6238,0.294,0.297,0.298,25.4
2025-01-20,Pangkalan Bun,Kalimantan Tengah,-2.6994,111.6238,0.319,0.318,0.303,25.9
2025-01-21,Pangkalan Bun,Kalimantan Tengah,-2.6994,111.6238,0.308,0.326,0.318,26.1
2025-01-22,Pangkalan Bun,Kalimantan Tengah,-2.6994,111.6238,0.313,0.314,0.319,25.8
2025-01-23,Pangkalan Bun,Kalimantan Tengah,-2.6994,111.6238,0.304,0.31,0.317,25.5
2025-01-24,Pangkalan Bun,Kalimantan Tengah,-2.6994,111.6238,0.282,0.279,0.31,26.3
2025-01-25,Pangkalan Bun,Kalimantan Tengah,-2.6994,111.6238,0.29,0.277,0.303,26.0
2025-01-26,Pangkalan Bun,Kalimantan Tengah,-2.6994,111.6238,0.311,0.31,0.291,25.6
2025-01-27,Pangkalan Bun,Kalimantan Tengah,-2.6994,111.6238,0.311,0.319,0.304,25.4
2025-01-28,Pangkalan Bun,Kalimantan Tengah,-2.6994,111.6238,0.298,0.311,0.312,25.8
2025-01-29,Pangkalan Bun,Kalimantan Tengah,-2.6994,111.6238,0.27,0.273,0.304,26.3
2025-01-30,Pangkalan Bun,Kalimantan Tengah,-2.6994,111.6238,0.27,0.261,0.307,25.7
2025-01-31,Pangkalan Bun,Kalimantan Tengah,-2.6994,111.6238,0.258,0.257,0.305,26.1
2025-02-01,Pangkalan Bun,Kalimantan Tengah,-2.6994,111.6238,0.227,0.243,0.301,26.4
2025-02-02,Pangkalan Bun,Kalimantan Tengah,-2.6994,111.6238,0.2,0.226,0.285,27.5
2025-02-03,Pangkalan Bun,Kalimantan Tengah,-2.6994,111.6238,0.183,0.214,0.276,27.9
2025-02-04,Pangkalan Bun,Kalimantan Tengah,-2.6994,111.6238,0.164,0.199,0.271,27.9
2025-02-05,Pangkalan Bun,Kalimantan Tengah,-2.6994,111.6238,0.138,0.183,0.26,28.3
2025-02-06,Pangkalan Bun,Kalimantan Tengah,-2.6994,111.6238,0.107,0.159,0.247,28.4
2025-02-07,Pangkalan Bun,Kalimantan Tengah,-2.6994,111.6238,0.1,0.15,0.243,27.9
2025-02-08,Pangkalan Bun,Kalimantan Tengah,-2.6994,111.6238,0.107,0.139,0.24,27.8
2025-02-09,Pangkalan Bun,Kalimantan Tengah,-2.6994,111.6238,0.103,0.131,0.234,27.8
2025-02-10,Pangkalan Bun,Kalimantan Tengah,-2.6994,111.6238,0.088,0.124,0.228,28.1
2025-02-11,Pangkalan Bun,Kalimantan Tengah,-2.6994,111.6238,0.081,0.118,0.224,28.2
2025-02-12,Pangkalan Bun,Kalimantan Tengah,-2.6994,111.6238,0.113,0.115,0.231,27.6
2025-02-13,Pangkalan Bun,Kalimantan Tengah,-2.6994,111.6238,0.099,0.11,0.231,28.0
2025-02-14,Pangkalan Bun,Kalimantan Tengah,-2.6994,111.6238,0.08,0.106,0.223,28.4
2025-02-15,Pangkalan Bun,Kalimantan Tengah,-2.6994,111.6238,0.075,0.108,0.22,28.4
2025-02-16,Pangkalan Bun,Kalimantan Tengah,-2.6994,111.6238,0.094,0.107,0.22,27.3
2025-02-17,Pangkalan Bun,Kalimantan Tengah,-2.6994,111.6238,0.114,0.11,0.234,27.0
2025-02-18,Pangkalan Bun,Kalimantan Tengah,-2.6994,111.6238,0.187,0.118,0.232,27.0
2025-02-19,Pangkalan Bun,Kalimantan Tengah,-2.6994,111.6238,0.175,0.12,0.228,27.0
2025-02-20,Pangkalan Bun,Kalimantan Tengah,-2.6994,111.6238,0.188,0.121,0.22,27.0
2025-02-21,Pangkalan Bun,Kalimantan Tengah,-2.6994,111.6238,0.222,0.143,0.214,27.4
2025-02-22,Pangkalan Bun,Kalimantan Tengah,-2.6994,111.6238,0.235,0.155,0.21,26.6
2025-02-23,Pangkalan Bun,Kalimantan Tengah,-2.6994,111.6238,0.255,0.194,0.205,26.8
2025-02-24,Pangkalan Bun,Kalimantan Tengah,-2.6994,111.6238,0.236,0.208,0.204,26.9
2025-02-25,Pangkalan Bun,Kalimantan Tengah,-2.6994,111.6238,0.284,0.243,0.204,26.6
2025-02-26,Pangkalan Bun,Kalimantan Tengah,-2.6994,111.6238,0.312,0.3,0.207,26.1
2025-02-27,Pangkalan Bun,Kalimantan Tengah,-2.6994,111.6238,0.283,0.283,0.213,26.4
2025-02-28,Pangkalan Bun,Kalimantan Tengah,-2.6994,111.6238,0.288,0.272,0.214,26.0
2025-03-01,Pangkalan Bun,Kalimantan Tengah,-2.6994,111.6238,0.289,0.283,0.218,26.5
2025-03-02,Pangkalan Bun,Kalimantan Tengah,-2.6994,111.6238,0.299,0.293,0.226,27.0
2025-03-03,Pangkalan Bun,Kalimantan Tengah,-2.6994,111.6238,0.287,0.281,0.231,26.5
2025-03-04,Pangkalan Bun,Kalimantan Tengah,-2.6994,111.6238,0.323,0.31,0.238,26.0
2025-03-05,Pangkalan Bun,Kalimantan Tengah,-2.6994,111.6238,0.275,0.282,0.243,27.0
2025-03-06,Pangkalan Bun,Kalimantan Tengah,-2.6994,111.6238,0.288,0.283,0.247,26.9
2025-03-07,Pangkalan Bun,Kalimantan Tengah,-2.6994,111.6238,0.344,0.342,0.282,24.7
2025-03-08,Pangkalan Bun,Kalimantan Tengah,-2.6994,111.6238,0.296,0.312,0.301,26.7
2025-03-09,Pangkalan Bun,Kalimantan Tengah,-2.6994,111.6238,0.311,0.313,0.304,26.6
2025-03-10,Pangkalan Bun,Kalimantan Tengah,-2.6994,111.6238,0.313,0.319,0.308,26.0
2025-03-11,Pangkalan Bun,Kalimantan Tengah,-2.6994,111.6238,0.281,0.292,0.308,27.0
2025-03-12,Pangkalan Bun,Kalimantan Tengah,-2.6994,111.6238,0.321,0.317,0.313,26.9
2025-03-13,Pangkalan Bun,Kalimantan Tengah,-2.6994,111.6238,0.287,0.306,0.322,26.8
2025-03-14,Pangkalan Bun,Kalimantan Tengah,-2.6994,111.6238,0.259,0.267,0.318,27.2
2025-03-15,Pangkalan Bun,Kalimantan Tengah,-2.6994,111.6238,0.293,0.283,0.312,25.6
2025-03-16,Pangkalan Bun,Kalimantan Tengah,-2.6994,111.6238,0.294,0.295,0.303,26.7
2025-03-17,Pangkalan Bun,Kalimantan Tengah,-2.6994,111.6238,0.292,0.311,0.305,26.9
2025-03-18,Pangkalan Bun,Kalimantan Tengah,-2.6994,111.6238,0.289,0.29,0.303,27.0
2025-03-19,Pangkalan Bun,Kalimantan Tengah,-2.6994,111.6238,0.294,0.284,0.3,26.3
2025-03-20,Pangkalan Bun,Kalimantan Tengah,-2.6994,111.6238,0.295,0.304,0.307,26.5
2025-03-21,Pangkalan Bun,Kalimantan Tengah,-2.6994,111.6238,0.317,0.316,0.309,26.1
2025-03-22,Pangkalan Bun,Kalimantan Tengah,-2.6994,111.6238,0.312,0.32,0.311,25.8
2025-03-23,Pangkalan Bun,Kalimantan Tengah,-2.6994,111.6238,0.298,0.309,0.311,26.2
2025-03-24,Pangkalan Bun,Kalimantan Tengah,-2.6994,111.6238,0.272,0.286,0.308,27.4
2025-03-25,Pangkalan Bun,Kalimantan Tengah,-2.6994,111.6238,0.265,0.265,0.303,27.2
2025-03-26,Pangkalan Bun,Kalimantan Tengah,-2.6994,111.6238,0.232,0.247,0.297,28.1
2025-03-27,Pangkalan Bun,Kalimantan Tengah,-2.6994,111.6238,0.197,0.226,0.288,28.6
2025-03-28,Pangkalan Bun,Kalimantan Tengah,-2.6994,111.6238,0.194,0.216,0.282,28.2
2025-03-29,Pangkalan Bun,Kalimantan Tengah,-2.6994,111.6238,0.274,0.23,0.276,26.9
2025-03-30,Pangkalan Bun,Kalimantan Tengah,-2.6994,111.6238,0.276,0.255,0.273,27.0
2025-03-31,Pangkalan Bun,Kalimantan Tengah,-2.6994,111.6238,0.288,0.283,0.272,26.9
2025-04-01,Pangkalan Bun,Kalimantan Tengah,-2.6994,111.6238,0.306,0.314,0.288,26.2
2025-04-02,Pangkalan Bun,Kalimantan Tengah,-2.6994,111.6238,0.298,0.312,0.299,26.8
2025-04-03,Pangkalan Bun,Kalimantan Tengah,-2.6994,111.6238,0.294,0.303,0.303,26.8
2025-04-04,Pangkalan Bun,Kalimantan Tengah,-2.6994,111.6238,0.285,0.289,0.304,27.1
2025-04-05,Pangkalan Bun,Kalimantan Tengah,-2.6994,111.6238,0.297,0.292,0.305,26.8
2025-04-06,Pangkalan Bun,Kalimantan Tengah,-2.6994,111.6238,0.3,0.301,0.304,25.9
2025-04-07,Pangkalan Bun,Kalimantan Tengah,-2.6994,111.6238,0.291,0.29,0.301,26.5
2025-04-08,Pangkalan Bun,Kalimantan Tengah,-2.6994,111.6238,0.29,0.303,0.307,26.7
2025-04-09,Pangkalan Bun,Kalimantan Tengah,-2.6994,111.6238,0.29,0.281,0.306,25.7
2025-04-10,Pangkalan Bun,Kalimantan Tengah,-2.6994,111.6238,0.275,0.271,0.302,27.0
2025-04-11,Pangkalan Bun,Kalimantan Tengah,-2.6994,111.6238,0.287,0.273,0.297,26.7
2025-04-12,Pangkalan Bun,Kalimantan Tengah,-2.6994,111.6238,0.293,0.295,0.296,26.9
2025-04-13,Pangkalan Bun,Kalimantan Tengah,-2.6994,111.6238,0.312,0.312,0.3,26.4
2025-04-14,Pangkalan Bun,Kalimantan Tengah,-2.6994,111.6238,0.332,0.329,0.311,25.8
2025-04-15,Pangkalan Bun,Kalimantan Tengah,-2.6994,111.6238,0.291,0.31,0.32,26.7
2025-04-16,Pangkalan Bun,Kalimantan Tengah,-2.6994,111.6238,0.264,0.274,0.313,27.0
2025-04-17,Pangkalan Bun,Kalimantan Tengah,-2.6994,111.6238,0.276,0.266,0.308,27.1
2025-04-18,Pangkalan Bun,Kalimantan Tengah,-2.6994,111.6238,0.278,0.277,0.305,27.1
2025-04-19,Pangkalan Bun,Kalimantan Tengah,-2.6994,111.6238,0.234,0.254,0.301,27.9
2025-04-20,Pangkalan Bun,Kalimantan Tengah,-2.6994,111.6238,0.233,0.235,0.294,27.6
2025-04-21,Pangkalan Bun,Kalimantan Tengah,-2.6994,111.6238,0.278,0.248,0.287,27.0
2025-04-22,Pangkalan Bun,Kalimantan Tengah,-2.6994,111.6238,0.277,0.263,0.285,26.8
2025-04-23,Pangkalan Bun,Kalimantan Tengah,-2.6994,111.6238,0.263,0.263,0.286,27.0
2025-04-24,Pangkalan Bun,Kalimantan Tengah,-2.6994,111.6238,0.275,0.259,0.279,26.4
2025-04-25,Pangkalan Bun,Kalimantan Tengah,-2.6994,111.6238,0.27,0.266,0.273,26.7
2025-04-26,Pangkalan Bun,Kalimantan Tengah,-2.6994,111.6238,0.268,0.259,0.265,26.7
2025-04-27,Pangkalan Bun,Kalimantan Tengah,-2.6994,111.6238,0.266,0.271,0.264,27.0
2025-04-28,Pangkalan Bun,Kalimantan Tengah,-2.6994,111.6238,0.264,0.265,0.264,26.5
2025-04-29,Pangkalan Bun,Kalimantan Tengah,-2.6994,111.6238,0.25,0.253,0.265,27.0
2025-04-30,Pangkalan Bun,Kalimantan Tengah,-2.6994,111.6238,0.219,0.236,0.26,27.5
2025-05-01,Pangkalan Bun,Kalimantan Tengah,-2.6994,111.6238,0.194,0.221,0.254,27.9
2025-05-02,Pangkalan Bun,Kalimantan Tengah,-2.6994,111.6238,0.18,0.206,0.247,27.8
2025-05-03,Pangkalan Bun,Kalimantan Tengah,-2.6994,111.6238,0.185,0.193,0.24,27.8
2025-05-04,Pangkalan Bun,Kalimantan Tengah,-2.6994,111.6238,0.172,0.182,0.231,27.7
2025-05-05,Pangkalan Bun,Kalimantan Tengah,-2.6994,111.6238,0.168,0.173,0.226,27.4
2025-05-06,Pangkalan Bun,Kalimantan Tengah,-2.6994,111.6238,0.131,0.168,0.219,27.8
2025-05-07,Pangkalan Bun,Kalimantan Tengah,-2.6994,111.6238,0.14,0.164,0.217,28.3
2025-05-08,Pangkalan Bun,Kalimantan Tengah,-2.6994,111.6238,0.147,0.152,0.215,28.0
2025-05-09,Pangkalan Bun,Kalimantan Tengah,-2.6994,111.6238,0.205,0.15,0.21,26.5
2025-05-10,Pangkalan Bun,Kalimantan Tengah,-2.6994,111.6238,0.192,0.155,0.222,27.5
2025-05-11,Pangkalan Bun,Kalimantan Tengah,-2.6994,111.6238,0.225,0.162,0.223,27.5
2025-05-12,Pangkalan Bun,Kalimantan Tengah,-2.6994,111.6238,0.255,0.194,0.22,26.6
2025-05-13,Pangkalan Bun,Kalimantan Tengah,-2.6994,111.6238,0.253,0.207,0.215,27.1
2025-05-14,Pangkalan Bun,Kalimantan Tengah,-2.6994,111.6238,0.246,0.209,0.215,27.5
2025-05-15,Pangkalan Bun,Kalimantan Tengah,-2.6994,111.6238,0.259,0.213,0.213,26.8
2025-05-16,Pangkalan Bun,Kalimantan Tengah,-2.6994,111.6238,0.252,0.213,0.21,27.3
2025-05-17,Pangkalan Bun,Kalimantan Tengah,-2.6994,111.6238,0.276,0.237,0.206,26.8
2025-05-18,Pangkalan Bun,Kalimantan Tengah,-2.6994,111.6238,0.265,0.245,0.204,27.1
2025-05-19,Pangkalan Bun,Kalimantan Tengah,-2.6994,111.6238,0.256,0.241,0.204,27.4
2025-05-20,Pangkalan Bun,Kalimantan Tengah,-2.6994,111.6238,0.296,0.276,0.204,26.8
2025-05-21,Pangkalan Bun,Kalimantan Tengah,-2.6994,111.6238,0.301,0.286,0.208,26.8
2025-05-22,Pangkalan Bun,Kalimantan Tengah,-2.6994,111.6238,0.26,0.263,0.207,27.2
2025-05-23,Pangkalan Bun,Kalimantan Tengah,-2.6994,111.6238,0.259,0.251,0.207,26.6
2025-05-24,Pangkalan Bun,Kalimantan Tengah,-2.6994,111.6238,0.235,0.241,0.206,27.8
2025-05-25,Pangkalan Bun,Kalimantan Tengah,-2.6994,111.6238,0.217,0.226,0.204,28.4
2025-05-26,Pangkalan Bun,Kalimantan Tengah,-2.6994,111.6238,0.277,0.259,0.203,27.6
2025-05-27,Pangkalan Bun,Kalimantan Tengah,-2.6994,111.6238,0.28,0.272,0.204,26.6
2025-05-28,Pangkalan Bun,Kalimantan Tengah,-2.6994,111.6238,0.259,0.262,0.204,27.5
2025-05-29,Pangkalan Bun,Kalimantan Tengah,-2.6994,111.6238,0.233,0.251,0.204,28.3
2025-05-30,Pangkalan Bun,Kalimantan Tengah,-2.6994,111.6238,0.238,0.242,0.202,27.8
2025-05-31,Pangkalan Bun,Kalimantan Tengah,-2.6994,111.6238,0.223,0.228,0.201,27.1
2025-06-01,Pangkalan Bun,Kalimantan Tengah,-2.6994,111.6238,0.271,0.235,0.199,25.7
2025-06-02,Pangkalan Bun,Kalimantan Tengah,-2.6994,111.6238,0.258,0.242,0.199,26.6
2025-06-03,Pangkalan Bun,Kalimantan Tengah,-2.6994,111.6238,0.271,0.256,0.2,27.0
2025-06-04,Pangkalan Bun,Kalimantan Tengah,-2.6994,111.6238,0.273,0.263,0.2,27.2
2025-06-05,Pangkalan Bun,Kalimantan Tengah,-2.6994,111.6238,0.277,0.273,0.201,27.2
2025-06-06,Pangkalan Bun,Kalimantan Tengah,-2.6994,111.6238,0.269,0.267,0.203,27.3
2025-06-07,Pangkalan Bun,Kalimantan Tengah,-2.6994,111.6238,0.277,0.277,0.204,27.3
2025-06-08,Pangkalan Bun,Kalimantan Tengah,-2.6994,111.6238,0.25,0.262,0.206,27.7
2025-06-09,Pangkalan Bun,Kalimantan Tengah,-2.6994,111.6238,0.266,0.261,0.207,26.6
2025-06-10,Pangkalan Bun,Kalimantan Tengah,-2.6994,111.6238,0.209,0.237,0.205,27.6
2025-06-11,Pangkalan Bun,Kalimantan Tengah,-2.6994,111.6238,0.196,0.22,0.203,27.5
2025-06-12,Pangkalan Bun,Kalimantan Tengah,-2.6994,111.6238,0.193,0.203,0.202,27.5
2025-06-13,Pangkalan Bun,Kalimantan Tengah,-2.6994,111.6238,0.255,0.215,0.199,27.2
2025-06-14,Pangkalan Bun,Kalimantan Tengah,-2.6994,111.6238,0.255,0.212,0.194,27.2
2025-06-15,Pangkalan Bun,Kalimantan Tengah,-2.6994,111.6238,0.238,0.209,0.192,27.3
2025-06-16,Pangkalan Bun,Kalimantan Tengah,-2.6994,111.6238,0.25,0.216,0.191,27.2
2025-06-17,Pangkalan Bun,Kalimantan Tengah,-2.6994,111.6238,0.255,0.237,0.19,26.9
2025-06-18,Pangkalan Bun,Kalimantan Tengah,-2.6994,111.6238,0.275,0.244,0.189,26.4
2025-06-19,Pangkalan Bun,Kalimantan Tengah,-2.6994,111.6238,0.358,0.344,0.23,24.5
2025-06-20,Pangkalan Bun,Kalimantan Tengah,-2.6994,111.6238,0.306,0.322,0.282,25.6
2025-06-21,Pangkalan Bun,Kalimantan Tengah,-2.6994,111.6238,0.278,0.296,0.29,27.0
2025-06-22,Pangkalan Bun,Kalimantan Tengah,-2.6994,111.6238,0.29,0.29,0.289,26.5
2025-06-23,Pangkalan Bun,Kalimantan Tengah,-2.6994,111.6238,0.27,0.286,0.288,26.9
2025-06-24,Pangkalan Bun,Kalimantan Tengah,-2.6994,111.6238,0.286,0.279,0.287,26.1
2025-06-25,Pangkalan Bun,Kalimantan Tengah,-2.6994,111.6238,0.276,0.276,0.285,26.4
2025-06-26,Pangkalan Bun,Kalimantan Tengah,-2.6994,111.6238,0.309,0.301,0.285,26.0
2025-06-27,Pangkalan Bun,Kalimantan Tengah,-2.6994,111.6238,0.281,0.295,0.288,26.6
2025-06-28,Pangkalan Bun,Kalimantan Tengah,-2.6994,111.6238,0.321,0.313,0.289,25.5
2025-06-29,Pangkalan Bun,Kalimantan Tengah,-2.6994,111.6238,0.288,0.307,0.296,26.1
2025-06-30,Pangkalan Bun,Kalimantan Tengah,-2.6994,111.6238,0.278,0.288,0.295,26.1
2025-07-01,Pangkalan Bun,Kalimantan Tengah,-2.6994,111.6238,0.253,0.272,0.293,27.5
2025-07-02,Pangkalan Bun,Kalimantan Tengah,-2.6994,111.6238,0.235,0.257,0.29,27.7
2025-07-03,Pangkalan Bun,Kalimantan Tengah,-2.6994,111.6238,0.215,0.242,0.286,27.8
2025-07-04,Pangkalan Bun,Kalimantan Tengah,-2.6994,111.6238,0.247,0.231,0.283,27.1
2025-07-05,Pangkalan Bun,Kalimantan Tengah,-2.6994,111.6238,0.261,0.233,0.28,26.1
2025-07-06,Pangkalan Bun,Kalimantan Tengah,-2.6994,111.6238,0.247,0.238,0.277,26.5
2025-07-07,Pangkalan Bun,Kalimantan Tengah,-2.6994,111.6238,0.242,0.235,0.274,26.2
2025-07-08,Pangkalan Bun,Kalimantan Tengah,-2.6994,111.6238,0.266,0.248,0.272,26.4
2025-07-09,Pangkalan Bun,Kalimantan Tengah,-2.6994,111.6238,0.253,0.256,0.271,26.9
2025-07-10,Pangkalan Bun,Kalimantan Tengah,-2.6994,111.6238,0.23,0.246,0.268,26.7
2025-07-11,Pangkalan Bun,Kalimantan Tengah,-2.6994,111.6238,0.219,0.236,0.265,26.9
2025-07-12,Pangkalan Bun,Kalimantan Tengah,-2.6994,111.6238,0.213,0.231,0.263,27.1
2025-07-13,Pangkalan Bun,Kalimantan Tengah,-2.6994,111.6238,0.242,0.231,0.261,26.9
2025-07-14,Pangkalan Bun,Kalimantan Tengah,-2.6994,111.6238,0.336,0.334,0.28,25.2
2025-07-15,Pangkalan Bun,Kalimantan Tengah,-2.6994,111.6238,0.304,0.318,0.288,25.9
2025-07-16,Pangkalan Bun,Kalimantan Tengah,-2.6994,111.6238,0.29,0.308,0.299,26.2
2025-07-17,Pangkalan Bun,Kalimantan Tengah,-2.6994,111.6238,0.28,0.29,0.298,26.0
2025-07-18,Pangkalan Bun,Kalimantan Tengah,-2.6994,111.6238,0.281,0.293,0.296,26.3
2025-07-19,Pangkalan Bun,Kalimantan Tengah,-2.6994,111.6238,0.263,0.279,0.295,26.8
2025-07-20,Pangkalan Bun,Kalimantan Tengah,-2.6994,111.6238,0.249,0.263,0.292,26.6
2025-07-21,Pangkalan Bun,Kalimantan Tengah,-2.6994,111.6238,0.236,0.25,0.288,26.7
2025-07-22,Pangkalan Bun,Kalimantan Tengah,-2.6994,111.6238,0.228,0.24,0.284,27.0
2025-07-23,Pangkalan Bun,Kalimantan Tengah,-2.6994,111.6238,0.219,0.232,0.281,27.5
2025-07-24,Pangkalan Bun,Kalimantan Tengah,-2.6994,111.6238,0.209,0.222,0.277,27.3
2025-07-25,Pangkalan Bun,Kalimantan Tengah,-2.6994,111.6238,0.203,0.213,0.272,27.5
2025-07-26,Pangkalan Bun,Kalimantan Tengah,-2.6994,111.6238,0.195,0.208,0.268,27.9
2025-07-27,Pangkalan Bun,Kalimantan Tengah,-2.6994,111.6238,0.218,0.213,0.265,27.5
2025-07-28,Pangkalan Bun,Kalimantan Tengah,-2.6994,111.6238,0.225,0.215,0.262,27.7
2025-07-29,Pangkalan Bun,Kalimantan Tengah,-2.6994,111.6238,0.201,0.208,0.257,27.9
2025-07-30,Pangkalan Bun,Kalimantan Tengah,-2.6994,111.6238,0.191,0.204,0.254,28.0
2025-07-31,Pangkalan Bun,Kalimantan Tengah,-2.6994,111.6238,0.18,0.198,0.25,28.1
2025-08-01,Pangkalan Bun,Kalimantan Tengah,-2.6994,111.6238,0.182,0.198,0.248,27.9
2025-08-02,Pangkalan Bun,Kalimantan Tengah,-2.6994,111.6238,0.245,0.209,0.246,26.4
2025-08-03,Pangkalan Bun,Kalimantan Tengah,-2.6994,111.6238,0.286,0.263,0.244,25.8
2025-08-04,Pangkalan Bun,Kalimantan Tengah,-2.6994,111.6238,0.319,0.303,0.245,24.7
2025-08-05,Pangkalan Bun,Kalimantan Tengah,-2.6994,111.6238,0.285,0.284,0.246,25.8
2025-08-06,Pangkalan Bun,Kalimantan Tengah,-2.6994,111.6238,0.269,0.281,0.249,27.0
2025-08-07,Pangkalan Bun,Kalimantan Tengah,-2.6994,111.6238,0.244,0.263,0.248,27.8
2025-08-08,Pangkalan Bun,Kalimantan Tengah,-2.6994,111.6238,0.23,0.25,0.246,27.6
2025-08-09,Pangkalan Bun,Kalimantan Tengah,-2.6994,111.6238,0.221,0.241,0.245,26.9
2025-08-10,Pangkalan Bun,Kalimantan Tengah,-2.6994,111.6238,0.234,0.236,0.243,26.9
2025-08-11,Pangkalan Bun,Kalimantan Tengah,-2.6994,111.6238,0.261,0.235,0.24,26.4
2025-08-12,Pangkalan Bun,Kalimantan Tengah,-2.6994,111.6238,0.333,0.317,0.254,24.8
2025-08-13,Pangkalan Bun,Kalimantan Tengah,-2.6994,111.6238,0.299,0.309,0.271,26.0
2025-08-14,Pangkalan Bun,Kalimantan Tengah,-2.6994,111.6238,0.289,0.29,0.275,25.8
2025-08-15,Pangkalan Bun,Kalimantan Tengah,-2.6994,111.6238,0.285,0.289,0.277,25.6
2025-08-16,Pangkalan Bun,Kalimantan Tengah,-2.6994,111.6238,0.289,0.293,0.278,25.9
2025-08-17,Pangkalan Bun,Kalimantan Tengah,-2.6994,111.6238,0.286,0.281,0.278,26.1
2025-08-18,Pangkalan Bun,Kalimantan Tengah,-2.6994,111.6238,0.304,0.296,0.278,26.3
2025-08-19,Pangkalan Bun,Kalimantan Tengah,-2.6994,111.6238,0.331,0.342,0.303,25.5
2025-08-20,Pangkalan Bun,Kalimantan Tengah,-2.6994,111.6238,0.329,0.33,0.31,25.2
2025-08-21,Pangkalan Bun,Kalimantan Tengah,-2.6994,111.6238,0.287,0.307,0.313,26.4
2025-08-22,Pangkalan Bun,Kalimantan Tengah,-2.6994,111.6238,0.265,0.281,0.309,26.7
2025-08-23,Pangkalan Bun,Kalimantan Tengah,-2.6994,111.6238,0.247,0.261,0.304,27.3
2025-08-24,Pangkalan Bun,Kalimantan Tengah,-2.6994,111.6238,0.288,0.274,0.299,26.5
2025-08-25,Pangkalan Bun,Kalimantan Tengah,-2.6994,111.6238,0.259,0.272,0.297,26.7
2025-08-26,Pangkalan Bun,Kalimantan Tengah,-2.6994,111.6238,0.243,0.257,0.293,26.4
2025-08-27,Pangkalan Bun,Kalimantan Tengah,-2.6994,111.6238,0.25,0.253,0.29,26.3
2025-08-28,Pangkalan Bun,Kalimantan Tengah,-2.6994,111.6238,0.284,0.28,0.289,25.7
2025-08-29,Pangkalan Bun,Kalimantan Tengah,-2.6994,111.6238,0.286,0.298,0.29,26.3
2025-08-30,Pangkalan Bun,Kalimantan Tengah,-2.6994,111.6238,0.27,0.284,0.29,27.0
2025-08-31,Pangkalan Bun,Kalimantan Tengah,-2.6994,111.6238,0.287,0.287,0.289,26.2
2025-09-01,Pangkalan Bun,Kalimantan Tengah,-2.6994,111.6238,0.293,0.309,0.296,26.4
2025-09-02,Pangkalan Bun,Kalimantan Tengah,-2.6994,111.6238,0.28,0.29,0.295,26.8
2025-09-03,Pangkalan Bun,Kalimantan Tengah,-2.6994,111.6238,0.318,0.303,0.295,25.8
2025-09-04,Pangkalan Bun,Kalimantan Tengah,-2.6994,111.6238,0.308,0.326,0.31,26.3
2025-09-05,Pangkalan Bun,Kalimantan Tengah,-2.6994,111.6238,0.292,0.298,0.311,26.4
2025-09-06,Pangkalan Bun,Kalimantan Tengah,-2.6994,111.6238,0.319,0.307,0.309,26.0
2025-09-07,Pangkalan Bun,Kalimantan Tengah,-2.6994,111.6238,0.312,0.323,0.317,25.1
2025-09-08,Pangkalan Bun,Kalimantan Tengah,-2.6994,111.6238,0.305,0.31,0.316,25.4
2025-09-09,Pangkalan Bun,Kalimantan Tengah,-2.6994,111.6238,0.327,0.321,0.315,25.5
2025-09-10,Pangkalan Bun,Kalimantan Tengah,-2.6994,111.6238,0.332,0.338,0.325,24.9
2025-09-11,Pangkalan Bun,Kalimantan Tengah,-2.6994,111.6238,0.311,0.325,0.326,25.7
2025-09-12,Pangkalan Bun,Kalimantan Tengah,-2.6994,111.6238,0.313,0.324,0.33,25.2
2025-09-13,Pangkalan Bun,Kalimantan Tengah,-2.6994,111.6238,0.321,0.32,0.328,25.5
2025-09-14,Pangkalan Bun,Kalimantan Tengah,-2.6994,111.6238,0.292,0.294,0.323,26.0
2025-09-15,Pangkalan Bun,Kalimantan Tengah,-2.6994,111.6238,0.277,0.278,0.318,26.3
2025-09-16,Pangkalan Bun,Kalimantan Tengah,-2.6994,111.6238,0.315,0.296,0.314,25.8
2025-09-17,Pangkalan Bun,Kalimantan Tengah,-2.6994,111.6238,0.339,0.346,0.354,25.0
2025-09-18,Pangkalan Bun,Kalimantan Tengah,-2.6994,111.6238,0.29,0.289,0.351,26.0
2025-09-19,Pangkalan Bun,Kalimantan Tengah,-2.6994,111.6238,0.283,0.27,0.334,26.9
2025-09-20,Pangkalan Bun,Kalimantan Tengah,-2.6994,111.6238,0.31,0.321,0.322,26.6
2025-09-21,Pangkalan Bun,Kalimantan Tengah,-2.6994,111.6238,0.281,0.292,0.306,27.3
2025-09-22,Pangkalan Bun,Kalimantan Tengah,-2.6994,111.6238,0.256,0.277,0.291,27.6
2025-09-23,Pangkalan Bun,Kalimantan Tengah,-2.6994,111.6238,0.237,0.259,0.276,27.4
2025-09-24,Pangkalan Bun,Kalimantan Tengah,-2.6994,111.6238,0.232,0.248,0.261,27.2
2025-09-25,Pangkalan Bun,Kalimantan Tengah,-2.6994,111.6238,0.22,0.237,0.247,27.5
2025-09-26,Pangkalan Bun,Kalimantan Tengah,-2.6994,111.6238,0.216,0.224,0.235,27.2
2025-09-27,Pangkalan Bun,Kalimantan Tengah,-2.6994,111.6238,0.203,0.213,0.224,27.8
2025-09-28,Pangkalan Bun,Kalimantan Tengah,-2.6994,111.6238,0.197,0.204,0.213,27.8
2025-09-29,Pangkalan Bun,Kalimantan Tengah,-2.6994,111.6238,0.259,0.219,0.198,26.3
2025-09-30,Pangkalan Bun,Kalimantan Tengah,-2.6994,111.6238,0.279,0.256,0.192,26.2
2025-10-01,Pangkalan Bun,Kalimantan Tengah,-2.6994,111.6238,0.228,0.248,0.187,27.2
2025-10-02,Pangkalan Bun,Kalimantan Tengah,-2.6994,111.6238,0.202,0.23,0.182,27.8
2025-10-03,Pangkalan Bun,Kalimantan Tengah,-2.6994,111.6238,0.19,0.213,0.177,27.9
2025-10-04,Pangkalan Bun,Kalimantan Tengah,-2.6994,111.6238,0.179,0.203,0.173,26.9
2025-10-05,Pangkalan Bun,Kalimantan Tengah,-2.6994,111.6238,0.233,0.204,0.168,26.3
2025-10-06,Pangkalan Bun,Kalimantan Tengah,-2.6994,111.6238,0.266,0.234,0.164,26.0
2025-10-07,Pangkalan Bun,Kalimantan Tengah,-2.6994,111.6238,0.235,0.228,0.162,27.3
2025-10-08,Pangkalan Bun,Kalimantan Tengah,-2.6994,111.6238,0.197,0.214,0.16,27.5
2025-10-09,Pangkalan Bun,Kalimantan Tengah,-2.6994,111.6238,0.176,0.202,0.157,27.7
2025-10-10,Pangkalan Bun,Kalimantan Tengah,-2.6994,111.6238,0.165,0.193,0.154,27.9
2025-10-11,Pangkalan Bun,Kalimantan Tengah,-2.6994,111.6238,0.147,0.18,0.15,28.1
2025-10-12,Pangkalan Bun,Kalimantan Tengah,-2.6994,111.6238,0.13,0.165,0.145,28.3
2025-10-13,Pangkalan Bun,Kalimantan Tengah,-2.6994,111.6238,0.23,0.167,0.142,27.4
2025-10-14,Pangkalan Bun,Kalimantan Tengah,-2.6994,111.6238,0.241,0.185,0.138,27.3
2025-10-15,Pangkalan Bun,Kalimantan Tengah,-2.6994,111.6238,0.211,0.186,0.138,27.3
2025-10-16,Pangkalan Bun,Kalimantan Tengah,-2.6994,111.6238,0.187,0.178,0.136,27.9
2025-10-17,Pangkalan Bun,Kalimantan Tengah,-2.6994,111.6238,0.242,0.185,0.137,26.9
2025-10-18,Pangkalan Bun,Kalimantan Tengah,-2.6994,111.6238,0.202,0.181,0.136,27.7
2025-10-19,Pangkalan Bun,Kalimantan Tengah,-2.6994,111.6238,0.202,0.17,0.134,27.5
2025-10-20,Pangkalan Bun,Kalimantan Tengah,-2.6994,111.6238,0.229,0.171,0.135,27.4
2025-10-21,Pangkalan Bun,Kalimantan Tengah,-2.6994,111.6238,0.264,0.197,0.134,26.8
2025-10-22,Pangkalan Bun,Kalimantan Tengah,-2.6994,111.6238,0.29,0.242,0.134,25.0
2025-10-23,Pangkalan Bun,Kalimantan Tengah,-2.6994,111.6238,0.29,0.273,0.139,25.8
2025-10-24,Pangkalan Bun,Kalimantan Tengah,-2.6994,111.6238,0.332,0.317,0.161,25.5
2025-10-25,Pangkalan Bun,Kalimantan Tengah,-2.6994,111.6238,0.317,0.309,0.186,25.7
2025-10-26,Pangkalan Bun,Kalimantan Tengah,-2.6994,111.6238,0.317,0.313,0.215,25.5
2025-10-27,Pangkalan Bun,Kalimantan Tengah,-2.6994,111.6238,0.305,0.309,0.24,25.9
2025-10-28,Pangkalan Bun,Kalimantan Tengah,-2.6994,111.6238,0.311,0.304,0.249,26.3
2025-10-29,Pangkalan Bun,Kalimantan Tengah,-2.6994,111.6238,0.333,0.335,0.275,25.7
2025-10-30,Pangkalan Bun,Kalimantan Tengah,-2.6994,111.6238,0.296,0.308,0.291,27.2
2025-10-31,Pangkalan Bun,Kalimantan Tengah,-2.6994,111.6238,0.299,0.3,0.292,26.5
2025-11-01,Pangkalan Bun,Kalimantan Tengah,-2.6994,111.6238,0.272,0.288,0.292,27.8
2025-11-02,Pangkalan Bun,Kalimantan Tengah,-2.6994,111.6238,0.282,0.281,0.291,27.0
2025-11-03,Pangkalan Bun,Kalimantan Tengah,-2.6994,111.6238,0.282,0.275,0.288,27.7
2025-11-04,Pangkalan Bun,Kalimantan Tengah,-2.6994,111.6238,0.291,0.289,0.287,27.3
2025-11-05,Pangkalan Bun,Kalimantan Tengah,-2.6994,111.6238,0.324,0.32,0.29,26.5
2025-11-06,Pangkalan Bun,Kalimantan Tengah,-2.6994,111.6238,0.3,0.305,0.292,26.4
2025-11-07,Pangkalan Bun,Kalimantan Tengah,-2.6994,111.6238,0.282,0.291,0.292,27.0
2025-11-08,Pangkalan Bun,Kalimantan Tengah,-2.6994,111.6238,0.266,0.277,0.29,27.8
2025-11-09,Pangkalan Bun,Kalimantan Tengah,-2.6994,111.6238,0.278,0.273,0.288,27.0
2025-11-10,Pangkalan Bun,Kalimantan Tengah,-2.6994,111.6238,0.254,0.263,0.286,27.6
2025-11-11,Pangkalan Bun,Kalimantan Tengah,-2.6994,111.6238,0.286,0.274,0.284,26.7
2025-11-12,Pangkalan Bun,Kalimantan Tengah,-2.6994,111.6238,0.322,0.309,0.286,25.8
2025-11-13,Pangkalan Bun,Kalimantan Tengah,-2.6994,111.6238,0.303,0.312,0.293,25.7
2025-11-14,Pangkalan Bun,Kalimantan Tengah,-2.6994,111.6238,0.28,0.289,0.293,26.7
2025-11-15,Pangkalan Bun,Kalimantan Tengah,-2.6994,111.6238,0.266,0.279,0.291,27.1
2025-11-16,Pangkalan Bun,Kalimantan Tengah,-2.6994,111.6238,0.291,0.278,0.289,26.0
2025-11-17,Pangkalan Bun,Kalimantan Tengah,-2.6994,111.6238,0.294,0.295,0.289,26.1
2025-11-18,Pangkalan Bun,Kalimantan Tengah,-2.6994,111.6238,0.29,0.304,0.292,27.2
2025-11-19,Pangkalan Bun,Kalimantan Tengah,-2.6994,111.6238,0.313,0.315,0.298,27.1
2025-11-20,Pangkalan Bun,Kalimantan Tengah,-2.6994,111.6238,0.308,0.319,0.302,26.2
2025-11-21,Pangkalan Bun,Kalimantan Tengah,-2.6994,111.6238,0.319,0.333,0.32,26.2
2025-11-22,Pangkalan Bun,Kalimantan Tengah,-2.6994,111.6238,0.3,0.32,0.327,26.5
2025-11-23,Pangkalan Bun,Kalimantan Tengah,-2.6994,111.6238,0.29,0.312,0.328,27.1
2025-11-24,Pangkalan Bun,Kalimantan Tengah,-2.6994,111.6238,0.285,0.281,0.321,26.7
2025-11-25,Pangkalan Bun,Kalimantan Tengah,-2.6994,111.6238,0.26,0.265,0.314,27.3
2025-11-26,Pangkalan Bun,Kalimantan Tengah,-2.6994,111.6238,0.251,0.255,0.308,27.7
2025-11-27,Pangkalan Bun,Kalimantan Tengah,-2.6994,111.6238,0.233,0.246,0.302,28.0
2025-11-28,Pangkalan Bun,Kalimantan Tengah,-2.6994,111.6238,0.25,0.24,0.296,27.3
2025-11-29,Pangkalan Bun,Kalimantan Tengah,-2.6994,111.6238,0.307,0.283,0.292,25.5
2025-11-30,Pangkalan Bun,Kalimantan Tengah,-2.6994,111.6238,0.288,0.301,0.293,26.4
2025-12-01,Pangkalan Bun,Kalimantan Tengah,-2.6994,111.6238,0.287,0.292,0.291,26.4
2025-12-02,Pangkalan Bun,Kalimantan Tengah,-2.6994,111.6238,0.326,0.324,0.296,25.0
2025-12-03,Pangkalan Bun,Kalimantan Tengah,-2.6994,111.6238,0.295,0.306,0.3,26.5
2025-12-04,Pangkalan Bun,Kalimantan Tengah,-2.6994,111.6238,0.307,0.317,0.305,26.2
2025-12-05,Pangkalan Bun,Kalimantan Tengah,-2.6994,111.6238,0.327,0.335,0.316,25.9
2025-12-06,Pangkalan Bun,Kalimantan Tengah,-2.6994,111.6238,0.298,0.309,0.319,25.8
2025-12-07,Pangkalan Bun,Kalimantan Tengah,-2.6994,111.6238,0.315,0.314,0.318,25.9
2025-12-08,Pangkalan Bun,Kalimantan Tengah,-2.6994,111.6238,0.325,0.33,0.321,25.1
2025-12-09,Pangkalan Bun,Kalimantan Tengah,-2.6994,111.6238,0.328,0.339,0.333,24.9
2025-12-10,Pangkalan Bun,Kalimantan Tengah,-2.6994,111.6238,0.309,0.318,0.334,25.2
2025-12-11,Pangkalan Bun,Kalimantan Tengah,-2.6994,111.6238,0.311,0.32,0.331,25.3
2025-12-12,Pangkalan Bun,Kalimantan Tengah,-2.6994,111.6238,0.297,0.321,0.334,26.0
2025-12-13,Pangkalan Bun,Kalimantan Tengah,-2.6994,111.6238,0.331,0.342,0.337,26.1
2025-12-14,Pangkalan Bun,Kalimantan Tengah,-2.6994,111.6238,0.312,0.327,0.339,26.3
2025-12-15,Pangkalan Bun,Kalimantan Tengah,-2.6994,111.6238,0.31,0.311,0.336,25.7
2025-12-16,Pangkalan Bun,Kalimantan Tengah,-2.6994,111.6238,0.283,0.286,0.329,26.3
2025-12-17,Pangkalan Bun,Kalimantan Tengah,-2.6994,111.6238,0.251,0.263,0.318,27.5
2025-12-18,Pangkalan Bun,Kalimantan Tengah,-2.6994,111.6238,0.255,0.254,0.306,27.1
2025-12-19,Pangkalan Bun,Kalimantan Tengah,-2.6994,111.6238,0.288,0.274,0.295,26.2
2025-12-20,Pangkalan Bun,Kalimantan Tengah,-2.6994,111.6238,0.285,0.294,0.286,26.6
2025-12-21,Pangkalan Bun,Kalimantan Tengah,-2.6994,111.6238,0.309,0.311,0.284,26.5
2025-12-22,Pangkalan Bun,Kalimantan Tengah,-2.6994,111.6238,0.305,0.318,0.291,26.5
2025-12-23,Pangkalan Bun,Kalimantan Tengah,-2.6994,111.6238,0.301,0.31,0.289,26.7
2025-12-24,Pangkalan Bun,Kalimantan Tengah,-2.6994,111.6238,0.315,0.316,0.287,26.4
2025-12-25,Pangkalan Bun,Kalimantan Tengah,-2.6994,111.6238,0.293,0.306,0.287,27.1
2025-12-26,Pangkalan Bun,Kalimantan Tengah,-2.6994,111.6238,0.308,0.31,0.285,26.5
2025-12-27,Pangkalan Bun,Kalimantan Tengah,-2.6994,111.6238,0.325,0.336,0.298,26.0
2025-12-28,Pangkalan Bun,Kalimantan Tengah,-2.6994,111.6238,0.308,0.32,0.31,26.4
2025-12-29,Pangkalan Bun,Kalimantan Tengah,-2.6994,111.6238,0.293,0.307,0.309,26.4
2025-12-30,Pangkalan Bun,Kalimantan Tengah,-2.6994,111.6238,0.304,0.314,0.31,26.2
2025-12-31,Pangkalan Bun,Kalimantan Tengah,-2.6994,111.6238,0.293,0.306,0.308,26.2
2026-01-01,Pangkalan Bun,Kalimantan Tengah,-2.6994,111.6238,0.304,0.31,0.307,25.9
2026-01-02,Pangkalan Bun,Kalimantan Tengah,-2.6994,111.6238,0.287,0.3,0.305,26.6
2026-01-03,Pangkalan Bun,Kalimantan Tengah,-2.6994,111.6238,0.3,0.297,0.299,25.6
2026-01-04,Pangkalan Bun,Kalimantan Tengah,-2.6994,111.6238,0.315,0.312,0.296,25.5
2026-01-05,Pangkalan Bun,Kalimantan Tengah,-2.6994,111.6238,0.295,0.305,0.295,25.9
2026-01-06,Pangkalan Bun,Kalimantan Tengah,-2.6994,111.6238,0.28,0.298,0.293,27.0
2026-01-07,Pangkalan Bun,Kalimantan Tengah,-2.6994,111.6238,0.287,0.29,0.288,26.7
2026-01-08,Pangkalan Bun,Kalimantan Tengah,-2.6994,111.6238,0.328,0.335,0.297,25.9
2026-01-09,Pangkalan Bun,Kalimantan Tengah,-2.6994,111.6238,0.306,0.313,0.307,26.0
2026-01-10,Pangkalan Bun,Kalimantan Tengah,-2.6994,111.6238,0.316,0.322,0.306,25.7
2026-01-11,Pangkalan Bun,Kalimantan Tengah,-2.6994,111.6238,0.289,0.309,0.306,26.0
2026-01-12,Pangkalan Bun,Kalimantan Tengah,-2.6994,111.6238,0.27,0.29,0.303,27.0
2026-01-13,Pangkalan Bun,Kalimantan Tengah,-2.6994,111.6238,0.249,0.271,0.297,27.6
2026-01-14,Pangkalan Bun,Kalimantan Tengah,-2.6994,111.6238,0.227,0.255,0.289,28.0
2026-01-15,Pangkalan Bun,Kalimantan Tengah,-2.6994,111.6238,0.206,0.243,0.282,28.1
2026-01-16,Pangkalan Bun,Kalimantan Tengah,-2.6994,111.6238,0.192,0.225,0.273,27.8
2026-01-17,Pangkalan Bun,Kalimantan Tengah,-2.6994,111.6238,0.166,0.204,0.263,28.3
2026-01-18,Pangkalan Bun,Kalimantan Tengah,-2.6994,111.6238,0.146,0.191,0.254,28.4
2026-01-19,Pangkalan Bun,Kalimantan Tengah,-2.6994,111.6238,0.128,0.179,0.244,28.2
2026-01-20,Pangkalan Bun,Kalimantan Tengah,-2.6994,111.6238,0.113,0.17,0.235,28.1
2026-01-21,Pangkalan Bun,Kalimantan Tengah,-2.6994,111.6238,0.103,0.163,0.227,27.8
2026-01-22,Pangkalan Bun,Kalimantan Tengah,-2.6994,111.6238,0.094,0.156,0.221,28.2
2026-01-23,Pangkalan Bun,Kalimantan Tengah,-2.6994,111.6238,0.086,0.149,0.213,28.4
2026-01-24,Pangkalan Bun,Kalimantan Tengah,-2.6994,111.6238,0.077,0.14,0.205,28.9
2026-01-25,Pangkalan Bun,Kalimantan Tengah,-2.6994,111.6238,0.068,0.131,0.198,29.0
2026-01-26,Pangkalan Bun,Kalimantan Tengah,-2.6994,111.6238,0.056,0.121,0.191,29.2
2026-01-27,Pangkalan Bun,Kalimantan Tengah,-2.6994,111.6238,0.055,0.114,0.186,29.6
2026-01-28,Pangkalan Bun,Kalimantan Tengah,-2.6994,111.6238,0.058,0.111,0.181,29.1
2026-01-29,Pangkalan Bun,Kalimantan Tengah,-2.6994,111.6238,0.071,0.109,0.176,28.4
2026-01-30,Pangkalan Bun,Kalimantan Tengah,-2.6994,111.6238,0.217,0.137,0.17,27.2
2026-01-31,Pangkalan Bun,Kalimantan Tengah,-2.6994,111.6238,0.257,0.17,0.175,26.6
2026-02-01,Pangkalan Bun,Kalimantan Tengah,-2.6994,111.6238,0.23,0.159,0.176,26.6
2026-02-02,Pangkalan Bun,Kalimantan Tengah,-2.6994,111.6238,0.228,0.165,0.174,26.7
2026-02-03,Pangkalan Bun,Kalimantan Tengah,-2.6994,111.6238,0.241,0.17,0.171,26.4
2026-02-04,Pangkalan Bun,Kalimantan Tengah,-2.6994,111.6238,0.276,0.21,0.165,25.6
2026-02-05,Pangkalan Bun,Kalimantan Tengah,-2.6994,111.6238,0.27,0.247,0.166,26.4
2026-02-06,Pangkalan Bun,Kalimantan Tengah,-2.6994,111.6238,0.275,0.252,0.167,26.1
2026-02-07,Pangkalan Bun,Kalimantan Tengah,-2.6994,111.6238,0.246,0.242,0.168,27.1
2026-02-08,Pangkalan Bun,Kalimantan Tengah,-2.6994,111.6238,0.217,0.229,0.168,27.4
2026-02-09,Pangkalan Bun,Kalimantan Tengah,-2.6994,111.6238,0.191,0.215,0.167,28.0
2026-02-10,Pangkalan Bun,Kalimantan Tengah,-2.6994,111.6238,0.185,0.205,0.165,27.6
2026-02-11,Pangkalan Bun,Kalimantan Tengah,-2.6994,111.6238,0.192,0.197,0.163,28.0
2026-02-12,Pangkalan Bun,Kalimantan Tengah,-2.6994,111.6238,0.244,0.192,0.16,27.0
2026-02-13,Pangkalan Bun,Kalimantan Tengah,-2.6994,111.6238,0.284,0.228,0.159,25.4
2026-02-14,Pangkalan Bun,Kalimantan Tengah,-2.6994,111.6238,0.239,0.233,0.157,26.9
2026-02-15,Pangkalan Bun,Kalimantan Tengah,-2.6994,111.6238,0.225,0.222,0.156,27.1
2026-02-16,Pangkalan Bun,Kalimantan Tengah,-2.6994,111.6238,0.245,0.218,0.153,27.5
2026-02-17,Pangkalan Bun,Kalimantan Tengah,-2.6994,111.6238,0.259,0.228,0.151,27.4
2026-02-18,Pangkalan Bun,Kalimantan Tengah,-2.6994,111.6238,0.256,0.239,0.15,26.8
2026-02-19,Pangkalan Bun,Kalimantan Tengah,-2.6994,111.6238,0.286,0.252,0.152,26.6
2026-02-20,Pangkalan Bun,Kalimantan Tengah,-2.6994,111.6238,0.306,0.29,0.16,26.4
2026-02-21,Pangkalan Bun,Kalimantan Tengah,-2.6994,111.6238,0.271,0.277,0.17,26.8
2026-02-22,Pangkalan Bun,Kalimantan Tengah,-2.6994,111.6238,0.25,0.256,0.173,27.5
2026-02-23,Pangkalan Bun,Kalimantan Tengah,-2.6994,111.6238,0.228,0.24,0.172,27.2
2026-02-24,Pangkalan Bun,Kalimantan Tengah,-2.6994,111.6238,0.221,0.229,0.172,27.0
2026-02-25,Pangkalan Bun,Kalimantan Tengah,-2.6994,111.6238,0.217,0.218,0.171,27.2
2026-02-26,Pangkalan Bun,Kalimantan Tengah,-2.6994,111.6238,0.227,0.217,0.171,27.6
2026-02-27,Pangkalan Bun,Kalimantan Tengah,-2.6994,111.6238,0.202,0.208,0.169,27.3
2026-02-28,Pangkalan Bun,Kalimantan Tengah,-2.6994,111.6238,0.185,0.199,0.168,27.9
2026-03-01,Pangkalan Bun,Kalimantan Tengah,-2.6994,111.6238,0.156,0.185,0.166,28.4
2026-03-02,Pangkalan Bun,Kalimantan Tengah,-2.6994,111.6238,0.134,0.172,0.163,28.7
2026-03-03,Pangkalan Bun,Kalimantan Tengah,-2.6994,111.6238,0.117,0.159,0.16,28.5
2026-03-04,Pangkalan Bun,Kalimantan Tengah,-2.6994,111.6238,0.104,0.15,0.158,28.4
2026-03-05,Pangkalan Bun,Kalimantan Tengah,-2.6994,111.6238,0.081,0.141,0.156,29.0
2026-03-06,Pangkalan Bun,Kalimantan Tengah,-2.6994,111.6238,0.072,0.131,0.152,29.4
2026-03-07,Pangkalan Bun,Kalimantan Tengah,-2.6994,111.6238,0.103,0.128,0.151,27.7
2026-03-08,Pangkalan Bun,Kalimantan Tengah,-2.6994,111.6238,0.12,0.122,0.148,27.2
2026-03-09,Pangkalan Bun,Kalimantan Tengah,-2.6994,111.6238,0.106,0.116,0.146,27.0
2026-03-10,Pangkalan Bun,Kalimantan Tengah,-2.6994,111.6238,0.126,0.11,0.144,27.4
2026-03-11,Pangkalan Bun,Kalimantan Tengah,-2.6994,111.6238,0.127,0.107,0.141,27.7
2026-03-12,Pangkalan Bun,Kalimantan Tengah,-2.6994,111.6238,0.114,0.103,0.14,28.1
2026-03-13,Pangkalan Bun,Kalimantan Tengah,-2.6994,111.6238,0.095,0.097,0.135,28.1
2026-03-14,Pangkalan Bun,Kalimantan Tengah,-2.6994,111.6238,0.075,0.093,0.131,28.7
2026-03-15,Pangkalan Bun,Kalimantan Tengah,-2.6994,111.6238,0.102,0.088,0.126,28.7
2026-03-16,Pangkalan Bun,Kalimantan Tengah,-2.6994,111.6238,0.23,0.1,0.122,27.1
2026-03-17,Pangkalan Bun,Kalimantan Tengah,-2.6994,111.6238,0.221,0.122,0.121,27.2
2026-03-18,Pangkalan Bun,Kalimantan Tengah,-2.6994,111.6238,0.212,0.141,0.12,27.5
2026-03-19,Pangkalan Bun,Kalimantan Tengah,-2.6994,111.6238,0.228,0.152,0.117,26.6
2026-03-20,Pangkalan Bun,Kalimantan Tengah,-2.6994,111.6238,0.259,0.192,0.117,26.3
2026-03-21,Pangkalan Bun,Kalimantan Tengah,-2.6994,111.6238,0.253,0.205,0.117,26.7
2026-03-22,Pangkalan Bun,Kalimantan Tengah,-2.6994,111.6238,0.269,0.221,0.117,26.4
2026-03-23,Pangkalan Bun,Kalimantan Tengah,-2.6994,111.6238,0.241,0.22,0.117,27.1
2026-03-24,Pangkalan Bun,Kalimantan Tengah,-2.6994,111.6238,0.226,0.216,0.117,27.3
2026-03-25,Pangkalan Bun,Kalimantan Tengah,-2.6994,111.6238,0.198,0.203,0.118,27.9
2026-03-26,Pangkalan Bun,Kalimantan Tengah,-2.6994,111.6238,0.176,0.191,0.117,28.6
2026-03-27,Pangkalan Bun,Kalimantan Tengah,-2.6994,111.6238,0.157,0.179,0.117,28.5
2026-03-28,Pangkalan Bun,Kalimantan Tengah,-2.6994,111.6238,0.173,0.168,0.115,28.2
2026-03-29,Pangkalan Bun,Kalimantan Tengah,-2.6994,111.6238,0.191,0.162,0.113,27.5
2026-03-30,Pangkalan Bun,Kalimantan Tengah,-2.6994,111.6238,0.277,0.188,0.111,25.8
2026-03-31,Pangkalan Bun,Kalimantan Tengah,-2.6994,111.6238,0.26,0.221,0.113,26.7
2026-04-01,Pangkalan Bun,Kalimantan Tengah,-2.6994,111.6238,0.238,0.212,0.114,27.5
2026-04-02,Pangkalan Bun,Kalimantan Tengah,-2.6994,111.6238,0.311,0.275,0.119,25.8
2026-04-03,Pangkalan Bun,Kalimantan Tengah,-2.6994,111.6238,0.298,0.29,0.134,26.4
2026-04-04,Pangkalan Bun,Kalimantan Tengah,-2.6994,111.6238,0.286,0.272,0.142,26.9
2026-04-05,Pangkalan Bun,Kalimantan Tengah,-2.6994,111.6238,0.289,0.272,0.147,26.7
2026-04-06,Pangkalan Bun,Kalimantan Tengah,-2.6994,111.6238,0.303,0.28,0.155,26.4
2026-04-07,Pangkalan Bun,Kalimantan Tengah,-2.6994,111.6238,0.305,0.293,0.164,26.8
2026-04-08,Pangkalan Bun,Kalimantan Tengah,-2.6994,111.6238,0.263,0.271,0.171,27.0
2026-04-09,Pangkalan Bun,Kalimantan Tengah,-2.6994,111.6238,0.274,0.266,0.175,27.4
2026-04-10,Pangkalan Bun,Kalimantan Tengah,-2.6994,111.6238,0.296,0.285,0.182,26.9
2026-04-11,Pangkalan Bun,Kalimantan Tengah,-2.6994,111.6238,0.261,0.274,0.188,27.3
2026-04-12,Pangkalan Bun,Kalimantan Tengah,-2.6994,111.6238,0.242,0.257,0.191,27.3
2026-04-13,Pangkalan Bun,Kalimantan Tengah,-2.6994,111.6238,0.27,0.256,0.192,27.1
2026-04-14,Pangkalan Bun,Kalimantan Tengah,-2.6994,111.6238,0.275,0.257,0.194,27.6
2026-04-15,Pangkalan Bun,Kalimantan Tengah,-2.6994,111.6238,0.278,0.26,0.194,26.5
2026-04-16,Pangkalan Bun,Kalimantan Tengah,-2.6994,111.6238,0.276,0.269,0.197,26.6
2026-04-17,Pangkalan Bun,Kalimantan Tengah,-2.6994,111.6238,0.268,0.267,0.2,27.1
2026-04-18,Pangkalan Bun,Kalimantan Tengah,-2.6994,111.6238,0.305,0.279,0.203,26.5
2026-04-19,Pangkalan Bun,Kalimantan Tengah,-2.6994,111.6238,0.294,0.286,0.21,26.8
2026-04-20,Pangkalan Bun,Kalimantan Tengah,-2.6994,111.6238,0.273,0.275,0.214,27.2
2026-04-21,Pangkalan Bun,Kalimantan Tengah,-2.6994,111.6238,0.292,0.282,0.218,26.6
2026-04-22,Pangkalan Bun,Kalimantan Tengah,-2.6994,111.6238,0.3,0.291,0.225,26.3
2026-04-23,Pangkalan Bun,Kalimantan Tengah,-2.6994,111.6238,0.276,0.289,0.232,27.6
2026-04-24,Pangkalan Bun,Kalimantan Tengah,-2.6994,111.6238,0.245,0.268,0.234,28.4
2026-04-25,Pangkalan Bun,Kalimantan Tengah,-2.6994,111.6238,0.261,0.266,0.232,27.9
2026-04-26,Pangkalan Bun,Kalimantan Tengah,-2.6994,111.6238,0.248,0.261,0.231,27.7
2026-04-27,Pangkalan Bun,Kalimantan Tengah,-2.6994,111.6238,0.29,0.273,0.232,26.5
2026-04-28,Pangkalan Bun,Kalimantan Tengah,-2.6994,111.6238,0.249,0.264,0.234,27.9
2026-04-29,Pangkalan Bun,Kalimantan Tengah,-2.6994,111.6238,0.302,0.281,0.232,27.5
2026-04-30,Pangkalan Bun,Kalimantan Tengah,-2.6994,111.6238,0.336,0.328,0.246,25.2
2026-05-01,Pangkalan Bun,Kalimantan Tengah,-2.6994,111.6238,0.283,0.301,0.262,27.1
2026-05-02,Pangkalan Bun,Kalimantan Tengah,-2.6994,111.6238,0.255,0.278,0.264,27.7
2026-05-03,Pangkalan Bun,Kalimantan Tengah,-2.6994,111.6238,0.304,0.302,0.268,26.9
2026-05-04,Pangkalan Bun,Kalimantan Tengah,-2.6994,111.6238,0.308,0.31,0.277,26.8
2026-05-05,Pangkalan Bun,Kalimantan Tengah,-2.6994,111.6238,0.299,0.314,0.295,27.0
2026-05-06,Pangkalan Bun,Kalimantan Tengah,-2.6994,111.6238,0.271,0.292,0.296,27.7
2026-05-07,Pangkalan Bun,Kalimantan Tengah,-2.6994,111.6238,0.263,0.277,0.294,27.3
2026-05-08,Pangkalan Bun,Kalimantan Tengah,-2.6994,111.6238,0.282,0.275,0.293,26.8
2026-05-09,Pangkalan Bun,Kalimantan Tengah,-2.6994,111.6238,0.309,0.304,0.293,27.0
2026-05-10,Pangkalan Bun,Kalimantan Tengah,-2.6994,111.6238,0.277,0.296,0.295,27.6
2026-05-11,Pangkalan Bun,Kalimantan Tengah,-2.6994,111.6238,0.289,0.291,0.293,27.7
2026-05-12,Pangkalan Bun,Kalimantan Tengah,-2.6994,111.6238,0.314,0.322,0.295,27.2
2026-05-13,Pangkalan Bun,Kalimantan Tengah,-2.6994,111.6238,0.308,0.306,0.294,27.3
2026-05-14,Pangkalan Bun,Kalimantan Tengah,-2.6994,111.6238,0.334,0.335,0.305,27.0
2026-05-15,Pangkalan Bun,Kalimantan Tengah,-2.6994,111.6238,0.33,0.335,0.325,27.0
2026-05-16,Pangkalan Bun,Kalimantan Tengah,-2.6994,111.6238,0.302,0.311,0.322,27.2
2026-05-17,Pangkalan Bun,Kalimantan Tengah,-2.6994,111.6238,0.302,0.3,0.317,26.8
2026-05-18,Pangkalan Bun,Kalimantan Tengah,-2.6994,111.6238,0.297,0.303,0.313,27.3
2026-05-19,Pangkalan Bun,Kalimantan Tengah,-2.6994,111.6238,0.279,0.292,0.31,28.1
2026-05-20,Pangkalan Bun,Kalimantan Tengah,-2.6994,111.6238,0.259,0.273,0.306,28.4
2026-05-21,Pangkalan Bun,Kalimantan Tengah,-2.6994,111.6238,0.248,0.262,0.302,29.0
2026-05-22,Pangkalan Bun,Kalimantan Tengah,-2.6994,111.6238,0.232,0.247,0.296,29.1
2026-05-23,Pangkalan Bun,Kalimantan Tengah,-2.6994,111.6238,0.246,0.244,0.292,28.2
2026-05-24,Pangkalan Bun,Kalimantan Tengah,-2.6994,111.6238,0.257,0.253,0.29,28.0
2026-05-25,Pangkalan Bun,Kalimantan Tengah,-2.6994,111.6238,0.281,0.271,0.288,27.0
2026-05-26,Pangkalan Bun,Kalimantan Tengah,-2.6994,111.6238,0.274,0.282,0.287,27.6
2026-05-27,Pangkalan Bun,Kalimantan Tengah,-2.6994,111.6238,0.261,0.271,0.286,27.7
2026-05-28,Pangkalan Bun,Kalimantan Tengah,-2.6994,111.6238,0.254,0.266,0.285,27.5
2026-05-29,Pangkalan Bun,Kalimantan Tengah,-2.6994,111.6238,0.245,0.257,0.283,27.9
2026-05-30,Pangkalan Bun,Kalimantan Tengah,-2.6994,111.6238,0.271,0.258,0.282,27.4
2026-05-31,Pangkalan Bun,Kalimantan Tengah,-2.6994,111.6238,0.263,0.256,0.28,27.6
2024-08-01,Pontianak,Kalimantan Barat,-0.0263,109.3425,0.357,0.253,0.305,27.0
2024-08-02,Pontianak,Kalimantan Barat,-0.0263,109.3425,0.336,0.267,0.304,27.0
2024-08-03,Pontianak,Kalimantan Barat,-0.0263,109.3425,0.292,0.263,0.304,27.4
2024-08-04,Pontianak,Kalimantan Barat,-0.0263,109.3425,0.271,0.257,0.3,27.9
2024-08-05,Pontianak,Kalimantan Barat,-0.0263,109.3425,0.272,0.254,0.297,27.8
2024-08-06,Pontianak,Kalimantan Barat,-0.0263,109.3425,0.256,0.248,0.294,27.7
2024-08-07,Pontianak,Kalimantan Barat,-0.0263,109.3425,0.374,0.28,0.291,26.0
2024-08-08,Pontianak,Kalimantan Barat,-0.0263,109.3425,0.352,0.292,0.288,26.5
2024-08-09,Pontianak,Kalimantan Barat,-0.0263,109.3425,0.354,0.319,0.287,27.0
2024-08-10,Pontianak,Kalimantan Barat,-0.0263,109.3425,0.338,0.327,0.286,27.6
2024-08-11,Pontianak,Kalimantan Barat,-0.0263,109.3425,0.357,0.328,0.286,26.7
2024-08-12,Pontianak,Kalimantan Barat,-0.0263,109.3425,0.375,0.333,0.285,26.3
2024-08-13,Pontianak,Kalimantan Barat,-0.0263,109.3425,0.366,0.328,0.285,26.8
2024-08-14,Pontianak,Kalimantan Barat,-0.0263,109.3425,0.396,0.353,0.286,26.1
2024-08-15,Pontianak,Kalimantan Barat,-0.0263,109.3425,0.395,0.37,0.288,26.3
2024-08-16,Pontianak,Kalimantan Barat,-0.0263,109.3425,0.416,0.391,0.291,25.6
2024-08-17,Pontianak,Kalimantan Barat,-0.0263,109.3425,0.402,0.392,0.296,26.3
2024-08-18,Pontianak,Kalimantan Barat,-0.0263,109.3425,0.41,0.399,0.303,26.2
2024-08-19,Pontianak,Kalimantan Barat,-0.0263,109.3425,0.401,0.392,0.309,26.6
2024-08-20,Pontianak,Kalimantan Barat,-0.0263,109.3425,0.414,0.403,0.315,25.8
2024-08-21,Pontianak,Kalimantan Barat,-0.0263,109.3425,0.41,0.401,0.323,25.7
2024-08-22,Pontianak,Kalimantan Barat,-0.0263,109.3425,0.398,0.392,0.327,25.5
2024-08-23,Pontianak,Kalimantan Barat,-0.0263,109.3425,0.392,0.385,0.33,26.3
2024-08-24,Pontianak,Kalimantan Barat,-0.0263,109.3425,0.411,0.399,0.332,25.5
2024-08-25,Pontianak,Kalimantan Barat,-0.0263,109.3425,0.419,0.419,0.348,25.7
2024-08-26,Pontianak,Kalimantan Barat,-0.0263,109.3425,0.396,0.397,0.356,26.5
2024-08-27,Pontianak,Kalimantan Barat,-0.0263,109.3425,0.402,0.396,0.358,26.1
2024-08-28,Pontianak,Kalimantan Barat,-0.0263,109.3425,0.424,0.421,0.369,24.9
2024-08-29,Pontianak,Kalimantan Barat,-0.0263,109.3425,0.419,0.419,0.381,25.1
2024-08-30,Pontianak,Kalimantan Barat,-0.0263,109.3425,0.39,0.398,0.383,26.6
2024-08-31,Pontianak,Kalimantan Barat,-0.0263,109.3425,0.383,0.384,0.381,27.3
2024-09-01,Pontianak,Kalimantan Barat,-0.0263,109.3425,0.371,0.378,0.381,27.4
2024-09-02,Pontianak,Kalimantan Barat,-0.0263,109.3425,0.362,0.367,0.378,27.7
2024-09-03,Pontianak,Kalimantan Barat,-0.0263,109.3425,0.338,0.355,0.376,28.2
2024-09-04,Pontianak,Kalimantan Barat,-0.0263,109.3425,0.321,0.342,0.373,27.9
2024-09-05,Pontianak,Kalimantan Barat,-0.0263,109.3425,0.307,0.328,0.37,27.6
2024-09-06,Pontianak,Kalimantan Barat,-0.0263,109.3425,0.293,0.318,0.367,28.3
2024-09-07,Pontianak,Kalimantan Barat,-0.0263,109.3425,0.279,0.309,0.363,28.6
2024-09-08,Pontianak,Kalimantan Barat,-0.0263,109.3425,0.345,0.313,0.36,27.3
2024-09-09,Pontianak,Kalimantan Barat,-0.0263,109.3425,0.396,0.355,0.359,25.4
2024-09-10,Pontianak,Kalimantan Barat,-0.0263,109.3425,0.36,0.325,0.357,26.7
2024-09-11,Pontianak,Kalimantan Barat,-0.0263,109.3425,0.335,0.325,0.355,27.0
2024-09-12,Pontianak,Kalimantan Barat,-0.0263,109.3425,0.322,0.32,0.353,27.7
2024-09-13,Pontianak,Kalimantan Barat,-0.0263,109.3425,0.338,0.323,0.35,27.6
2024-09-14,Pontianak,Kalimantan Barat,-0.0263,109.3425,0.31,0.317,0.347,27.8
2024-09-15,Pontianak,Kalimantan Barat,-0.0263,109.3425,0.29,0.31,0.344,27.7
2024-09-16,Pontianak,Kalimantan Barat,-0.0263,109.3425,0.275,0.302,0.342,28.1
2024-09-17,Pontianak,Kalimantan Barat,-0.0263,109.3425,0.26,0.293,0.339,28.4
2024-09-18,Pontianak,Kalimantan Barat,-0.0263,109.3425,0.325,0.295,0.336,27.1
2024-09-19,Pontianak,Kalimantan Barat,-0.0263,109.3425,0.314,0.294,0.334,27.8
2024-09-20,Pontianak,Kalimantan Barat,-0.0263,109.3425,0.289,0.291,0.332,28.4
2024-09-21,Pontianak,Kalimantan Barat,-0.0263,109.3425,0.27,0.285,0.329,28.7
2024-09-22,Pontianak,Kalimantan Barat,-0.0263,109.3425,0.26,0.279,0.326,28.8
2024-09-23,Pontianak,Kalimantan Barat,-0.0263,109.3425,0.261,0.275,0.324,27.7
2024-09-24,Pontianak,Kalimantan Barat,-0.0263,109.3425,0.247,0.272,0.324,28.6
2024-09-25,Pontianak,Kalimantan Barat,-0.0263,109.3425,0.337,0.28,0.323,25.8
2024-09-26,Pontianak,Kalimantan Barat,-0.0263,109.3425,0.333,0.291,0.323,26.7
2024-09-27,Pontianak,Kalimantan Barat,-0.0263,109.3425,0.355,0.299,0.321,27.0
2024-09-28,Pontianak,Kalimantan Barat,-0.0263,109.3425,0.353,0.308,0.32,27.4
2024-09-29,Pontianak,Kalimantan Barat,-0.0263,109.3425,0.396,0.332,0.318,26.3
2024-09-30,Pontianak,Kalimantan Barat,-0.0263,109.3425,0.39,0.356,0.318,26.3
2024-10-01,Pontianak,Kalimantan Barat,-0.0263,109.3425,0.37,0.356,0.318,27.4
2024-10-02,Pontianak,Kalimantan Barat,-0.0263,109.3425,0.382,0.376,0.32,26.1
2024-10-03,Pontianak,Kalimantan Barat,-0.0263,109.3425,0.373,0.377,0.323,27.4
2024-10-04,Pontianak,Kalimantan Barat,-0.0263,109.3425,0.418,0.407,0.332,25.8
2024-10-05,Pontianak,Kalimantan Barat,-0.0263,109.3425,0.413,0.409,0.345,26.2
2024-10-06,Pontianak,Kalimantan Barat,-0.0263,109.3425,0.414,0.409,0.353,26.2
2024-10-07,Pontianak,Kalimantan Barat,-0.0263,109.3425,0.413,0.408,0.36,26.0
2024-10-08,Pontianak,Kalimantan Barat,-0.0263,109.3425,0.408,0.408,0.368,27.1
2024-10-09,Pontianak,Kalimantan Barat,-0.0263,109.3425,0.412,0.405,0.37,26.5
2024-10-10,Pontianak,Kalimantan Barat,-0.0263,109.3425,0.409,0.407,0.374,26.6
2024-10-11,Pontianak,Kalimantan Barat,-0.0263,109.3425,0.418,0.417,0.381,26.6
2024-10-12,Pontianak,Kalimantan Barat,-0.0263,109.3425,0.41,0.412,0.393,26.8
2024-10-13,Pontianak,Kalimantan Barat,-0.0263,109.3425,0.417,0.415,0.397,26.0
2024-10-14,Pontianak,Kalimantan Barat,-0.0263,109.3425,0.419,0.418,0.398,26.1
2024-10-15,Pontianak,Kalimantan Barat,-0.0263,109.3425,0.422,0.421,0.402,26.4
2024-10-16,Pontianak,Kalimantan Barat,-0.0263,109.3425,0.424,0.423,0.407,26.0
2024-10-17,Pontianak,Kalimantan Barat,-0.0263,109.3425,0.417,0.421,0.411,25.9
2024-10-18,Pontianak,Kalimantan Barat,-0.0263,109.3425,0.395,0.405,0.41,27.0
2024-10-19,Pontianak,Kalimantan Barat,-0.0263,109.3425,0.375,0.388,0.406,27.4
2024-10-20,Pontianak,Kalimantan Barat,-0.0263,109.3425,0.39,0.393,0.402,26.6
2024-10-21,Pontianak,Kalimantan Barat,-0.0263,109.3425,0.391,0.398,0.398,26.7
2024-10-22,Pontianak,Kalimantan Barat,-0.0263,109.3425,0.37,0.382,0.391,27.5
2024-10-23,Pontianak,Kalimantan Barat,-0.0263,109.3425,0.356,0.37,0.388,28.1
2024-10-24,Pontianak,Kalimantan Barat,-0.0263,109.3425,0.341,0.357,0.384,28.3
2024-10-25,Pontianak,Kalimantan Barat,-0.0263,109.3425,0.327,0.346,0.378,28.3
2024-10-26,Pontianak,Kalimantan Barat,-0.0263,109.3425,0.317,0.335,0.373,28.2
2024-10-27,Pontianak,Kalimantan Barat,-0.0263,109.3425,0.305,0.326,0.369,28.4
2024-10-28,Pontianak,Kalimantan Barat,-0.0263,109.3425,0.291,0.317,0.365,28.6
2024-10-29,Pontianak,Kalimantan Barat,-0.0263,109.3425,0.281,0.309,0.36,28.8
2024-10-30,Pontianak,Kalimantan Barat,-0.0263,109.3425,0.277,0.3,0.355,28.6
2024-10-31,Pontianak,Kalimantan Barat,-0.0263,109.3425,0.307,0.295,0.351,26.8
2024-11-01,Pontianak,Kalimantan Barat,-0.0263,109.3425,0.361,0.306,0.346,27.0
2024-11-02,Pontianak,Kalimantan Barat,-0.0263,109.3425,0.32,0.304,0.342,28.2
2024-11-03,Pontianak,Kalimantan Barat,-0.0263,109.3425,0.325,0.303,0.342,27.7
2024-11-04,Pontianak,Kalimantan Barat,-0.0263,109.3425,0.372,0.319,0.342,26.7
2024-11-05,Pontianak,Kalimantan Barat,-0.0263,109.3425,0.369,0.335,0.341,27.3
2024-11-06,Pontianak,Kalimantan Barat,-0.0263,109.3425,0.378,0.356,0.345,26.9
2024-11-07,Pontianak,Kalimantan Barat,-0.0263,109.3425,0.402,0.377,0.349,26.1
2024-11-08,Pontianak,Kalimantan Barat,-0.0263,109.3425,0.395,0.385,0.35,26.6
2024-11-09,Pontianak,Kalimantan Barat,-0.0263,109.3425,0.395,0.386,0.35,26.9
2024-11-10,Pontianak,Kalimantan Barat,-0.0263,109.3425,0.396,0.391,0.352,26.9
2024-11-11,Pontianak,Kalimantan Barat,-0.0263,109.3425,0.405,0.396,0.356,25.9
2024-11-12,Pontianak,Kalimantan Barat,-0.0263,109.3425,0.393,0.381,0.343,26.9
2024-11-13,Pontianak,Kalimantan Barat,-0.0263,109.3425,0.364,0.323,0.281,27.7
2024-11-14,Pontianak,Kalimantan Barat,-0.0263,109.3425,0.363,0.331,0.278,28.4
2024-11-15,Pontianak,Kalimantan Barat,-0.0263,109.3425,0.377,0.333,0.269,27.0
2024-11-16,Pontianak,Kalimantan Barat,-0.0263,109.3425,0.367,0.36,0.272,27.8
2024-11-17,Pontianak,Kalimantan Barat,-0.0263,109.3425,0.375,0.361,0.268,28.0
2024-11-18,Pontianak,Kalimantan Barat,-0.0263,109.3425,0.404,0.386,0.266,27.6
2024-11-19,Pontianak,Kalimantan Barat,-0.0263,109.3425,0.413,0.405,0.268,26.9
2024-11-20,Pontianak,Kalimantan Barat,-0.0263,109.3425,0.414,0.41,0.285,26.3
2024-11-21,Pontianak,Kalimantan Barat,-0.0263,109.3425,0.401,0.396,0.3,27.5
2024-11-22,Pontianak,Kalimantan Barat,-0.0263,109.3425,0.417,0.412,0.308,26.9
2024-11-23,Pontianak,Kalimantan Barat,-0.0263,109.3425,0.413,0.41,0.319,27.1
2024-11-24,Pontianak,Kalimantan Barat,-0.0263,109.3425,0.415,0.411,0.332,27.3
2024-11-25,Pontianak,Kalimantan Barat,-0.0263,109.3425,0.408,0.402,0.34,27.2
2024-11-26,Pontianak,Kalimantan Barat,-0.0263,109.3425,0.406,0.401,0.345,27.4
2024-11-27,Pontianak,Kalimantan Barat,-0.0263,109.3425,0.407,0.398,0.35,27.1
2024-11-28,Pontianak,Kalimantan Barat,-0.0263,109.3425,0.391,0.388,0.353,27.6
2024-11-29,Pontianak,Kalimantan Barat,-0.0263,109.3425,0.405,0.391,0.355,26.8
2024-11-30,Pontianak,Kalimantan Barat,-0.0263,109.3425,0.396,0.389,0.357,26.9
2024-12-01,Pontianak,Kalimantan Barat,-0.0263,109.3425,0.394,0.383,0.359,27.1
2024-12-02,Pontianak,Kalimantan Barat,-0.0263,109.3425,0.391,0.391,0.361,26.6
2024-12-03,Pontianak,Kalimantan Barat,-0.0263,109.3425,0.391,0.389,0.362,26.3
2024-12-04,Pontianak,Kalimantan Barat,-0.0263,109.3425,0.389,0.388,0.364,26.8
2024-12-05,Pontianak,Kalimantan Barat,-0.0263,109.3425,0.396,0.387,0.365,26.8
2024-12-06,Pontianak,Kalimantan Barat,-0.0263,109.3425,0.378,0.386,0.366,26.9
2024-12-07,Pontianak,Kalimantan Barat,-0.0263,109.3425,0.355,0.372,0.367,27.9
2024-12-08,Pontianak,Kalimantan Barat,-0.0263,109.3425,0.367,0.355,0.366,27.9
2024-12-09,Pontianak,Kalimantan Barat,-0.0263,109.3425,0.324,0.332,0.365,27.8
2024-12-10,Pontianak,Kalimantan Barat,-0.0263,109.3425,0.354,0.333,0.364,26.8
2024-12-11,Pontianak,Kalimantan Barat,-0.0263,109.3425,0.394,0.369,0.363,26.8
2024-12-12,Pontianak,Kalimantan Barat,-0.0263,109.3425,0.398,0.39,0.364,26.6
2024-12-13,Pontianak,Kalimantan Barat,-0.0263,109.3425,0.386,0.388,0.366,27.0
2024-12-14,Pontianak,Kalimantan Barat,-0.0263,109.3425,0.366,0.382,0.367,27.4
2024-12-15,Pontianak,Kalimantan Barat,-0.0263,109.3425,0.334,0.366,0.367,28.6
2024-12-16,Pontianak,Kalimantan Barat,-0.0263,109.3425,0.354,0.352,0.366,28.3
2024-12-17,Pontianak,Kalimantan Barat,-0.0263,109.3425,0.373,0.35,0.365,27.6
2024-12-18,Pontianak,Kalimantan Barat,-0.0263,109.3425,0.402,0.365,0.364,26.6
2024-12-19,Pontianak,Kalimantan Barat,-0.0263,109.3425,0.401,0.386,0.365,26.1
2024-12-20,Pontianak,Kalimantan Barat,-0.0263,109.3425,0.39,0.385,0.366,26.6
2024-12-21,Pontianak,Kalimantan Barat,-0.0263,109.3425,0.369,0.381,0.366,26.6
2024-12-22,Pontianak,Kalimantan Barat,-0.0263,109.3425,0.353,0.371,0.366,27.3
2024-12-23,Pontianak,Kalimantan Barat,-0.0263,109.3425,0.338,0.358,0.366,28.2
2024-12-24,Pontianak,Kalimantan Barat,-0.0263,109.3425,0.33,0.346,0.365,27.5
2024-12-25,Pontianak,Kalimantan Barat,-0.0263,109.3425,0.287,0.328,0.364,28.1
2024-12-26,Pontianak,Kalimantan Barat,-0.0263,109.3425,0.288,0.308,0.362,28.1
2024-12-27,Pontianak,Kalimantan Barat,-0.0263,109.3425,0.374,0.34,0.361,27.4
2024-12-28,Pontianak,Kalimantan Barat,-0.0263,109.3425,0.338,0.342,0.36,28.5
2024-12-29,Pontianak,Kalimantan Barat,-0.0263,109.3425,0.286,0.32,0.359,28.8
2024-12-30,Pontianak,Kalimantan Barat,-0.0263,109.3425,0.23,0.292,0.357,28.6
2024-12-31,Pontianak,Kalimantan Barat,-0.0263,109.3425,0.274,0.277,0.355,27.5
2025-01-01,Pontianak,Kalimantan Barat,-0.0263,109.3425,0.275,0.282,0.353,27.9
2025-01-02,Pontianak,Kalimantan Barat,-0.0263,109.3425,0.231,0.279,0.351,27.7
2025-01-03,Pontianak,Kalimantan Barat,-0.0263,109.3425,0.219,0.27,0.349,27.9
2025-01-04,Pontianak,Kalimantan Barat,-0.0263,109.3425,0.341,0.264,0.348,26.9
2025-01-05,Pontianak,Kalimantan Barat,-0.0263,109.3425,0.318,0.272,0.346,27.3
2025-01-06,Pontianak,Kalimantan Barat,-0.0263,109.3425,0.355,0.298,0.345,27.1
2025-01-07,Pontianak,Kalimantan Barat,-0.0263,109.3425,0.375,0.339,0.344,26.6
2025-01-08,Pontianak,Kalimantan Barat,-0.0263,109.3425,0.384,0.383,0.346,26.6
2025-01-09,Pontianak,Kalimantan Barat,-0.0263,109.3425,0.399,0.387,0.348,26.2
2025-01-10,Pontianak,Kalimantan Barat,-0.0263,109.3425,0.402,0.398,0.351,26.8
2025-01-11,Pontianak,Kalimantan Barat,-0.0263,109.3425,0.402,0.397,0.355,26.6
2025-01-12,Pontianak,Kalimantan Barat,-0.0263,109.3425,0.396,0.392,0.358,26.6
2025-01-13,Pontianak,Kalimantan Barat,-0.0263,109.3425,0.398,0.393,0.36,26.4
2025-01-14,Pontianak,Kalimantan Barat,-0.0263,109.3425,0.386,0.389,0.362,26.3
2025-01-15,Pontianak,Kalimantan Barat,-0.0263,109.3425,0.393,0.387,0.363,26.4
2025-01-16,Pontianak,Kalimantan Barat,-0.0263,109.3425,0.38,0.388,0.365,26.5
2025-01-17,Pontianak,Kalimantan Barat,-0.0263,109.3425,0.363,0.376,0.365,27.5
2025-01-18,Pontianak,Kalimantan Barat,-0.0263,109.3425,0.384,0.373,0.365,27.3
2025-01-19,Pontianak,Kalimantan Barat,-0.0263,109.3425,0.394,0.389,0.366,26.0
2025-01-20,Pontianak,Kalimantan Barat,-0.0263,109.3425,0.391,0.387,0.367,26.6
2025-01-21,Pontianak,Kalimantan Barat,-0.0263,109.3425,0.392,0.387,0.368,26.6
2025-01-22,Pontianak,Kalimantan Barat,-0.0263,109.3425,0.388,0.386,0.369,26.2
2025-01-23,Pontianak,Kalimantan Barat,-0.0263,109.3425,0.391,0.386,0.37,26.3
2025-01-24,Pontianak,Kalimantan Barat,-0.0263,109.3425,0.389,0.385,0.37,26.8
2025-01-25,Pontianak,Kalimantan Barat,-0.0263,109.3425,0.384,0.384,0.371,27.5
2025-01-26,Pontianak,Kalimantan Barat,-0.0263,109.3425,0.387,0.384,0.371,26.1
2025-01-27,Pontianak,Kalimantan Barat,-0.0263,109.3425,0.388,0.384,0.372,26.3
2025-01-28,Pontianak,Kalimantan Barat,-0.0263,109.3425,0.384,0.384,0.372,25.8
2025-01-29,Pontianak,Kalimantan Barat,-0.0263,109.3425,0.375,0.382,0.372,25.0
2025-01-30,Pontianak,Kalimantan Barat,-0.0263,109.3425,0.374,0.378,0.372,25.6
2025-01-31,Pontianak,Kalimantan Barat,-0.0263,109.3425,0.377,0.377,0.372,25.7
2025-02-01,Pontianak,Kalimantan Barat,-0.0263,109.3425,0.381,0.376,0.372,25.1
2025-02-02,Pontianak,Kalimantan Barat,-0.0263,109.3425,0.359,0.369,0.372,26.8
2025-02-03,Pontianak,Kalimantan Barat,-0.0263,109.3425,0.367,0.364,0.371,26.6
2025-02-04,Pontianak,Kalimantan Barat,-0.0263,109.3425,0.392,0.376,0.37,26.1
2025-02-05,Pontianak,Kalimantan Barat,-0.0263,109.3425,0.389,0.383,0.371,25.9
2025-02-06,Pontianak,Kalimantan Barat,-0.0263,109.3425,0.38,0.383,0.371,26.4
2025-02-07,Pontianak,Kalimantan Barat,-0.0263,109.3425,0.339,0.371,0.371,27.3
2025-02-08,Pontianak,Kalimantan Barat,-0.0263,109.3425,0.304,0.351,0.37,27.4
2025-02-09,Pontianak,Kalimantan Barat,-0.0263,109.3425,0.275,0.328,0.369,27.2
2025-02-10,Pontianak,Kalimantan Barat,-0.0263,109.3425,0.279,0.317,0.367,27.3
2025-02-11,Pontianak,Kalimantan Barat,-0.0263,109.3425,0.248,0.314,0.364,27.5
2025-02-12,Pontianak,Kalimantan Barat,-0.0263,109.3425,0.222,0.309,0.362,27.8
2025-02-13,Pontianak,Kalimantan Barat,-0.0263,109.3425,0.2,0.302,0.36,28.0
2025-02-14,Pontianak,Kalimantan Barat,-0.0263,109.3425,0.177,0.293,0.358,28.1
2025-02-15,Pontianak,Kalimantan Barat,-0.0263,109.3425,0.167,0.287,0.356,28.7
2025-02-16,Pontianak,Kalimantan Barat,-0.0263,109.3425,0.143,0.279,0.354,28.9
2025-02-17,Pontianak,Kalimantan Barat,-0.0263,109.3425,0.125,0.273,0.352,28.8
2025-02-18,Pontianak,Kalimantan Barat,-0.0263,109.3425,0.101,0.253,0.349,29.7
2025-02-19,Pontianak,Kalimantan Barat,-0.0263,109.3425,0.115,0.245,0.347,28.9
2025-02-20,Pontianak,Kalimantan Barat,-0.0263,109.3425,0.098,0.243,0.345,29.5
2025-02-21,Pontianak,Kalimantan Barat,-0.0263,109.3425,0.103,0.235,0.342,28.7
2025-02-22,Pontianak,Kalimantan Barat,-0.0263,109.3425,0.08,0.231,0.338,30.3
2025-02-23,Pontianak,Kalimantan Barat,-0.0263,109.3425,0.177,0.227,0.321,28.6
2025-02-24,Pontianak,Kalimantan Barat,-0.0263,109.3425,0.248,0.226,0.319,27.8
2025-02-25,Pontianak,Kalimantan Barat,-0.0263,109.3425,0.379,0.286,0.314,26.9
2025-02-26,Pontianak,Kalimantan Barat,-0.0263,109.3425,0.353,0.332,0.304,27.5
2025-02-27,Pontianak,Kalimantan Barat,-0.0263,109.3425,0.341,0.329,0.304,28.0
2025-02-28,Pontianak,Kalimantan Barat,-0.0263,109.3425,0.402,0.378,0.307,26.5
2025-03-01,Pontianak,Kalimantan Barat,-0.0263,109.3425,0.384,0.382,0.311,27.9
2025-03-02,Pontianak,Kalimantan Barat,-0.0263,109.3425,0.389,0.382,0.312,27.6
2025-03-03,Pontianak,Kalimantan Barat,-0.0263,109.3425,0.391,0.38,0.313,27.3
2025-03-04,Pontianak,Kalimantan Barat,-0.0263,109.3425,0.389,0.372,0.314,27.6
2025-03-05,Pontianak,Kalimantan Barat,-0.0263,109.3425,0.392,0.376,0.317,27.6
2025-03-06,Pontianak,Kalimantan Barat,-0.0263,109.3425,0.384,0.377,0.32,27.8
2025-03-07,Pontianak,Kalimantan Barat,-0.0263,109.3425,0.423,0.415,0.33,25.8
2025-03-08,Pontianak,Kalimantan Barat,-0.0263,109.3425,0.381,0.397,0.338,27.5
2025-03-09,Pontianak,Kalimantan Barat,-0.0263,109.3425,0.378,0.382,0.341,27.8
2025-03-10,Pontianak,Kalimantan Barat,-0.0263,109.3425,0.396,0.397,0.343,27.3
2025-03-11,Pontianak,Kalimantan Barat,-0.0263,109.3425,0.363,0.383,0.34,28.1
2025-03-12,Pontianak,Kalimantan Barat,-0.0263,109.3425,0.4,0.395,0.331,27.0
2025-03-13,Pontianak,Kalimantan Barat,-0.0263,109.3425,0.396,0.393,0.338,27.5
2025-03-14,Pontianak,Kalimantan Barat,-0.0263,109.3425,0.406,0.395,0.341,27.6
2025-03-15,Pontianak,Kalimantan Barat,-0.0263,109.3425,0.41,0.403,0.345,26.3
2025-03-16,Pontianak,Kalimantan Barat,-0.0263,109.3425,0.388,0.392,0.349,27.4
2025-03-17,Pontianak,Kalimantan Barat,-0.0263,109.3425,0.362,0.378,0.351,27.7
2025-03-18,Pontianak,Kalimantan Barat,-0.0263,109.3425,0.4,0.385,0.352,27.4
2025-03-19,Pontianak,Kalimantan Barat,-0.0263,109.3425,0.406,0.395,0.354,26.5
2025-03-20,Pontianak,Kalimantan Barat,-0.0263,109.3425,0.399,0.395,0.357,25.5
2025-03-21,Pontianak,Kalimantan Barat,-0.0263,109.3425,0.38,0.388,0.359,26.6
2025-03-22,Pontianak,Kalimantan Barat,-0.0263,109.3425,0.372,0.379,0.36,26.8
2025-03-23,Pontianak,Kalimantan Barat,-0.0263,109.3425,0.35,0.359,0.362,27.1
2025-03-24,Pontianak,Kalimantan Barat,-0.0263,109.3425,0.36,0.354,0.36,27.8
2025-03-25,Pontianak,Kalimantan Barat,-0.0263,109.3425,0.325,0.347,0.359,28.5
2025-03-26,Pontianak,Kalimantan Barat,-0.0263,109.3425,0.295,0.342,0.358,28.6
2025-03-27,Pontianak,Kalimantan Barat,-0.0263,109.3425,0.258,0.329,0.357,28.8
2025-03-28,Pontianak,Kalimantan Barat,-0.0263,109.3425,0.225,0.315,0.356,28.8
2025-03-29,Pontianak,Kalimantan Barat,-0.0263,109.3425,0.229,0.3,0.354,28.5
2025-03-30,Pontianak,Kalimantan Barat,-0.0263,109.3425,0.314,0.301,0.353,28.4
2025-03-31,Pontianak,Kalimantan Barat,-0.0263,109.3425,0.371,0.326,0.352,27.7
2025-04-01,Pontianak,Kalimantan Barat,-0.0263,109.3425,0.38,0.37,0.353,27.8
2025-04-02,Pontianak,Kalimantan Barat,-0.0263,109.3425,0.341,0.367,0.364,28.5
2025-04-03,Pontianak,Kalimantan Barat,-0.0263,109.3425,0.318,0.355,0.385,28.5
2025-04-04,Pontianak,Kalimantan Barat,-0.0263,109.3425,0.36,0.356,0.39,27.9
2025-04-05,Pontianak,Kalimantan Barat,-0.0263,109.3425,0.37,0.361,0.4,27.7
2025-04-06,Pontianak,Kalimantan Barat,-0.0263,109.3425,0.367,0.364,0.398,27.2
2025-04-07,Pontianak,Kalimantan Barat,-0.0263,109.3425,0.371,0.365,0.393,27.3
2025-04-08,Pontianak,Kalimantan Barat,-0.0263,109.3425,0.382,0.366,0.39,26.9
2025-04-09,Pontianak,Kalimantan Barat,-0.0263,109.3425,0.354,0.367,0.388,27.4
2025-04-10,Pontianak,Kalimantan Barat,-0.0263,109.3425,0.34,0.36,0.386,28.0
2025-04-11,Pontianak,Kalimantan Barat,-0.0263,109.3425,0.361,0.37,0.387,28.1
2025-04-12,Pontianak,Kalimantan Barat,-0.0263,109.3425,0.339,0.36,0.392,28.0
2025-04-13,Pontianak,Kalimantan Barat,-0.0263,109.3425,0.358,0.356,0.393,27.3
2025-04-14,Pontianak,Kalimantan Barat,-0.0263,109.3425,0.387,0.368,0.387,26.5
2025-04-15,Pontianak,Kalimantan Barat,-0.0263,109.3425,0.364,0.371,0.387,27.8
2025-04-16,Pontianak,Kalimantan Barat,-0.0263,109.3425,0.337,0.366,0.384,28.3
2025-04-17,Pontianak,Kalimantan Barat,-0.0263,109.3425,0.366,0.361,0.38,27.2
2025-04-18,Pontianak,Kalimantan Barat,-0.0263,109.3425,0.366,0.377,0.377,27.5
2025-04-19,Pontianak,Kalimantan Barat,-0.0263,109.3425,0.316,0.36,0.376,28.6
2025-04-20,Pontianak,Kalimantan Barat,-0.0263,109.3425,0.371,0.362,0.375,27.3
2025-04-21,Pontianak,Kalimantan Barat,-0.0263,109.3425,0.392,0.378,0.374,27.5
2025-04-22,Pontianak,Kalimantan Barat,-0.0263,109.3425,0.382,0.382,0.374,27.6
2025-04-23,Pontianak,Kalimantan Barat,-0.0263,109.3425,0.38,0.379,0.375,27.8
2025-04-24,Pontianak,Kalimantan Barat,-0.0263,109.3425,0.387,0.379,0.374,26.7
2025-04-25,Pontianak,Kalimantan Barat,-0.0263,109.3425,0.379,0.379,0.374,28.0
2025-04-26,Pontianak,Kalimantan Barat,-0.0263,109.3425,0.358,0.37,0.373,28.5
2025-04-27,Pontianak,Kalimantan Barat,-0.0263,109.3425,0.366,0.357,0.373,28.0
2025-04-28,Pontianak,Kalimantan Barat,-0.0263,109.3425,0.378,0.361,0.372,28.3
2025-04-29,Pontianak,Kalimantan Barat,-0.0263,109.3425,0.366,0.368,0.371,28.2
2025-04-30,Pontianak,Kalimantan Barat,-0.0263,109.3425,0.372,0.36,0.371,28.0
2025-05-01,Pontianak,Kalimantan Barat,-0.0263,109.3425,0.361,0.364,0.371,28.5
2025-05-02,Pontianak,Kalimantan Barat,-0.0263,109.3425,0.314,0.351,0.371,28.7
2025-05-03,Pontianak,Kalimantan Barat,-0.0263,109.3425,0.283,0.341,0.371,28.8
2025-05-04,Pontianak,Kalimantan Barat,-0.0263,109.3425,0.261,0.322,0.376,29.1
2025-05-05,Pontianak,Kalimantan Barat,-0.0263,109.3425,0.277,0.314,0.379,29.0
2025-05-06,Pontianak,Kalimantan Barat,-0.0263,109.3425,0.255,0.304,0.382,29.0
2025-05-07,Pontianak,Kalimantan Barat,-0.0263,109.3425,0.215,0.299,0.379,29.5
2025-05-08,Pontianak,Kalimantan Barat,-0.0263,109.3425,0.197,0.291,0.365,29.1
2025-05-09,Pontianak,Kalimantan Barat,-0.0263,109.3425,0.239,0.283,0.346,28.6
2025-05-10,Pontianak,Kalimantan Barat,-0.0263,109.3425,0.307,0.283,0.339,28.7
2025-05-11,Pontianak,Kalimantan Barat,-0.0263,109.3425,0.319,0.29,0.332,28.7
2025-05-12,Pontianak,Kalimantan Barat,-0.0263,109.3425,0.346,0.308,0.338,28.6
2025-05-13,Pontianak,Kalimantan Barat,-0.0263,109.3425,0.353,0.32,0.345,28.7
2025-05-14,Pontianak,Kalimantan Barat,-0.0263,109.3425,0.391,0.362,0.345,28.1
2025-05-15,Pontianak,Kalimantan Barat,-0.0263,109.3425,0.392,0.398,0.348,28.1
2025-05-16,Pontianak,Kalimantan Barat,-0.0263,109.3425,0.387,0.391,0.349,28.8
2025-05-17,Pontianak,Kalimantan Barat,-0.0263,109.3425,0.398,0.399,0.345,28.1
2025-05-18,Pontianak,Kalimantan Barat,-0.0263,109.3425,0.385,0.387,0.347,28.6
2025-05-19,Pontianak,Kalimantan Barat,-0.0263,109.3425,0.402,0.398,0.337,28.4
2025-05-20,Pontianak,Kalimantan Barat,-0.0263,109.3425,0.382,0.395,0.332,28.5
2025-05-21,Pontianak,Kalimantan Barat,-0.0263,109.3425,0.339,0.371,0.325,29.5
2025-05-22,Pontianak,Kalimantan Barat,-0.0263,109.3425,0.306,0.35,0.317,29.2
2025-05-23,Pontianak,Kalimantan Barat,-0.0263,109.3425,0.299,0.337,0.315,28.6
2025-05-24,Pontianak,Kalimantan Barat,-0.0263,109.3425,0.31,0.331,0.314,29.1
2025-05-25,Pontianak,Kalimantan Barat,-0.0263,109.3425,0.281,0.323,0.308,29.3
2025-05-26,Pontianak,Kalimantan Barat,-0.0263,109.3425,0.275,0.309,0.304,28.8
2025-05-27,Pontianak,Kalimantan Barat,-0.0263,109.3425,0.322,0.31,0.303,28.7
2025-05-28,Pontianak,Kalimantan Barat,-0.0263,109.3425,0.278,0.301,0.293,28.7
2025-05-29,Pontianak,Kalimantan Barat,-0.0263,109.3425,0.286,0.299,0.289,28.5
2025-05-30,Pontianak,Kalimantan Barat,-0.0263,109.3425,0.308,0.312,0.287,28.8
2025-05-31,Pontianak,Kalimantan Barat,-0.0263,109.3425,0.332,0.323,0.282,28.1
2025-06-01,Pontianak,Kalimantan Barat,-0.0263,109.3425,0.352,0.324,0.279,27.1
2025-06-02,Pontianak,Kalimantan Barat,-0.0263,109.3425,0.331,0.319,0.277,27.4
2025-06-03,Pontianak,Kalimantan Barat,-0.0263,109.3425,0.313,0.318,0.284,27.9
2025-06-04,Pontianak,Kalimantan Barat,-0.0263,109.3425,0.277,0.314,0.289,28.4
2025-06-05,Pontianak,Kalimantan Barat,-0.0263,109.3425,0.256,0.307,0.289,28.6
2025-06-06,Pontianak,Kalimantan Barat,-0.0263,109.3425,0.307,0.3,0.286,28.0
2025-06-07,Pontianak,Kalimantan Barat,-0.0263,109.3425,0.347,0.301,0.277,27.9
2025-06-08,Pontianak,Kalimantan Barat,-0.0263,109.3425,0.303,0.299,0.269,28.2
2025-06-09,Pontianak,Kalimantan Barat,-0.0263,109.3425,0.251,0.294,0.267,28.4
2025-06-10,Pontianak,Kalimantan Barat,-0.0263,109.3425,0.216,0.285,0.262,28.6
2025-06-11,Pontianak,Kalimantan Barat,-0.0263,109.3425,0.288,0.286,0.256,27.9
2025-06-12,Pontianak,Kalimantan Barat,-0.0263,109.3425,0.275,0.286,0.251,28.8
2025-06-13,Pontianak,Kalimantan Barat,-0.0263,109.3425,0.282,0.281,0.248,28.7
2025-06-14,Pontianak,Kalimantan Barat,-0.0263,109.3425,0.324,0.29,0.247,28.6
2025-06-15,Pontianak,Kalimantan Barat,-0.0263,109.3425,0.283,0.288,0.245,28.0
2025-06-16,Pontianak,Kalimantan Barat,-0.0263,109.3425,0.346,0.299,0.246,27.8
2025-06-17,Pontianak,Kalimantan Barat,-0.0263,109.3425,0.36,0.344,0.252,27.8
2025-06-18,Pontianak,Kalimantan Barat,-0.0263,109.3425,0.399,0.375,0.256,27.4
2025-06-19,Pontianak,Kalimantan Barat,-0.0263,109.3425,0.42,0.414,0.27,25.2
2025-06-20,Pontianak,Kalimantan Barat,-0.0263,109.3425,0.361,0.38,0.276,27.3
2025-06-21,Pontianak,Kalimantan Barat,-0.0263,109.3425,0.316,0.358,0.279,28.0
2025-06-22,Pontianak,Kalimantan Barat,-0.0263,109.3425,0.279,0.338,0.279,28.3
2025-06-23,Pontianak,Kalimantan Barat,-0.0263,109.3425,0.247,0.32,0.276,28.7
2025-06-24,Pontianak,Kalimantan Barat,-0.0263,109.3425,0.255,0.308,0.275,28.2
2025-06-25,Pontianak,Kalimantan Barat,-0.0263,109.3425,0.228,0.298,0.277,27.7
2025-06-26,Pontianak,Kalimantan Barat,-0.0263,109.3425,0.208,0.29,0.276,28.5
2025-06-27,Pontianak,Kalimantan Barat,-0.0263,109.3425,0.19,0.281,0.276,28.6
2025-06-28,Pontianak,Kalimantan Barat,-0.0263,109.3425,0.217,0.269,0.276,26.9
2025-06-29,Pontianak,Kalimantan Barat,-0.0263,109.3425,0.181,0.264,0.276,27.9
2025-06-30,Pontianak,Kalimantan Barat,-0.0263,109.3425,0.152,0.258,0.276,28.1
2025-07-01,Pontianak,Kalimantan Barat,-0.0263,109.3425,0.124,0.252,0.276,29.5
2025-07-02,Pontianak,Kalimantan Barat,-0.0263,109.3425,0.097,0.244,0.274,30.1
2025-07-03,Pontianak,Kalimantan Barat,-0.0263,109.3425,0.082,0.237,0.274,30.2
2025-07-04,Pontianak,Kalimantan Barat,-0.0263,109.3425,0.075,0.231,0.273,30.3
2025-07-05,Pontianak,Kalimantan Barat,-0.0263,109.3425,0.085,0.224,0.271,30.2
2025-07-06,Pontianak,Kalimantan Barat,-0.0263,109.3425,0.071,0.215,0.268,30.7
2025-07-07,Pontianak,Kalimantan Barat,-0.0263,109.3425,0.076,0.211,0.268,28.5
2025-07-08,Pontianak,Kalimantan Barat,-0.0263,109.3425,0.071,0.21,0.268,30.7
2025-07-09,Pontianak,Kalimantan Barat,-0.0263,109.3425,0.099,0.206,0.265,29.6
2025-07-10,Pontianak,Kalimantan Barat,-0.0263,109.3425,0.169,0.206,0.266,28.3
2025-07-11,Pontianak,Kalimantan Barat,-0.0263,109.3425,0.158,0.205,0.265,28.5
2025-07-12,Pontianak,Kalimantan Barat,-0.0263,109.3425,0.12,0.203,0.264,29.1
2025-07-13,Pontianak,Kalimantan Barat,-0.0263,109.3425,0.175,0.198,0.258,28.7
2025-07-14,Pontianak,Kalimantan Barat,-0.0263,109.3425,0.257,0.198,0.256,27.5
2025-07-15,Pontianak,Kalimantan Barat,-0.0263,109.3425,0.202,0.197,0.254,28.2
2025-07-16,Pontianak,Kalimantan Barat,-0.0263,109.3425,0.224,0.199,0.254,27.8
2025-07-17,Pontianak,Kalimantan Barat,-0.0263,109.3425,0.319,0.223,0.258,27.8
2025-07-18,Pontianak,Kalimantan Barat,-0.0263,109.3425,0.298,0.233,0.26,27.6
2025-07-19,Pontianak,Kalimantan Barat,-0.0263,109.3425,0.251,0.238,0.264,27.9
2025-07-20,Pontianak,Kalimantan Barat,-0.0263,109.3425,0.2,0.237,0.262,27.8
2025-07-21,Pontianak,Kalimantan Barat,-0.0263,109.3425,0.15,0.233,0.261,28.2
2025-07-22,Pontianak,Kalimantan Barat,-0.0263,109.3425,0.112,0.228,0.26,29.0
2025-07-23,Pontianak,Kalimantan Barat,-0.0263,109.3425,0.085,0.223,0.259,30.4
2025-07-24,Pontianak,Kalimantan Barat,-0.0263,109.3425,0.074,0.22,0.259,31.5
2025-07-25,Pontianak,Kalimantan Barat,-0.0263,109.3425,0.082,0.219,0.261,31.5
2025-07-26,Pontianak,Kalimantan Barat,-0.0263,109.3425,0.105,0.215,0.26,30.7
2025-07-27,Pontianak,Kalimantan Barat,-0.0263,109.3425,0.095,0.214,0.26,30.5
2025-07-28,Pontianak,Kalimantan Barat,-0.0263,109.3425,0.105,0.223,0.264,30.2
2025-07-29,Pontianak,Kalimantan Barat,-0.0263,109.3425,0.085,0.221,0.264,31.3
2025-07-30,Pontianak,Kalimantan Barat,-0.0263,109.3425,0.077,0.222,0.268,32.1
2025-07-31,Pontianak,Kalimantan Barat,-0.0263,109.3425,0.102,0.222,0.27,30.8
2025-08-01,Pontianak,Kalimantan Barat,-0.0263,109.3425,0.086,0.219,0.268,31.1
2025-08-02,Pontianak,Kalimantan Barat,-0.0263,109.3425,0.213,0.216,0.264,27.1
2025-08-03,Pontianak,Kalimantan Barat,-0.0263,109.3425,0.172,0.217,0.264,28.7
2025-08-04,Pontianak,Kalimantan Barat,-0.0263,109.3425,0.276,0.221,0.266,26.0
2025-08-05,Pontianak,Kalimantan Barat,-0.0263,109.3425,0.259,0.222,0.261,27.5
2025-08-06,Pontianak,Kalimantan Barat,-0.0263,109.3425,0.204,0.22,0.259,28.5
2025-08-07,Pontianak,Kalimantan Barat,-0.0263,109.3425,0.159,0.217,0.255,29.4
2025-08-08,Pontianak,Kalimantan Barat,-0.0263,109.3425,0.184,0.212,0.252,28.1
2025-08-09,Pontianak,Kalimantan Barat,-0.0263,109.3425,0.203,0.209,0.249,27.3
2025-08-10,Pontianak,Kalimantan Barat,-0.0263,109.3425,0.204,0.209,0.248,27.6
2025-08-11,Pontianak,Kalimantan Barat,-0.0263,109.3425,0.224,0.207,0.241,27.5
2025-08-12,Pontianak,Kalimantan Barat,-0.0263,109.3425,0.223,0.206,0.242,27.1
2025-08-13,Pontianak,Kalimantan Barat,-0.0263,109.3425,0.25,0.206,0.242,27.2
2025-08-14,Pontianak,Kalimantan Barat,-0.0263,109.3425,0.36,0.248,0.241,26.1
2025-08-15,Pontianak,Kalimantan Barat,-0.0263,109.3425,0.303,0.278,0.239,26.9
2025-08-16,Pontianak,Kalimantan Barat,-0.0263,109.3425,0.248,0.275,0.239,27.7
2025-08-17,Pontianak,Kalimantan Barat,-0.0263,109.3425,0.215,0.268,0.238,28.1
2025-08-18,Pontianak,Kalimantan Barat,-0.0263,109.3425,0.289,0.261,0.234,27.4
2025-08-19,Pontianak,Kalimantan Barat,-0.0263,109.3425,0.367,0.299,0.234,26.8
2025-08-20,Pontianak,Kalimantan Barat,-0.0263,109.3425,0.393,0.341,0.235,25.1
2025-08-21,Pontianak,Kalimantan Barat,-0.0263,109.3425,0.346,0.339,0.236,26.0
2025-08-22,Pontianak,Kalimantan Barat,-0.0263,109.3425,0.304,0.328,0.236,27.0
2025-08-23,Pontianak,Kalimantan Barat,-0.0263,109.3425,0.267,0.317,0.237,28.0
2025-08-24,Pontianak,Kalimantan Barat,-0.0263,109.3425,0.365,0.318,0.237,26.7
2025-08-25,Pontianak,Kalimantan Barat,-0.0263,109.3425,0.392,0.365,0.239,26.0
2025-08-26,Pontianak,Kalimantan Barat,-0.0263,109.3425,0.322,0.347,0.242,26.9
2025-08-27,Pontianak,Kalimantan Barat,-0.0263,109.3425,0.277,0.331,0.243,27.5
2025-08-28,Pontianak,Kalimantan Barat,-0.0263,109.3425,0.253,0.316,0.244,28.0
2025-08-29,Pontianak,Kalimantan Barat,-0.0263,109.3425,0.262,0.301,0.242,27.8
2025-08-30,Pontianak,Kalimantan Barat,-0.0263,109.3425,0.245,0.289,0.239,28.3
2025-08-31,Pontianak,Kalimantan Barat,-0.0263,109.3425,0.272,0.279,0.237,27.6
2025-09-01,Pontianak,Kalimantan Barat,-0.0263,109.3425,0.27,0.275,0.237,28.0
2025-09-02,Pontianak,Kalimantan Barat,-0.0263,109.3425,0.284,0.275,0.239,28.1
2025-09-03,Pontianak,Kalimantan Barat,-0.0263,109.3425,0.379,0.314,0.238,27.0
2025-09-04,Pontianak,Kalimantan Barat,-0.0263,109.3425,0.338,0.333,0.24,27.7
2025-09-05,Pontianak,Kalimantan Barat,-0.0263,109.3425,0.315,0.325,0.241,27.8
2025-09-06,Pontianak,Kalimantan Barat,-0.0263,109.3425,0.401,0.367,0.244,26.5
2025-09-07,Pontianak,Kalimantan Barat,-0.0263,109.3425,0.395,0.384,0.251,27.0
2025-09-08,Pontianak,Kalimantan Barat,-0.0263,109.3425,0.392,0.387,0.258,26.6
2025-09-09,Pontianak,Kalimantan Barat,-0.0263,109.3425,0.368,0.366,0.262,26.8
2025-09-10,Pontianak,Kalimantan Barat,-0.0263,109.3425,0.413,0.391,0.266,26.5
2025-09-11,Pontianak,Kalimantan Barat,-0.0263,109.3425,0.389,0.39,0.272,26.8
2025-09-12,Pontianak,Kalimantan Barat,-0.0263,109.3425,0.399,0.38,0.275,26.0
2025-09-13,Pontianak,Kalimantan Barat,-0.0263,109.3425,0.417,0.411,0.29,25.7
2025-09-14,Pontianak,Kalimantan Barat,-0.0263,109.3425,0.412,0.405,0.297,25.8
2025-09-15,Pontianak,Kalimantan Barat,-0.0263,109.3425,0.405,0.397,0.304,26.6
2025-09-16,Pontianak,Kalimantan Barat,-0.0263,109.3425,0.405,0.403,0.311,27.0
2025-09-17,Pontianak,Kalimantan Barat,-0.0263,109.3425,0.402,0.393,0.315,26.3
2025-09-18,Pontianak,Kalimantan Barat,-0.0263,109.3425,0.384,0.394,0.321,27.2
2025-09-19,Pontianak,Kalimantan Barat,-0.0263,109.3425,0.352,0.374,0.324,28.1
2025-09-20,Pontianak,Kalimantan Barat,-0.0263,109.3425,0.363,0.365,0.326,26.7
2025-09-21,Pontianak,Kalimantan Barat,-0.0263,109.3425,0.379,0.384,0.328,27.1
2025-09-22,Pontianak,Kalimantan Barat,-0.0263,109.3425,0.318,0.358,0.327,28.5
2025-09-23,Pontianak,Kalimantan Barat,-0.0263,109.3425,0.296,0.337,0.327,28.9
2025-09-24,Pontianak,Kalimantan Barat,-0.0263,109.3425,0.277,0.325,0.326,28.3
2025-09-25,Pontianak,Kalimantan Barat,-0.0263,109.3425,0.24,0.31,0.322,28.4
2025-09-26,Pontianak,Kalimantan Barat,-0.0263,109.3425,0.206,0.298,0.314,28.8
2025-09-27,Pontianak,Kalimantan Barat,-0.0263,109.3425,0.184,0.285,0.303,29.4
2025-09-28,Pontianak,Kalimantan Barat,-0.0263,109.3425,0.22,0.273,0.299,29.5
2025-09-29,Pontianak,Kalimantan Barat,-0.0263,109.3425,0.291,0.267,0.299,26.9
2025-09-30,Pontianak,Kalimantan Barat,-0.0263,109.3425,0.344,0.291,0.301,27.3
2025-10-01,Pontianak,Kalimantan Barat,-0.0263,109.3425,0.335,0.318,0.297,27.5
2025-10-02,Pontianak,Kalimantan Barat,-0.0263,109.3425,0.271,0.304,0.286,28.5
2025-10-03,Pontianak,Kalimantan Barat,-0.0263,109.3425,0.356,0.318,0.282,27.8
2025-10-04,Pontianak,Kalimantan Barat,-0.0263,109.3425,0.323,0.323,0.281,27.3
2025-10-05,Pontianak,Kalimantan Barat,-0.0263,109.3425,0.299,0.317,0.281,27.4
2025-10-06,Pontianak,Kalimantan Barat,-0.0263,109.3425,0.291,0.311,0.28,27.8
2025-10-07,Pontianak,Kalimantan Barat,-0.0263,109.3425,0.371,0.312,0.269,27.4
2025-10-08,Pontianak,Kalimantan Barat,-0.0263,109.3425,0.355,0.319,0.255,27.6
2025-10-09,Pontianak,Kalimantan Barat,-0.0263,109.3425,0.378,0.339,0.251,27.8
2025-10-10,Pontianak,Kalimantan Barat,-0.0263,109.3425,0.381,0.357,0.253,27.7
2025-10-11,Pontianak,Kalimantan Barat,-0.0263,109.3425,0.351,0.356,0.255,28.4
2025-10-12,Pontianak,Kalimantan Barat,-0.0263,109.3425,0.385,0.359,0.256,27.9
2025-10-13,Pontianak,Kalimantan Barat,-0.0263,109.3425,0.38,0.367,0.259,27.0
2025-10-14,Pontianak,Kalimantan Barat,-0.0263,109.3425,0.358,0.356,0.26,27.8
2025-10-15,Pontianak,Kalimantan Barat,-0.0263,109.3425,0.378,0.361,0.261,28.2
2025-10-16,Pontianak,Kalimantan Barat,-0.0263,109.3425,0.371,0.352,0.258,27.6
2025-10-17,Pontianak,Kalimantan Barat,-0.0263,109.3425,0.398,0.374,0.263,27.0
2025-10-18,Pontianak,Kalimantan Barat,-0.0263,109.3425,0.387,0.384,0.269,27.3
2025-10-19,Pontianak,Kalimantan Barat,-0.0263,109.3425,0.355,0.365,0.269,28.3
2025-10-20,Pontianak,Kalimantan Barat,-0.0263,109.3425,0.364,0.353,0.263,28.0
2025-10-21,Pontianak,Kalimantan Barat,-0.0263,109.3425,0.408,0.386,0.265,26.8
2025-10-22,Pontianak,Kalimantan Barat,-0.0263,109.3425,0.412,0.407,0.279,26.4
2025-10-23,Pontianak,Kalimantan Barat,-0.0263,109.3425,0.416,0.414,0.291,26.3
2025-10-24,Pontianak,Kalimantan Barat,-0.0263,109.3425,0.396,0.396,0.308,26.7
2025-10-25,Pontianak,Kalimantan Barat,-0.0263,109.3425,0.403,0.396,0.314,26.5
2025-10-26,Pontianak,Kalimantan Barat,-0.0263,109.3425,0.378,0.387,0.32,26.8
2025-10-27,Pontianak,Kalimantan Barat,-0.0263,109.3425,0.354,0.37,0.323,27.5
2025-10-28,Pontianak,Kalimantan Barat,-0.0263,109.3425,0.362,0.364,0.324,27.6
2025-10-29,Pontianak,Kalimantan Barat,-0.0263,109.3425,0.3,0.343,0.324,28.5
2025-10-30,Pontianak,Kalimantan Barat,-0.0263,109.3425,0.286,0.324,0.331,28.9
2025-10-31,Pontianak,Kalimantan Barat,-0.0263,109.3425,0.343,0.328,0.335,27.8
2025-11-01,Pontianak,Kalimantan Barat,-0.0263,109.3425,0.3,0.323,0.336,28.6
2025-11-02,Pontianak,Kalimantan Barat,-0.0263,109.3425,0.297,0.313,0.331,28.6
2025-11-03,Pontianak,Kalimantan Barat,-0.0263,109.3425,0.32,0.308,0.329,28.2
2025-11-04,Pontianak,Kalimantan Barat,-0.0263,109.3425,0.334,0.302,0.314,28.3
2025-11-05,Pontianak,Kalimantan Barat,-0.0263,109.3425,0.347,0.306,0.293,27.3
2025-11-06,Pontianak,Kalimantan Barat,-0.0263,109.3425,0.323,0.315,0.288,27.8
2025-11-07,Pontianak,Kalimantan Barat,-0.0263,109.3425,0.294,0.308,0.291,28.3
2025-11-08,Pontianak,Kalimantan Barat,-0.0263,109.3425,0.278,0.302,0.29,28.7
2025-11-09,Pontianak,Kalimantan Barat,-0.0263,109.3425,0.246,0.292,0.281,28.6
2025-11-10,Pontianak,Kalimantan Barat,-0.0263,109.3425,0.203,0.279,0.262,28.6
2025-11-11,Pontianak,Kalimantan Barat,-0.0263,109.3425,0.243,0.271,0.256,28.0
2025-11-12,Pontianak,Kalimantan Barat,-0.0263,109.3425,0.314,0.269,0.235,26.6
2025-11-13,Pontianak,Kalimantan Barat,-0.0263,109.3425,0.382,0.362,0.238,26.9
2025-11-14,Pontianak,Kalimantan Barat,-0.0263,109.3425,0.37,0.369,0.241,27.7
2025-11-15,Pontianak,Kalimantan Barat,-0.0263,109.3425,0.346,0.348,0.241,27.8
2025-11-16,Pontianak,Kalimantan Barat,-0.0263,109.3425,0.354,0.338,0.239,27.3
2025-11-17,Pontianak,Kalimantan Barat,-0.0263,109.3425,0.363,0.34,0.24,28.1
2025-11-18,Pontianak,Kalimantan Barat,-0.0263,109.3425,0.368,0.349,0.242,28.2
2025-11-19,Pontianak,Kalimantan Barat,-0.0263,109.3425,0.364,0.355,0.245,28.1
2025-11-20,Pontianak,Kalimantan Barat,-0.0263,109.3425,0.372,0.362,0.248,27.3
2025-11-21,Pontianak,Kalimantan Barat,-0.0263,109.3425,0.373,0.356,0.248,27.7
2025-11-22,Pontianak,Kalimantan Barat,-0.0263,109.3425,0.403,0.386,0.253,26.8
2025-11-23,Pontianak,Kalimantan Barat,-0.0263,109.3425,0.385,0.378,0.26,26.5
2025-11-24,Pontianak,Kalimantan Barat,-0.0263,109.3425,0.38,0.365,0.264,27.3
2025-11-25,Pontianak,Kalimantan Barat,-0.0263,109.3425,0.397,0.376,0.268,26.9
2025-11-26,Pontianak,Kalimantan Barat,-0.0263,109.3425,0.357,0.366,0.271,27.9
2025-11-27,Pontianak,Kalimantan Barat,-0.0263,109.3425,0.319,0.353,0.273,28.3
2025-11-28,Pontianak,Kalimantan Barat,-0.0263,109.3425,0.348,0.345,0.274,27.8
2025-11-29,Pontianak,Kalimantan Barat,-0.0263,109.3425,0.401,0.379,0.277,26.3
2025-11-30,Pontianak,Kalimantan Barat,-0.0263,109.3425,0.387,0.376,0.282,27.3
2025-12-01,Pontianak,Kalimantan Barat,-0.0263,109.3425,0.393,0.374,0.286,27.7
2025-12-02,Pontianak,Kalimantan Barat,-0.0263,109.3425,0.4,0.398,0.295,27.5
2025-12-03,Pontianak,Kalimantan Barat,-0.0263,109.3425,0.395,0.393,0.302,27.4
2025-12-04,Pontianak,Kalimantan Barat,-0.0263,109.3425,0.395,0.391,0.308,27.4
2025-12-05,Pontianak,Kalimantan Barat,-0.0263,109.3425,0.4,0.405,0.316,27.3
2025-12-06,Pontianak,Kalimantan Barat,-0.0263,109.3425,0.395,0.389,0.322,27.4
2025-12-07,Pontianak,Kalimantan Barat,-0.0263,109.3425,0.392,0.381,0.325,27.3
2025-12-08,Pontianak,Kalimantan Barat,-0.0263,109.3425,0.416,0.408,0.332,25.4
2025-12-09,Pontianak,Kalimantan Barat,-0.0263,109.3425,0.406,0.402,0.341,25.8
2025-12-10,Pontianak,Kalimantan Barat,-0.0263,109.3425,0.372,0.391,0.345,27.3
2025-12-11,Pontianak,Kalimantan Barat,-0.0263,109.3425,0.356,0.372,0.347,27.5
2025-12-12,Pontianak,Kalimantan Barat,-0.0263,109.3425,0.382,0.369,0.348,26.9
2025-12-13,Pontianak,Kalimantan Barat,-0.0263,109.3425,0.377,0.366,0.348,27.2
2025-12-14,Pontianak,Kalimantan Barat,-0.0263,109.3425,0.383,0.376,0.35,27.1
2025-12-15,Pontianak,Kalimantan Barat,-0.0263,109.3425,0.398,0.391,0.356,26.8
2025-12-16,Pontianak,Kalimantan Barat,-0.0263,109.3425,0.384,0.39,0.358,27.3
2025-12-17,Pontianak,Kalimantan Barat,-0.0263,109.3425,0.365,0.375,0.359,27.9
2025-12-18,Pontianak,Kalimantan Barat,-0.0263,109.3425,0.38,0.371,0.36,27.8
2025-12-19,Pontianak,Kalimantan Barat,-0.0263,109.3425,0.368,0.364,0.36,28.0
2025-12-20,Pontianak,Kalimantan Barat,-0.0263,109.3425,0.376,0.378,0.36,27.9
2025-12-21,Pontianak,Kalimantan Barat,-0.0263,109.3425,0.386,0.387,0.361,27.2
2025-12-22,Pontianak,Kalimantan Barat,-0.0263,109.3425,0.375,0.388,0.363,27.6
2025-12-23,Pontianak,Kalimantan Barat,-0.0263,109.3425,0.382,0.38,0.365,27.7
2025-12-24,Pontianak,Kalimantan Barat,-0.0263,109.3425,0.387,0.383,0.367,27.7
2025-12-25,Pontianak,Kalimantan Barat,-0.0263,109.3425,0.362,0.38,0.367,28.4
2025-12-26,Pontianak,Kalimantan Barat,-0.0263,109.3425,0.37,0.362,0.367,28.0
2025-12-27,Pontianak,Kalimantan Barat,-0.0263,109.3425,0.398,0.377,0.366,26.9
2025-12-28,Pontianak,Kalimantan Barat,-0.0263,109.3425,0.357,0.367,0.366,27.6
2025-12-29,Pontianak,Kalimantan Barat,-0.0263,109.3425,0.329,0.358,0.365,27.7
2025-12-30,Pontianak,Kalimantan Barat,-0.0263,109.3425,0.346,0.349,0.365,27.3
2025-12-31,Pontianak,Kalimantan Barat,-0.0263,109.3425,0.395,0.378,0.364,26.8
2026-01-01,Pontianak,Kalimantan Barat,-0.0263,109.3425,0.387,0.388,0.365,26.0
2026-01-02,Pontianak,Kalimantan Barat,-0.0263,109.3425,0.375,0.381,0.366,27.0
2026-01-03,Pontianak,Kalimantan Barat,-0.0263,109.3425,0.38,0.374,0.366,26.5
2026-01-04,Pontianak,Kalimantan Barat,-0.0263,109.3425,0.381,0.373,0.365,26.3
2026-01-05,Pontianak,Kalimantan Barat,-0.0263,109.3425,0.345,0.362,0.363,27.1
2026-01-06,Pontianak,Kalimantan Barat,-0.0263,109.3425,0.332,0.352,0.362,27.6
2026-01-07,Pontianak,Kalimantan Barat,-0.0263,109.3425,0.299,0.339,0.365,27.9
2026-01-08,Pontianak,Kalimantan Barat,-0.0263,109.3425,0.311,0.327,0.363,27.0
2026-01-09,Pontianak,Kalimantan Barat,-0.0263,109.3425,0.387,0.335,0.362,26.1
2026-01-10,Pontianak,Kalimantan Barat,-0.0263,109.3425,0.382,0.375,0.362,26.4
2026-01-11,Pontianak,Kalimantan Barat,-0.0263,109.3425,0.376,0.387,0.363,26.5
2026-01-12,Pontianak,Kalimantan Barat,-0.0263,109.3425,0.338,0.372,0.363,26.6
2026-01-13,Pontianak,Kalimantan Barat,-0.0263,109.3425,0.322,0.36,0.363,27.0
2026-01-14,Pontianak,Kalimantan Barat,-0.0263,109.3425,0.308,0.349,0.362,27.2
2026-01-15,Pontianak,Kalimantan Barat,-0.0263,109.3425,0.277,0.338,0.361,27.6
2026-01-16,Pontianak,Kalimantan Barat,-0.0263,109.3425,0.25,0.328,0.36,27.4
2026-01-17,Pontianak,Kalimantan Barat,-0.0263,109.3425,0.221,0.315,0.358,27.2
2026-01-18,Pontianak,Kalimantan Barat,-0.0263,109.3425,0.197,0.305,0.356,27.0
2026-01-19,Pontianak,Kalimantan Barat,-0.0263,109.3425,0.17,0.293,0.354,27.3
2026-01-20,Pontianak,Kalimantan Barat,-0.0263,109.3425,0.144,0.284,0.352,27.3
2026-01-21,Pontianak,Kalimantan Barat,-0.0263,109.3425,0.125,0.278,0.35,27.2
2026-01-22,Pontianak,Kalimantan Barat,-0.0263,109.3425,0.108,0.273,0.348,27.8
2026-01-23,Pontianak,Kalimantan Barat,-0.0263,109.3425,0.093,0.264,0.346,28.4
2026-01-24,Pontianak,Kalimantan Barat,-0.0263,109.3425,0.083,0.252,0.344,29.4
2026-01-25,Pontianak,Kalimantan Barat,-0.0263,109.3425,0.078,0.24,0.341,29.6
2026-01-26,Pontianak,Kalimantan Barat,-0.0263,109.3425,0.077,0.242,0.339,29.8
2026-01-27,Pontianak,Kalimantan Barat,-0.0263,109.3425,0.078,0.241,0.337,30.2
2026-01-28,Pontianak,Kalimantan Barat,-0.0263,109.3425,0.078,0.238,0.335,30.1
2026-01-29,Pontianak,Kalimantan Barat,-0.0263,109.3425,0.08,0.233,0.333,30.5
2026-01-30,Pontianak,Kalimantan Barat,-0.0263,109.3425,0.083,0.227,0.331,30.4
2026-01-31,Pontianak,Kalimantan Barat,-0.0263,109.3425,0.088,0.223,0.329,30.1
2026-02-01,Pontianak,Kalimantan Barat,-0.0263,109.3425,0.081,0.221,0.327,29.7
2026-02-02,Pontianak,Kalimantan Barat,-0.0263,109.3425,0.102,0.229,0.325,29.1
2026-02-03,Pontianak,Kalimantan Barat,-0.0263,109.3425,0.208,0.22,0.323,28.2
2026-02-04,Pontianak,Kalimantan Barat,-0.0263,109.3425,0.319,0.231,0.322,26.4
2026-02-05,Pontianak,Kalimantan Barat,-0.0263,109.3425,0.324,0.244,0.316,27.4
2026-02-06,Pontianak,Kalimantan Barat,-0.0263,109.3425,0.333,0.248,0.294,26.9
2026-02-07,Pontianak,Kalimantan Barat,-0.0263,109.3425,0.294,0.254,0.284,27.5
2026-02-08,Pontianak,Kalimantan Barat,-0.0263,109.3425,0.227,0.251,0.276,27.7
2026-02-09,Pontianak,Kalimantan Barat,-0.0263,109.3425,0.171,0.247,0.272,27.7
2026-02-10,Pontianak,Kalimantan Barat,-0.0263,109.3425,0.135,0.243,0.271,27.4
2026-02-11,Pontianak,Kalimantan Barat,-0.0263,109.3425,0.112,0.238,0.272,28.3
2026-02-12,Pontianak,Kalimantan Barat,-0.0263,109.3425,0.097,0.233,0.269,29.2
2026-02-13,Pontianak,Kalimantan Barat,-0.0263,109.3425,0.12,0.229,0.267,27.3
2026-02-14,Pontianak,Kalimantan Barat,-0.0263,109.3425,0.128,0.224,0.264,28.8
2026-02-15,Pontianak,Kalimantan Barat,-0.0263,109.3425,0.128,0.215,0.253,28.9
2026-02-16,Pontianak,Kalimantan Barat,-0.0263,109.3425,0.114,0.208,0.246,29.6
2026-02-17,Pontianak,Kalimantan Barat,-0.0263,109.3425,0.164,0.202,0.241,28.7
2026-02-18,Pontianak,Kalimantan Barat,-0.0263,109.3425,0.256,0.2,0.24,27.1
2026-02-19,Pontianak,Kalimantan Barat,-0.0263,109.3425,0.295,0.21,0.239,27.0
2026-02-20,Pontianak,Kalimantan Barat,-0.0263,109.3425,0.347,0.254,0.241,26.9
2026-02-21,Pontianak,Kalimantan Barat,-0.0263,109.3425,0.29,0.251,0.242,27.4
2026-02-22,Pontianak,Kalimantan Barat,-0.0263,109.3425,0.248,0.249,0.24,27.9
2026-02-23,Pontianak,Kalimantan Barat,-0.0263,109.3425,0.237,0.246,0.238,27.3
2026-02-24,Pontianak,Kalimantan Barat,-0.0263,109.3425,0.256,0.245,0.237,26.6
2026-02-25,Pontianak,Kalimantan Barat,-0.0263,109.3425,0.294,0.245,0.237,27.5
2026-02-26,Pontianak,Kalimantan Barat,-0.0263,109.3425,0.248,0.243,0.236,27.8
2026-02-27,Pontianak,Kalimantan Barat,-0.0263,109.3425,0.199,0.233,0.234,28.4
2026-02-28,Pontianak,Kalimantan Barat,-0.0263,109.3425,0.134,0.226,0.233,29.0
2026-03-01,Pontianak,Kalimantan Barat,-0.0263,109.3425,0.092,0.219,0.233,30.5
2026-03-02,Pontianak,Kalimantan Barat,-0.0263,109.3425,0.072,0.215,0.232,31.6
2026-03-03,Pontianak,Kalimantan Barat,-0.0263,109.3425,0.066,0.209,0.231,31.8
2026-03-04,Pontianak,Kalimantan Barat,-0.0263,109.3425,0.065,0.204,0.231,32.0
2026-03-05,Pontianak,Kalimantan Barat,-0.0263,109.3425,0.073,0.194,0.23,31.0
2026-03-06,Pontianak,Kalimantan Barat,-0.0263,109.3425,0.078,0.19,0.229,30.6
2026-03-07,Pontianak,Kalimantan Barat,-0.0263,109.3425,0.114,0.184,0.227,29.2
2026-03-08,Pontianak,Kalimantan Barat,-0.0263,109.3425,0.129,0.178,0.222,29.2
2026-03-09,Pontianak,Kalimantan Barat,-0.0263,109.3425,0.191,0.179,0.222,28.6
2026-03-10,Pontianak,Kalimantan Barat,-0.0263,109.3425,0.252,0.181,0.226,27.5
2026-03-11,Pontianak,Kalimantan Barat,-0.0263,109.3425,0.274,0.194,0.237,27.4
2026-03-12,Pontianak,Kalimantan Barat,-0.0263,109.3425,0.292,0.225,0.236,28.1
2026-03-13,Pontianak,Kalimantan Barat,-0.0263,109.3425,0.223,0.225,0.236,28.6
2026-03-14,Pontianak,Kalimantan Barat,-0.0263,109.3425,0.167,0.222,0.235,29.2
2026-03-15,Pontianak,Kalimantan Barat,-0.0263,109.3425,0.127,0.219,0.235,29.4
2026-03-16,Pontianak,Kalimantan Barat,-0.0263,109.3425,0.123,0.215,0.233,29.5
2026-03-17,Pontianak,Kalimantan Barat,-0.0263,109.3425,0.165,0.21,0.231,28.6
2026-03-18,Pontianak,Kalimantan Barat,-0.0263,109.3425,0.183,0.2,0.225,28.7
2026-03-19,Pontianak,Kalimantan Barat,-0.0263,109.3425,0.185,0.19,0.218,29.0
2026-03-20,Pontianak,Kalimantan Barat,-0.0263,109.3425,0.132,0.185,0.214,29.5
2026-03-21,Pontianak,Kalimantan Barat,-0.0263,109.3425,0.093,0.174,0.206,30.4
2026-03-22,Pontianak,Kalimantan Barat,-0.0263,109.3425,0.067,0.169,0.203,32.0
2026-03-23,Pontianak,Kalimantan Barat,-0.0263,109.3425,0.062,0.166,0.204,32.1
2026-03-24,Pontianak,Kalimantan Barat,-0.0263,109.3425,0.062,0.167,0.206,32.4
2026-03-25,Pontianak,Kalimantan Barat,-0.0263,109.3425,0.063,0.17,0.211,32.5
2026-03-26,Pontianak,Kalimantan Barat,-0.0263,109.3425,0.063,0.172,0.216,32.8
2026-03-27,Pontianak,Kalimantan Barat,-0.0263,109.3425,0.068,0.173,0.218,32.7
2026-03-28,Pontianak,Kalimantan Barat,-0.0263,109.3425,0.083,0.174,0.219,31.7
2026-03-29,Pontianak,Kalimantan Barat,-0.0263,109.3425,0.127,0.168,0.215,29.6
2026-03-30,Pontianak,Kalimantan Barat,-0.0263,109.3425,0.165,0.163,0.211,28.3
2026-03-31,Pontianak,Kalimantan Barat,-0.0263,109.3425,0.206,0.164,0.209,29.0
2026-04-01,Pontianak,Kalimantan Barat,-0.0263,109.3425,0.179,0.163,0.207,29.6
2026-04-02,Pontianak,Kalimantan Barat,-0.0263,109.3425,0.345,0.187,0.206,27.7
2026-04-03,Pontianak,Kalimantan Barat,-0.0263,109.3425,0.28,0.209,0.206,28.5
2026-04-04,Pontianak,Kalimantan Barat,-0.0263,109.3425,0.258,0.209,0.202,28.7
2026-04-05,Pontianak,Kalimantan Barat,-0.0263,109.3425,0.309,0.217,0.2,28.1
2026-04-06,Pontianak,Kalimantan Barat,-0.0263,109.3425,0.283,0.22,0.201,28.4
2026-04-07,Pontianak,Kalimantan Barat,-0.0263,109.3425,0.256,0.222,0.202,28.4
2026-04-08,Pontianak,Kalimantan Barat,-0.0263,109.3425,0.331,0.241,0.203,28.0
2026-04-09,Pontianak,Kalimantan Barat,-0.0263,109.3425,0.28,0.255,0.203,28.8
2026-04-10,Pontianak,Kalimantan Barat,-0.0263,109.3425,0.315,0.263,0.202,27.9
2026-04-11,Pontianak,Kalimantan Barat,-0.0263,109.3425,0.316,0.273,0.202,28.3
2026-04-12,Pontianak,Kalimantan Barat,-0.0263,109.3425,0.312,0.285,0.209,28.6
2026-04-13,Pontianak,Kalimantan Barat,-0.0263,109.3425,0.3,0.291,0.21,28.9
2026-04-14,Pontianak,Kalimantan Barat,-0.0263,109.3425,0.308,0.286,0.21,28.7
2026-04-15,Pontianak,Kalimantan Barat,-0.0263,109.3425,0.356,0.296,0.21,27.8
2026-04-16,Pontianak,Kalimantan Barat,-0.0263,109.3425,0.351,0.296,0.204,28.1
2026-04-17,Pontianak,Kalimantan Barat,-0.0263,109.3425,0.348,0.301,0.203,28.4
2026-04-18,Pontianak,Kalimantan Barat,-0.0263,109.3425,0.355,0.31,0.203,28.4
2026-04-19,Pontianak,Kalimantan Barat,-0.0263,109.3425,0.366,0.326,0.201,28.3
2026-04-20,Pontianak,Kalimantan Barat,-0.0263,109.3425,0.355,0.33,0.203,28.6
2026-04-21,Pontianak,Kalimantan Barat,-0.0263,109.3425,0.357,0.325,0.205,28.4
2026-04-22,Pontianak,Kalimantan Barat,-0.0263,109.3425,0.373,0.334,0.207,28.2
2026-04-23,Pontianak,Kalimantan Barat,-0.0263,109.3425,0.38,0.36,0.208,28.4
2026-04-24,Pontianak,Kalimantan Barat,-0.0263,109.3425,0.353,0.357,0.21,28.7
2026-04-25,Pontianak,Kalimantan Barat,-0.0263,109.3425,0.403,0.382,0.215,27.1
2026-04-26,Pontianak,Kalimantan Barat,-0.0263,109.3425,0.35,0.359,0.218,28.8
2026-04-27,Pontianak,Kalimantan Barat,-0.0263,109.3425,0.361,0.349,0.221,28.6
2026-04-28,Pontianak,Kalimantan Barat,-0.0263,109.3425,0.35,0.341,0.223,28.6
2026-04-29,Pontianak,Kalimantan Barat,-0.0263,109.3425,0.342,0.331,0.222,28.5
2026-04-30,Pontianak,Kalimantan Barat,-0.0263,109.3425,0.366,0.341,0.224,28.2
2026-05-01,Pontianak,Kalimantan Barat,-0.0263,109.3425,0.347,0.346,0.226,27.9
2026-05-02,Pontianak,Kalimantan Barat,-0.0263,109.3425,0.381,0.353,0.227,27.0
2026-05-03,Pontianak,Kalimantan Barat,-0.0263,109.3425,0.357,0.344,0.229,27.9
2026-05-04,Pontianak,Kalimantan Barat,-0.0263,109.3425,0.377,0.345,0.229,27.8
2026-05-05,Pontianak,Kalimantan Barat,-0.0263,109.3425,0.311,0.329,0.229,28.8
2026-05-06,Pontianak,Kalimantan Barat,-0.0263,109.3425,0.29,0.314,0.227,28.7
2026-05-07,Pontianak,Kalimantan Barat,-0.0263,109.3425,0.365,0.325,0.227,28.1
2026-05-08,Pontianak,Kalimantan Barat,-0.0263,109.3425,0.393,0.357,0.229,28.1
2026-05-09,Pontianak,Kalimantan Barat,-0.0263,109.3425,0.401,0.4,0.235,27.3
2026-05-10,Pontianak,Kalimantan Barat,-0.0263,109.3425,0.357,0.374,0.238,28.8
2026-05-11,Pontianak,Kalimantan Barat,-0.0263,109.3425,0.343,0.349,0.24,28.8
2026-05-12,Pontianak,Kalimantan Barat,-0.0263,109.3425,0.326,0.34,0.288,28.6
2026-05-13,Pontianak,Kalimantan Barat,-0.0263,109.3425,0.331,0.349,0.343,29.1
2026-05-14,Pontianak,Kalimantan Barat,-0.0263,109.3425,0.352,0.343,0.338,28.7
2026-05-15,Pontianak,Kalimantan Barat,-0.0263,109.3425,0.372,0.344,0.328,28.3
2026-05-16,Pontianak,Kalimantan Barat,-0.0263,109.3425,0.393,0.37,0.327,27.6
2026-05-17,Pontianak,Kalimantan Barat,-0.0263,109.3425,0.407,0.406,0.335,27.5
2026-05-18,Pontianak,Kalimantan Barat,-0.0263,109.3425,0.4,0.4,0.343,28.5
2026-05-19,Pontianak,Kalimantan Barat,-0.0263,109.3425,0.37,0.39,0.346,29.6
2026-05-20,Pontianak,Kalimantan Barat,-0.0263,109.3425,0.33,0.369,0.346,30.0
2026-05-21,Pontianak,Kalimantan Barat,-0.0263,109.3425,0.322,0.347,0.345,29.6
2026-05-22,Pontianak,Kalimantan Barat,-0.0263,109.3425,0.391,0.368,0.344,28.0
2026-05-23,Pontianak,Kalimantan Barat,-0.0263,109.3425,0.354,0.366,0.345,28.8
2026-05-24,Pontianak,Kalimantan Barat,-0.0263,109.3425,0.365,0.357,0.346,28.3
2026-05-25,Pontianak,Kalimantan Barat,-0.0263,109.3425,0.378,0.363,0.347,28.0
2026-05-26,Pontianak,Kalimantan Barat,-0.0263,109.3425,0.405,0.393,0.349,28.3
2026-05-27,Pontianak,Kalimantan Barat,-0.0263,109.3425,0.383,0.393,0.352,28.4
2026-05-28,Pontianak,Kalimantan Barat,-0.0263,109.3425,0.359,0.381,0.354,28.8
2026-05-29,Pontianak,Kalimantan Barat,-0.0263,109.3425,0.36,0.368,0.359,28.6
2026-05-30,Pontianak,Kalimantan Barat,-0.0263,109.3425,0.332,0.355,0.366,28.9
2026-05-31,Pontianak,Kalimantan Barat,-0.0263,109.3425,0.308,0.347,0.373,29.1
2024-08-01,Samarinda,Kalimantan Timur,-0.4948,117.1436,0.386,0.381,0.382,27.2
2024-08-02,Samarinda,Kalimantan Timur,-0.4948,117.1436,0.404,0.392,0.378,26.3
2024-08-03,Samarinda,Kalimantan Timur,-0.4948,117.1436,0.415,0.412,0.381,26.0
2024-08-04,Samarinda,Kalimantan Timur,-0.4948,117.1436,0.403,0.403,0.384,26.6
2024-08-05,Samarinda,Kalimantan Timur,-0.4948,117.1436,0.4,0.398,0.386,26.6
2024-08-06,Samarinda,Kalimantan Timur,-0.4948,117.1436,0.405,0.401,0.386,26.0
2024-08-07,Samarinda,Kalimantan Timur,-0.4948,117.1436,0.419,0.416,0.39,25.9
2024-08-08,Samarinda,Kalimantan Timur,-0.4948,117.1436,0.417,0.417,0.393,25.9
2024-08-09,Samarinda,Kalimantan Timur,-0.4948,117.1436,0.417,0.417,0.399,25.9
2024-08-10,Samarinda,Kalimantan Timur,-0.4948,117.1436,0.397,0.404,0.4,26.8
2024-08-11,Samarinda,Kalimantan Timur,-0.4948,117.1436,0.401,0.401,0.399,26.8
2024-08-12,Samarinda,Kalimantan Timur,-0.4948,117.1436,0.407,0.408,0.4,26.5
2024-08-13,Samarinda,Kalimantan Timur,-0.4948,117.1436,0.41,0.407,0.399,25.9
2024-08-14,Samarinda,Kalimantan Timur,-0.4948,117.1436,0.405,0.407,0.399,26.4
2024-08-15,Samarinda,Kalimantan Timur,-0.4948,117.1436,0.412,0.412,0.4,25.6
2024-08-16,Samarinda,Kalimantan Timur,-0.4948,117.1436,0.404,0.409,0.402,26.7
2024-08-17,Samarinda,Kalimantan Timur,-0.4948,117.1436,0.406,0.406,0.402,26.2
2024-08-18,Samarinda,Kalimantan Timur,-0.4948,117.1436,0.409,0.407,0.401,26.0
2024-08-19,Samarinda,Kalimantan Timur,-0.4948,117.1436,0.414,0.413,0.402,26.1
2024-08-20,Samarinda,Kalimantan Timur,-0.4948,117.1436,0.416,0.414,0.403,26.2
2024-08-21,Samarinda,Kalimantan Timur,-0.4948,117.1436,0.424,0.425,0.407,25.8
2024-08-22,Samarinda,Kalimantan Timur,-0.4948,117.1436,0.428,0.428,0.418,24.9
2024-08-23,Samarinda,Kalimantan Timur,-0.4948,117.1436,0.418,0.421,0.423,26.1
2024-08-24,Samarinda,Kalimantan Timur,-0.4948,117.1436,0.417,0.419,0.42,25.6
2024-08-25,Samarinda,Kalimantan Timur,-0.4948,117.1436,0.42,0.423,0.421,25.5
2024-08-26,Samarinda,Kalimantan Timur,-0.4948,117.1436,0.422,0.425,0.423,25.8
2024-08-27,Samarinda,Kalimantan Timur,-0.4948,117.1436,0.425,0.428,0.428,25.7
2024-08-28,Samarinda,Kalimantan Timur,-0.4948,117.1436,0.422,0.425,0.427,26.0
2024-08-29,Samarinda,Kalimantan Timur,-0.4948,117.1436,0.423,0.425,0.427,25.8
2024-08-30,Samarinda,Kalimantan Timur,-0.4948,117.1436,0.421,0.423,0.427,25.4
2024-08-31,Samarinda,Kalimantan Timur,-0.4948,117.1436,0.416,0.419,0.425,26.0
2024-09-01,Samarinda,Kalimantan Timur,-0.4948,117.1436,0.414,0.417,0.423,25.9
2024-09-02,Samarinda,Kalimantan Timur,-0.4948,117.1436,0.411,0.414,0.421,26.7
2024-09-03,Samarinda,Kalimantan Timur,-0.4948,117.1436,0.393,0.402,0.417,27.5
2024-09-04,Samarinda,Kalimantan Timur,-0.4948,117.1436,0.383,0.387,0.411,27.5
2024-09-05,Samarinda,Kalimantan Timur,-0.4948,117.1436,0.395,0.39,0.404,26.8
2024-09-06,Samarinda,Kalimantan Timur,-0.4948,117.1436,0.409,0.413,0.403,26.8
2024-09-07,Samarinda,Kalimantan Timur,-0.4948,117.1436,0.394,0.399,0.4,27.3
2024-09-08,Samarinda,Kalimantan Timur,-0.4948,117.1436,0.384,0.387,0.396,27.3
2024-09-09,Samarinda,Kalimantan Timur,-0.4948,117.1436,0.398,0.385,0.392,27.0
2024-09-10,Samarinda,Kalimantan Timur,-0.4948,117.1436,0.397,0.387,0.388,26.9
2024-09-11,Samarinda,Kalimantan Timur,-0.4948,117.1436,0.369,0.376,0.382,27.3
2024-09-12,Samarinda,Kalimantan Timur,-0.4948,117.1436,0.354,0.365,0.378,27.3
2024-09-13,Samarinda,Kalimantan Timur,-0.4948,117.1436,0.341,0.356,0.375,27.5
2024-09-14,Samarinda,Kalimantan Timur,-0.4948,117.1436,0.329,0.347,0.372,27.3
2024-09-15,Samarinda,Kalimantan Timur,-0.4948,117.1436,0.32,0.34,0.369,27.1
2024-09-16,Samarinda,Kalimantan Timur,-0.4948,117.1436,0.316,0.333,0.367,27.3
2024-09-17,Samarinda,Kalimantan Timur,-0.4948,117.1436,0.308,0.327,0.364,28.0
2024-09-18,Samarinda,Kalimantan Timur,-0.4948,117.1436,0.316,0.323,0.362,27.6
2024-09-19,Samarinda,Kalimantan Timur,-0.4948,117.1436,0.314,0.317,0.357,28.1
2024-09-20,Samarinda,Kalimantan Timur,-0.4948,117.1436,0.304,0.311,0.352,28.0
2024-09-21,Samarinda,Kalimantan Timur,-0.4948,117.1436,0.31,0.308,0.35,27.9
2024-09-22,Samarinda,Kalimantan Timur,-0.4948,117.1436,0.305,0.306,0.348,28.5
2024-09-23,Samarinda,Kalimantan Timur,-0.4948,117.1436,0.286,0.302,0.349,28.7
2024-09-24,Samarinda,Kalimantan Timur,-0.4948,117.1436,0.325,0.302,0.349,28.2
2024-09-25,Samarinda,Kalimantan Timur,-0.4948,117.1436,0.375,0.315,0.345,26.9
2024-09-26,Samarinda,Kalimantan Timur,-0.4948,117.1436,0.349,0.322,0.345,27.3
2024-09-27,Samarinda,Kalimantan Timur,-0.4948,117.1436,0.39,0.35,0.345,26.6
2024-09-28,Samarinda,Kalimantan Timur,-0.4948,117.1436,0.365,0.363,0.343,27.6
2024-09-29,Samarinda,Kalimantan Timur,-0.4948,117.1436,0.371,0.358,0.34,27.4
2024-09-30,Samarinda,Kalimantan Timur,-0.4948,117.1436,0.387,0.366,0.34,26.4
2024-10-01,Samarinda,Kalimantan Timur,-0.4948,117.1436,0.369,0.362,0.338,27.4
2024-10-02,Samarinda,Kalimantan Timur,-0.4948,117.1436,0.402,0.385,0.339,26.2
2024-10-03,Samarinda,Kalimantan Timur,-0.4948,117.1436,0.421,0.413,0.346,25.9
2024-10-04,Samarinda,Kalimantan Timur,-0.4948,117.1436,0.407,0.402,0.352,26.5
2024-10-05,Samarinda,Kalimantan Timur,-0.4948,117.1436,0.385,0.389,0.354,27.1
2024-10-06,Samarinda,Kalimantan Timur,-0.4948,117.1436,0.394,0.386,0.355,26.5
2024-10-07,Samarinda,Kalimantan Timur,-0.4948,117.1436,0.41,0.402,0.357,26.2
2024-10-08,Samarinda,Kalimantan Timur,-0.4948,117.1436,0.396,0.396,0.36,26.8
2024-10-09,Samarinda,Kalimantan Timur,-0.4948,117.1436,0.407,0.398,0.361,27.3
2024-10-10,Samarinda,Kalimantan Timur,-0.4948,117.1436,0.408,0.403,0.364,26.9
2024-10-11,Samarinda,Kalimantan Timur,-0.4948,117.1436,0.407,0.407,0.37,27.1
2024-10-12,Samarinda,Kalimantan Timur,-0.4948,117.1436,0.401,0.401,0.375,27.7
2024-10-13,Samarinda,Kalimantan Timur,-0.4948,117.1436,0.408,0.403,0.375,26.7
2024-10-14,Samarinda,Kalimantan Timur,-0.4948,117.1436,0.423,0.421,0.383,26.2
2024-10-15,Samarinda,Kalimantan Timur,-0.4948,117.1436,0.407,0.406,0.39,26.8
2024-10-16,Samarinda,Kalimantan Timur,-0.4948,117.1436,0.405,0.401,0.391,26.7
2024-10-17,Samarinda,Kalimantan Timur,-0.4948,117.1436,0.423,0.422,0.395,25.5
2024-10-18,Samarinda,Kalimantan Timur,-0.4948,117.1436,0.405,0.409,0.4,26.1
2024-10-19,Samarinda,Kalimantan Timur,-0.4948,117.1436,0.407,0.407,0.401,26.4
2024-10-20,Samarinda,Kalimantan Timur,-0.4948,117.1436,0.391,0.399,0.399,27.4
2024-10-21,Samarinda,Kalimantan Timur,-0.4948,117.1436,0.414,0.411,0.398,26.0
2024-10-22,Samarinda,Kalimantan Timur,-0.4948,117.1436,0.398,0.405,0.399,27.0
2024-10-23,Samarinda,Kalimantan Timur,-0.4948,117.1436,0.383,0.391,0.396,27.6
2024-10-24,Samarinda,Kalimantan Timur,-0.4948,117.1436,0.372,0.38,0.394,27.9
2024-10-25,Samarinda,Kalimantan Timur,-0.4948,117.1436,0.362,0.371,0.392,28.1
2024-10-26,Samarinda,Kalimantan Timur,-0.4948,117.1436,0.347,0.361,0.388,27.9
2024-10-27,Samarinda,Kalimantan Timur,-0.4948,117.1436,0.341,0.354,0.386,27.9
2024-10-28,Samarinda,Kalimantan Timur,-0.4948,117.1436,0.329,0.345,0.381,28.2
2024-10-29,Samarinda,Kalimantan Timur,-0.4948,117.1436,0.358,0.346,0.377,27.7
2024-10-30,Samarinda,Kalimantan Timur,-0.4948,117.1436,0.35,0.348,0.377,28.2
2024-10-31,Samarinda,Kalimantan Timur,-0.4948,117.1436,0.35,0.345,0.374,27.5
2024-11-01,Samarinda,Kalimantan Timur,-0.4948,117.1436,0.353,0.343,0.368,27.0
2024-11-02,Samarinda,Kalimantan Timur,-0.4948,117.1436,0.363,0.344,0.367,27.2
2024-11-03,Samarinda,Kalimantan Timur,-0.4948,117.1436,0.38,0.355,0.362,26.7
2024-11-04,Samarinda,Kalimantan Timur,-0.4948,117.1436,0.406,0.393,0.363,26.1
2024-11-05,Samarinda,Kalimantan Timur,-0.4948,117.1436,0.409,0.407,0.368,26.8
2024-11-06,Samarinda,Kalimantan Timur,-0.4948,117.1436,0.388,0.39,0.369,27.4
2024-11-07,Samarinda,Kalimantan Timur,-0.4948,117.1436,0.407,0.4,0.371,27.0
2024-11-08,Samarinda,Kalimantan Timur,-0.4948,117.1436,0.389,0.393,0.372,27.8
2024-11-09,Samarinda,Kalimantan Timur,-0.4948,117.1436,0.413,0.409,0.374,26.7
2024-11-10,Samarinda,Kalimantan Timur,-0.4948,117.1436,0.416,0.415,0.379,26.3
2024-11-11,Samarinda,Kalimantan Timur,-0.4948,117.1436,0.414,0.412,0.382,26.6
2024-11-12,Samarinda,Kalimantan Timur,-0.4948,117.1436,0.404,0.397,0.354,27.0
2024-11-13,Samarinda,Kalimantan Timur,-0.4948,117.1436,0.342,0.319,0.198,28.5
2024-11-14,Samarinda,Kalimantan Timur,-0.4948,117.1436,0.356,0.306,0.191,27.7
2024-11-15,Samarinda,Kalimantan Timur,-0.4948,117.1436,0.33,0.304,0.192,28.3
2024-11-16,Samarinda,Kalimantan Timur,-0.4948,117.1436,0.344,0.299,0.2,27.9
2024-11-17,Samarinda,Kalimantan Timur,-0.4948,117.1436,0.393,0.34,0.201,27.6
2024-11-18,Samarinda,Kalimantan Timur,-0.4948,117.1436,0.406,0.377,0.205,27.5
2024-11-19,Samarinda,Kalimantan Timur,-0.4948,117.1436,0.409,0.392,0.21,26.9
2024-11-20,Samarinda,Kalimantan Timur,-0.4948,117.1436,0.403,0.385,0.216,27.1
2024-11-21,Samarinda,Kalimantan Timur,-0.4948,117.1436,0.37,0.368,0.222,28.2
2024-11-22,Samarinda,Kalimantan Timur,-0.4948,117.1436,0.375,0.36,0.226,27.8
2024-11-23,Samarinda,Kalimantan Timur,-0.4948,117.1436,0.4,0.376,0.231,27.8
2024-11-24,Samarinda,Kalimantan Timur,-0.4948,117.1436,0.383,0.361,0.236,27.9
2024-11-25,Samarinda,Kalimantan Timur,-0.4948,117.1436,0.388,0.356,0.239,27.2
2024-11-26,Samarinda,Kalimantan Timur,-0.4948,117.1436,0.399,0.379,0.244,27.4
2024-11-27,Samarinda,Kalimantan Timur,-0.4948,117.1436,0.383,0.376,0.252,28.1
2024-11-28,Samarinda,Kalimantan Timur,-0.4948,117.1436,0.381,0.363,0.257,27.7
2024-11-29,Samarinda,Kalimantan Timur,-0.4948,117.1436,0.359,0.34,0.259,28.0
2024-11-30,Samarinda,Kalimantan Timur,-0.4948,117.1436,0.37,0.331,0.258,27.1
2024-12-01,Samarinda,Kalimantan Timur,-0.4948,117.1436,0.346,0.316,0.248,26.9
2024-12-02,Samarinda,Kalimantan Timur,-0.4948,117.1436,0.33,0.306,0.242,28.0
2024-12-03,Samarinda,Kalimantan Timur,-0.4948,117.1436,0.39,0.327,0.228,27.3
2024-12-04,Samarinda,Kalimantan Timur,-0.4948,117.1436,0.36,0.335,0.226,27.8
2024-12-05,Samarinda,Kalimantan Timur,-0.4948,117.1436,0.367,0.331,0.225,27.0
2024-12-06,Samarinda,Kalimantan Timur,-0.4948,117.1436,0.356,0.336,0.226,27.7
2024-12-07,Samarinda,Kalimantan Timur,-0.4948,117.1436,0.373,0.374,0.231,27.8
2024-12-08,Samarinda,Kalimantan Timur,-0.4948,117.1436,0.367,0.354,0.224,27.9
2024-12-09,Samarinda,Kalimantan Timur,-0.4948,117.1436,0.352,0.335,0.205,28.3
2024-12-10,Samarinda,Kalimantan Timur,-0.4948,117.1436,0.378,0.344,0.2,27.9
2024-12-11,Samarinda,Kalimantan Timur,-0.4948,117.1436,0.388,0.354,0.19,27.8
2024-12-12,Samarinda,Kalimantan Timur,-0.4948,117.1436,0.375,0.36,0.195,27.2
2024-12-13,Samarinda,Kalimantan Timur,-0.4948,117.1436,0.376,0.353,0.199,27.5
2024-12-14,Samarinda,Kalimantan Timur,-0.4948,117.1436,0.358,0.34,0.2,27.9
2024-12-15,Samarinda,Kalimantan Timur,-0.4948,117.1436,0.35,0.338,0.205,27.7
2024-12-16,Samarinda,Kalimantan Timur,-0.4948,117.1436,0.333,0.328,0.21,27.9
2024-12-17,Samarinda,Kalimantan Timur,-0.4948,117.1436,0.331,0.331,0.217,28.3
2024-12-18,Samarinda,Kalimantan Timur,-0.4948,117.1436,0.282,0.313,0.217,28.8
2024-12-19,Samarinda,Kalimantan Timur,-0.4948,117.1436,0.281,0.299,0.218,28.1
2024-12-20,Samarinda,Kalimantan Timur,-0.4948,117.1436,0.305,0.286,0.211,28.2
2024-12-21,Samarinda,Kalimantan Timur,-0.4948,117.1436,0.356,0.286,0.206,27.8
2024-12-22,Samarinda,Kalimantan Timur,-0.4948,117.1436,0.376,0.3,0.204,27.4
2024-12-23,Samarinda,Kalimantan Timur,-0.4948,117.1436,0.354,0.315,0.203,27.8
2024-12-24,Samarinda,Kalimantan Timur,-0.4948,117.1436,0.353,0.308,0.195,27.6
2024-12-25,Samarinda,Kalimantan Timur,-0.4948,117.1436,0.358,0.331,0.19,27.4
2024-12-26,Samarinda,Kalimantan Timur,-0.4948,117.1436,0.313,0.317,0.189,27.5
2024-12-27,Samarinda,Kalimantan Timur,-0.4948,117.1436,0.307,0.305,0.193,27.6
2024-12-28,Samarinda,Kalimantan Timur,-0.4948,117.1436,0.297,0.297,0.198,28.2
2024-12-29,Samarinda,Kalimantan Timur,-0.4948,117.1436,0.363,0.304,0.196,27.6
2024-12-30,Samarinda,Kalimantan Timur,-0.4948,117.1436,0.352,0.324,0.195,28.0
2024-12-31,Samarinda,Kalimantan Timur,-0.4948,117.1436,0.325,0.314,0.199,28.0
2025-01-01,Samarinda,Kalimantan Timur,-0.4948,117.1436,0.307,0.296,0.197,28.4
2025-01-02,Samarinda,Kalimantan Timur,-0.4948,117.1436,0.315,0.289,0.198,27.4
2025-01-03,Samarinda,Kalimantan Timur,-0.4948,117.1436,0.341,0.299,0.193,27.6
2025-01-04,Samarinda,Kalimantan Timur,-0.4948,117.1436,0.407,0.385,0.202,26.3
2025-01-05,Samarinda,Kalimantan Timur,-0.4948,117.1436,0.386,0.375,0.209,27.3
2025-01-06,Samarinda,Kalimantan Timur,-0.4948,117.1436,0.386,0.377,0.217,28.0
2025-01-07,Samarinda,Kalimantan Timur,-0.4948,117.1436,0.384,0.371,0.225,27.8
2025-01-08,Samarinda,Kalimantan Timur,-0.4948,117.1436,0.398,0.38,0.231,27.1
2025-01-09,Samarinda,Kalimantan Timur,-0.4948,117.1436,0.401,0.39,0.241,26.9
2025-01-10,Samarinda,Kalimantan Timur,-0.4948,117.1436,0.385,0.384,0.249,28.2
2025-01-11,Samarinda,Kalimantan Timur,-0.4948,117.1436,0.383,0.372,0.254,28.0
2025-01-12,Samarinda,Kalimantan Timur,-0.4948,117.1436,0.389,0.379,0.254,27.9
2025-01-13,Samarinda,Kalimantan Timur,-0.4948,117.1436,0.385,0.37,0.253,27.3
2025-01-14,Samarinda,Kalimantan Timur,-0.4948,117.1436,0.387,0.373,0.253,26.9
2025-01-15,Samarinda,Kalimantan Timur,-0.4948,117.1436,0.383,0.369,0.255,26.9
2025-01-16,Samarinda,Kalimantan Timur,-0.4948,117.1436,0.359,0.356,0.258,27.3
2025-01-17,Samarinda,Kalimantan Timur,-0.4948,117.1436,0.384,0.359,0.254,27.6
2025-01-18,Samarinda,Kalimantan Timur,-0.4948,117.1436,0.366,0.357,0.247,28.1
2025-01-19,Samarinda,Kalimantan Timur,-0.4948,117.1436,0.381,0.355,0.213,27.8
2025-01-20,Samarinda,Kalimantan Timur,-0.4948,117.1436,0.4,0.377,0.208,27.1
2025-01-21,Samarinda,Kalimantan Timur,-0.4948,117.1436,0.408,0.386,0.216,27.0
2025-01-22,Samarinda,Kalimantan Timur,-0.4948,117.1436,0.404,0.387,0.224,26.7
2025-01-23,Samarinda,Kalimantan Timur,-0.4948,117.1436,0.419,0.404,0.236,26.5
2025-01-24,Samarinda,Kalimantan Timur,-0.4948,117.1436,0.405,0.4,0.252,26.4
2025-01-25,Samarinda,Kalimantan Timur,-0.4948,117.1436,0.4,0.388,0.259,27.4
2025-01-26,Samarinda,Kalimantan Timur,-0.4948,117.1436,0.426,0.422,0.279,25.1
2025-01-27,Samarinda,Kalimantan Timur,-0.4948,117.1436,0.405,0.4,0.294,26.7
2025-01-28,Samarinda,Kalimantan Timur,-0.4948,117.1436,0.417,0.411,0.306,26.6
2025-01-29,Samarinda,Kalimantan Timur,-0.4948,117.1436,0.42,0.406,0.318,25.5
2025-01-30,Samarinda,Kalimantan Timur,-0.4948,117.1436,0.393,0.384,0.323,26.4
2025-01-31,Samarinda,Kalimantan Timur,-0.4948,117.1436,0.378,0.37,0.325,27.3
2025-02-01,Samarinda,Kalimantan Timur,-0.4948,117.1436,0.407,0.391,0.328,27.0
2025-02-02,Samarinda,Kalimantan Timur,-0.4948,117.1436,0.379,0.384,0.331,28.0
2025-02-03,Samarinda,Kalimantan Timur,-0.4948,117.1436,0.371,0.364,0.331,27.9
2025-02-04,Samarinda,Kalimantan Timur,-0.4948,117.1436,0.393,0.375,0.321,27.3
2025-02-05,Samarinda,Kalimantan Timur,-0.4948,117.1436,0.363,0.366,0.319,28.3
2025-02-06,Samarinda,Kalimantan Timur,-0.4948,117.1436,0.406,0.386,0.316,27.0
2025-02-07,Samarinda,Kalimantan Timur,-0.4948,117.1436,0.399,0.389,0.32,27.2
2025-02-08,Samarinda,Kalimantan Timur,-0.4948,117.1436,0.394,0.391,0.323,27.5
2025-02-09,Samarinda,Kalimantan Timur,-0.4948,117.1436,0.398,0.385,0.326,26.8
2025-02-10,Samarinda,Kalimantan Timur,-0.4948,117.1436,0.381,0.379,0.327,27.7
2025-02-11,Samarinda,Kalimantan Timur,-0.4948,117.1436,0.371,0.366,0.333,27.7
2025-02-12,Samarinda,Kalimantan Timur,-0.4948,117.1436,0.363,0.358,0.333,27.5
2025-02-13,Samarinda,Kalimantan Timur,-0.4948,117.1436,0.33,0.345,0.338,27.6
2025-02-14,Samarinda,Kalimantan Timur,-0.4948,117.1436,0.318,0.333,0.336,28.0
2025-02-15,Samarinda,Kalimantan Timur,-0.4948,117.1436,0.302,0.321,0.336,28.3
2025-02-16,Samarinda,Kalimantan Timur,-0.4948,117.1436,0.296,0.309,0.34,28.2
2025-02-17,Samarinda,Kalimantan Timur,-0.4948,117.1436,0.36,0.315,0.334,27.4
2025-02-18,Samarinda,Kalimantan Timur,-0.4948,117.1436,0.412,0.388,0.344,26.3
2025-02-19,Samarinda,Kalimantan Timur,-0.4948,117.1436,0.4,0.405,0.359,27.5
2025-02-20,Samarinda,Kalimantan Timur,-0.4948,117.1436,0.411,0.408,0.367,26.4
2025-02-21,Samarinda,Kalimantan Timur,-0.4948,117.1436,0.392,0.396,0.371,27.8
2025-02-22,Samarinda,Kalimantan Timur,-0.4948,117.1436,0.408,0.401,0.368,27.4
2025-02-23,Samarinda,Kalimantan Timur,-0.4948,117.1436,0.398,0.393,0.362,26.6
2025-02-24,Samarinda,Kalimantan Timur,-0.4948,117.1436,0.393,0.386,0.359,26.8
2025-02-25,Samarinda,Kalimantan Timur,-0.4948,117.1436,0.354,0.371,0.353,27.7
2025-02-26,Samarinda,Kalimantan Timur,-0.4948,117.1436,0.332,0.338,0.335,27.8
2025-02-27,Samarinda,Kalimantan Timur,-0.4948,117.1436,0.369,0.354,0.334,27.2
2025-02-28,Samarinda,Kalimantan Timur,-0.4948,117.1436,0.357,0.356,0.33,28.1
2025-03-01,Samarinda,Kalimantan Timur,-0.4948,117.1436,0.397,0.384,0.324,27.2
2025-03-02,Samarinda,Kalimantan Timur,-0.4948,117.1436,0.376,0.379,0.322,27.6
2025-03-03,Samarinda,Kalimantan Timur,-0.4948,117.1436,0.362,0.356,0.315,28.0
2025-03-04,Samarinda,Kalimantan Timur,-0.4948,117.1436,0.384,0.366,0.316,27.7
2025-03-05,Samarinda,Kalimantan Timur,-0.4948,117.1436,0.4,0.393,0.317,27.2
2025-03-06,Samarinda,Kalimantan Timur,-0.4948,117.1436,0.383,0.373,0.315,28.2
2025-03-07,Samarinda,Kalimantan Timur,-0.4948,117.1436,0.397,0.374,0.315,26.9
2025-03-08,Samarinda,Kalimantan Timur,-0.4948,117.1436,0.409,0.396,0.319,25.8
2025-03-09,Samarinda,Kalimantan Timur,-0.4948,117.1436,0.375,0.381,0.321,27.5
2025-03-10,Samarinda,Kalimantan Timur,-0.4948,117.1436,0.373,0.365,0.32,27.4
2025-03-11,Samarinda,Kalimantan Timur,-0.4948,117.1436,0.399,0.369,0.315,27.4
2025-03-12,Samarinda,Kalimantan Timur,-0.4948,117.1436,0.39,0.376,0.316,27.7
2025-03-13,Samarinda,Kalimantan Timur,-0.4948,117.1436,0.398,0.383,0.318,27.4
2025-03-14,Samarinda,Kalimantan Timur,-0.4948,117.1436,0.365,0.375,0.315,28.3
2025-03-15,Samarinda,Kalimantan Timur,-0.4948,117.1436,0.371,0.362,0.306,27.9
2025-03-16,Samarinda,Kalimantan Timur,-0.4948,117.1436,0.42,0.406,0.308,26.4
2025-03-17,Samarinda,Kalimantan Timur,-0.4948,117.1436,0.42,0.417,0.322,25.9
2025-03-18,Samarinda,Kalimantan Timur,-0.4948,117.1436,0.381,0.391,0.331,27.6
2025-03-19,Samarinda,Kalimantan Timur,-0.4948,117.1436,0.413,0.397,0.338,27.6
2025-03-20,Samarinda,Kalimantan Timur,-0.4948,117.1436,0.42,0.405,0.343,25.8
2025-03-21,Samarinda,Kalimantan Timur,-0.4948,117.1436,0.399,0.399,0.348,26.8
2025-03-22,Samarinda,Kalimantan Timur,-0.4948,117.1436,0.399,0.388,0.35,26.9
2025-03-23,Samarinda,Kalimantan Timur,-0.4948,117.1436,0.409,0.405,0.354,27.2
2025-03-24,Samarinda,Kalimantan Timur,-0.4948,117.1436,0.398,0.403,0.361,27.8
2025-03-25,Samarinda,Kalimantan Timur,-0.4948,117.1436,0.396,0.391,0.365,27.6
2025-03-26,Samarinda,Kalimantan Timur,-0.4948,117.1436,0.398,0.39,0.366,28.5
2025-03-27,Samarinda,Kalimantan Timur,-0.4948,117.1436,0.404,0.396,0.363,28.5
2025-03-28,Samarinda,Kalimantan Timur,-0.4948,117.1436,0.38,0.382,0.36,28.5
2025-03-29,Samarinda,Kalimantan Timur,-0.4948,117.1436,0.395,0.389,0.363,27.7
2025-03-30,Samarinda,Kalimantan Timur,-0.4948,117.1436,0.412,0.414,0.372,27.5
2025-03-31,Samarinda,Kalimantan Timur,-0.4948,117.1436,0.405,0.404,0.375,28.1
2025-04-01,Samarinda,Kalimantan Timur,-0.4948,117.1436,0.418,0.418,0.385,26.1
2025-04-02,Samarinda,Kalimantan Timur,-0.4948,117.1436,0.41,0.41,0.395,27.2
2025-04-03,Samarinda,Kalimantan Timur,-0.4948,117.1436,0.403,0.399,0.396,27.5
2025-04-04,Samarinda,Kalimantan Timur,-0.4948,117.1436,0.408,0.411,0.399,26.8
2025-04-05,Samarinda,Kalimantan Timur,-0.4948,117.1436,0.386,0.397,0.399,27.9
2025-04-06,Samarinda,Kalimantan Timur,-0.4948,117.1436,0.42,0.415,0.397,26.6
2025-04-07,Samarinda,Kalimantan Timur,-0.4948,117.1436,0.403,0.408,0.398,27.7
2025-04-08,Samarinda,Kalimantan Timur,-0.4948,117.1436,0.384,0.389,0.397,28.0
2025-04-09,Samarinda,Kalimantan Timur,-0.4948,117.1436,0.419,0.416,0.399,27.0
2025-04-10,Samarinda,Kalimantan Timur,-0.4948,117.1436,0.42,0.421,0.407,27.3
2025-04-11,Samarinda,Kalimantan Timur,-0.4948,117.1436,0.427,0.426,0.41,26.4
2025-04-12,Samarinda,Kalimantan Timur,-0.4948,117.1436,0.413,0.416,0.411,27.9
2025-04-13,Samarinda,Kalimantan Timur,-0.4948,117.1436,0.423,0.422,0.412,27.4
2025-04-14,Samarinda,Kalimantan Timur,-0.4948,117.1436,0.422,0.423,0.414,27.1
2025-04-15,Samarinda,Kalimantan Timur,-0.4948,117.1436,0.421,0.421,0.415,26.6
2025-04-16,Samarinda,Kalimantan Timur,-0.4948,117.1436,0.4,0.401,0.412,28.1
2025-04-17,Samarinda,Kalimantan Timur,-0.4948,117.1436,0.407,0.401,0.408,27.5
2025-04-18,Samarinda,Kalimantan Timur,-0.4948,117.1436,0.416,0.418,0.409,27.1
2025-04-19,Samarinda,Kalimantan Timur,-0.4948,117.1436,0.404,0.407,0.408,27.9
2025-04-20,Samarinda,Kalimantan Timur,-0.4948,117.1436,0.375,0.389,0.405,28.7
2025-04-21,Samarinda,Kalimantan Timur,-0.4948,117.1436,0.393,0.384,0.401,27.7
2025-04-22,Samarinda,Kalimantan Timur,-0.4948,117.1436,0.388,0.38,0.4,27.5
2025-04-23,Samarinda,Kalimantan Timur,-0.4948,117.1436,0.394,0.379,0.398,27.5
2025-04-24,Samarinda,Kalimantan Timur,-0.4948,117.1436,0.418,0.411,0.391,26.8
2025-04-25,Samarinda,Kalimantan Timur,-0.4948,117.1436,0.415,0.417,0.39,26.9
2025-04-26,Samarinda,Kalimantan Timur,-0.4948,117.1436,0.408,0.411,0.393,27.2
2025-04-27,Samarinda,Kalimantan Timur,-0.4948,117.1436,0.381,0.39,0.394,27.8
2025-04-28,Samarinda,Kalimantan Timur,-0.4948,117.1436,0.401,0.397,0.391,27.4
2025-04-29,Samarinda,Kalimantan Timur,-0.4948,117.1436,0.415,0.412,0.386,26.5
2025-04-30,Samarinda,Kalimantan Timur,-0.4948,117.1436,0.409,0.41,0.393,26.8
2025-05-01,Samarinda,Kalimantan Timur,-0.4948,117.1436,0.394,0.394,0.394,27.5
2025-05-02,Samarinda,Kalimantan Timur,-0.4948,117.1436,0.416,0.409,0.395,26.5
2025-05-03,Samarinda,Kalimantan Timur,-0.4948,117.1436,0.401,0.404,0.397,27.8
2025-05-04,Samarinda,Kalimantan Timur,-0.4948,117.1436,0.375,0.391,0.396,28.6
2025-05-05,Samarinda,Kalimantan Timur,-0.4948,117.1436,0.408,0.408,0.396,27.9
2025-05-06,Samarinda,Kalimantan Timur,-0.4948,117.1436,0.401,0.401,0.399,28.1
2025-05-07,Samarinda,Kalimantan Timur,-0.4948,117.1436,0.404,0.409,0.398,28.0
2025-05-08,Samarinda,Kalimantan Timur,-0.4948,117.1436,0.379,0.391,0.392,28.6
2025-05-09,Samarinda,Kalimantan Timur,-0.4948,117.1436,0.4,0.391,0.382,28.2
2025-05-10,Samarinda,Kalimantan Timur,-0.4948,117.1436,0.385,0.379,0.372,27.5
2025-05-11,Samarinda,Kalimantan Timur,-0.4948,117.1436,0.363,0.361,0.371,28.3
2025-05-12,Samarinda,Kalimantan Timur,-0.4948,117.1436,0.418,0.41,0.371,26.3
2025-05-13,Samarinda,Kalimantan Timur,-0.4948,117.1436,0.389,0.394,0.366,28.2
2025-05-14,Samarinda,Kalimantan Timur,-0.4948,117.1436,0.408,0.395,0.365,27.4
2025-05-15,Samarinda,Kalimantan Timur,-0.4948,117.1436,0.399,0.397,0.364,27.9
2025-05-16,Samarinda,Kalimantan Timur,-0.4948,117.1436,0.401,0.402,0.364,27.8
2025-05-17,Samarinda,Kalimantan Timur,-0.4948,117.1436,0.419,0.417,0.37,27.1
2025-05-18,Samarinda,Kalimantan Timur,-0.4948,117.1436,0.411,0.414,0.383,27.7
2025-05-19,Samarinda,Kalimantan Timur,-0.4948,117.1436,0.39,0.398,0.386,27.9
2025-05-20,Samarinda,Kalimantan Timur,-0.4948,117.1436,0.417,0.414,0.39,26.7
2025-05-21,Samarinda,Kalimantan Timur,-0.4948,117.1436,0.416,0.415,0.395,27.1
2025-05-22,Samarinda,Kalimantan Timur,-0.4948,117.1436,0.404,0.404,0.395,28.1
2025-05-23,Samarinda,Kalimantan Timur,-0.4948,117.1436,0.392,0.397,0.395,27.3
2025-05-24,Samarinda,Kalimantan Timur,-0.4948,117.1436,0.401,0.401,0.394,27.9
2025-05-25,Samarinda,Kalimantan Timur,-0.4948,117.1436,0.393,0.403,0.395,28.4
2025-05-26,Samarinda,Kalimantan Timur,-0.4948,117.1436,0.376,0.388,0.394,28.9
2025-05-27,Samarinda,Kalimantan Timur,-0.4948,117.1436,0.425,0.422,0.398,26.0
2025-05-28,Samarinda,Kalimantan Timur,-0.4948,117.1436,0.406,0.414,0.405,27.6
2025-05-29,Samarinda,Kalimantan Timur,-0.4948,117.1436,0.403,0.406,0.405,28.0
2025-05-30,Samarinda,Kalimantan Timur,-0.4948,117.1436,0.409,0.409,0.404,28.3
2025-05-31,Samarinda,Kalimantan Timur,-0.4948,117.1436,0.42,0.42,0.405,27.1
2025-06-01,Samarinda,Kalimantan Timur,-0.4948,117.1436,0.422,0.422,0.409,25.9
2025-06-02,Samarinda,Kalimantan Timur,-0.4948,117.1436,0.41,0.411,0.409,25.6
2025-06-03,Samarinda,Kalimantan Timur,-0.4948,117.1436,0.408,0.409,0.407,26.7
2025-06-04,Samarinda,Kalimantan Timur,-0.4948,117.1436,0.396,0.404,0.406,27.8
2025-06-05,Samarinda,Kalimantan Timur,-0.4948,117.1436,0.396,0.398,0.404,27.8
2025-06-06,Samarinda,Kalimantan Timur,-0.4948,117.1436,0.381,0.394,0.401,28.1
2025-06-07,Samarinda,Kalimantan Timur,-0.4948,117.1436,0.396,0.393,0.4,27.1
2025-06-08,Samarinda,Kalimantan Timur,-0.4948,117.1436,0.393,0.395,0.398,27.4
2025-06-09,Samarinda,Kalimantan Timur,-0.4948,117.1436,0.385,0.4,0.398,27.8
2025-06-10,Samarinda,Kalimantan Timur,-0.4948,117.1436,0.388,0.389,0.397,27.6
2025-06-11,Samarinda,Kalimantan Timur,-0.4948,117.1436,0.387,0.386,0.396,27.2
2025-06-12,Samarinda,Kalimantan Timur,-0.4948,117.1436,0.392,0.396,0.395,27.4
2025-06-13,Samarinda,Kalimantan Timur,-0.4948,117.1436,0.376,0.384,0.393,28.1
2025-06-14,Samarinda,Kalimantan Timur,-0.4948,117.1436,0.344,0.362,0.392,27.4
2025-06-15,Samarinda,Kalimantan Timur,-0.4948,117.1436,0.336,0.357,0.391,27.9
2025-06-16,Samarinda,Kalimantan Timur,-0.4948,117.1436,0.34,0.35,0.391,28.0
2025-06-17,Samarinda,Kalimantan Timur,-0.4948,117.1436,0.314,0.34,0.391,28.3
2025-06-18,Samarinda,Kalimantan Timur,-0.4948,117.1436,0.368,0.352,0.39,27.2
2025-06-19,Samarinda,Kalimantan Timur,-0.4948,117.1436,0.407,0.391,0.388,26.4
2025-06-20,Samarinda,Kalimantan Timur,-0.4948,117.1436,0.418,0.416,0.392,25.6
2025-06-21,Samarinda,Kalimantan Timur,-0.4948,117.1436,0.41,0.414,0.399,26.9
2025-06-22,Samarinda,Kalimantan Timur,-0.4948,117.1436,0.41,0.414,0.402,26.8
2025-06-23,Samarinda,Kalimantan Timur,-0.4948,117.1436,0.402,0.406,0.402,27.2
2025-06-24,Samarinda,Kalimantan Timur,-0.4948,117.1436,0.407,0.404,0.401,27.3
2025-06-25,Samarinda,Kalimantan Timur,-0.4948,117.1436,0.405,0.41,0.401,27.3
2025-06-26,Samarinda,Kalimantan Timur,-0.4948,117.1436,0.404,0.41,0.402,27.0
2025-06-27,Samarinda,Kalimantan Timur,-0.4948,117.1436,0.406,0.411,0.403,27.4
2025-06-28,Samarinda,Kalimantan Timur,-0.4948,117.1436,0.413,0.415,0.404,27.2
2025-06-29,Samarinda,Kalimantan Timur,-0.4948,117.1436,0.392,0.404,0.403,27.4
2025-06-30,Samarinda,Kalimantan Timur,-0.4948,117.1436,0.41,0.414,0.404,26.7
2025-07-01,Samarinda,Kalimantan Timur,-0.4948,117.1436,0.401,0.411,0.408,27.6
2025-07-02,Samarinda,Kalimantan Timur,-0.4948,117.1436,0.406,0.407,0.407,27.4
2025-07-03,Samarinda,Kalimantan Timur,-0.4948,117.1436,0.396,0.406,0.406,27.9
2025-07-04,Samarinda,Kalimantan Timur,-0.4948,117.1436,0.413,0.412,0.404,27.4
2025-07-05,Samarinda,Kalimantan Timur,-0.4948,117.1436,0.417,0.417,0.405,26.6
2025-07-06,Samarinda,Kalimantan Timur,-0.4948,117.1436,0.412,0.414,0.408,27.4
2025-07-07,Samarinda,Kalimantan Timur,-0.4948,117.1436,0.421,0.421,0.409,25.9
2025-07-08,Samarinda,Kalimantan Timur,-0.4948,117.1436,0.408,0.415,0.41,26.8
2025-07-09,Samarinda,Kalimantan Timur,-0.4948,117.1436,0.393,0.402,0.409,27.2
2025-07-10,Samarinda,Kalimantan Timur,-0.4948,117.1436,0.406,0.407,0.407,26.3
2025-07-11,Samarinda,Kalimantan Timur,-0.4948,117.1436,0.393,0.396,0.404,26.9
2025-07-12,Samarinda,Kalimantan Timur,-0.4948,117.1436,0.383,0.388,0.402,27.5
2025-07-13,Samarinda,Kalimantan Timur,-0.4948,117.1436,0.384,0.393,0.401,27.9
2025-07-14,Samarinda,Kalimantan Timur,-0.4948,117.1436,0.39,0.387,0.399,27.2
2025-07-15,Samarinda,Kalimantan Timur,-0.4948,117.1436,0.397,0.388,0.398,25.8
2025-07-16,Samarinda,Kalimantan Timur,-0.4948,117.1436,0.403,0.399,0.398,26.7
2025-07-17,Samarinda,Kalimantan Timur,-0.4948,117.1436,0.406,0.399,0.397,25.7
2025-07-18,Samarinda,Kalimantan Timur,-0.4948,117.1436,0.395,0.4,0.397,26.5
2025-07-19,Samarinda,Kalimantan Timur,-0.4948,117.1436,0.375,0.389,0.396,26.6
2025-07-20,Samarinda,Kalimantan Timur,-0.4948,117.1436,0.353,0.377,0.395,26.9
2025-07-21,Samarinda,Kalimantan Timur,-0.4948,117.1436,0.337,0.367,0.393,27.3
2025-07-22,Samarinda,Kalimantan Timur,-0.4948,117.1436,0.33,0.361,0.393,27.6
2025-07-23,Samarinda,Kalimantan Timur,-0.4948,117.1436,0.323,0.354,0.392,28.0
2025-07-24,Samarinda,Kalimantan Timur,-0.4948,117.1436,0.318,0.348,0.39,28.3
2025-07-25,Samarinda,Kalimantan Timur,-0.4948,117.1436,0.346,0.349,0.39,28.3
2025-07-26,Samarinda,Kalimantan Timur,-0.4948,117.1436,0.361,0.354,0.389,28.3
2025-07-27,Samarinda,Kalimantan Timur,-0.4948,117.1436,0.375,0.368,0.387,27.8
2025-07-28,Samarinda,Kalimantan Timur,-0.4948,117.1436,0.353,0.366,0.384,28.0
2025-07-29,Samarinda,Kalimantan Timur,-0.4948,117.1436,0.327,0.356,0.382,27.8
2025-07-30,Samarinda,Kalimantan Timur,-0.4948,117.1436,0.329,0.352,0.383,27.9
2025-07-31,Samarinda,Kalimantan Timur,-0.4948,117.1436,0.332,0.348,0.381,28.1
2025-08-01,Samarinda,Kalimantan Timur,-0.4948,117.1436,0.315,0.341,0.377,28.7
2025-08-02,Samarinda,Kalimantan Timur,-0.4948,117.1436,0.339,0.336,0.372,27.9
2025-08-03,Samarinda,Kalimantan Timur,-0.4948,117.1436,0.372,0.345,0.358,27.4
2025-08-04,Samarinda,Kalimantan Timur,-0.4948,117.1436,0.407,0.378,0.347,26.6
2025-08-05,Samarinda,Kalimantan Timur,-0.4948,117.1436,0.388,0.381,0.341,27.1
2025-08-06,Samarinda,Kalimantan Timur,-0.4948,117.1436,0.389,0.381,0.339,26.2
2025-08-07,Samarinda,Kalimantan Timur,-0.4948,117.1436,0.4,0.393,0.341,26.8
2025-08-08,Samarinda,Kalimantan Timur,-0.4948,117.1436,0.399,0.4,0.347,27.0
2025-08-09,Samarinda,Kalimantan Timur,-0.4948,117.1436,0.406,0.401,0.351,26.4
2025-08-10,Samarinda,Kalimantan Timur,-0.4948,117.1436,0.416,0.411,0.355,25.7
2025-08-11,Samarinda,Kalimantan Timur,-0.4948,117.1436,0.392,0.392,0.357,27.0
2025-08-12,Samarinda,Kalimantan Timur,-0.4948,117.1436,0.412,0.403,0.358,26.3
2025-08-13,Samarinda,Kalimantan Timur,-0.4948,117.1436,0.413,0.413,0.368,26.0
2025-08-14,Samarinda,Kalimantan Timur,-0.4948,117.1436,0.41,0.409,0.372,26.0
2025-08-15,Samarinda,Kalimantan Timur,-0.4948,117.1436,0.403,0.406,0.377,26.8
2025-08-16,Samarinda,Kalimantan Timur,-0.4948,117.1436,0.396,0.398,0.377,26.9
2025-08-17,Samarinda,Kalimantan Timur,-0.4948,117.1436,0.413,0.409,0.376,26.7
2025-08-18,Samarinda,Kalimantan Timur,-0.4948,117.1436,0.401,0.408,0.38,26.8
2025-08-19,Samarinda,Kalimantan Timur,-0.4948,117.1436,0.384,0.395,0.379,27.5
2025-08-20,Samarinda,Kalimantan Timur,-0.4948,117.1436,0.419,0.415,0.38,26.1
2025-08-21,Samarinda,Kalimantan Timur,-0.4948,117.1436,0.411,0.413,0.387,25.9
2025-08-22,Samarinda,Kalimantan Timur,-0.4948,117.1436,0.399,0.406,0.391,26.3
2025-08-23,Samarinda,Kalimantan Timur,-0.4948,117.1436,0.399,0.402,0.393,26.2
2025-08-24,Samarinda,Kalimantan Timur,-0.4948,117.1436,0.397,0.403,0.394,26.3
2025-08-25,Samarinda,Kalimantan Timur,-0.4948,117.1436,0.39,0.401,0.394,26.5
2025-08-26,Samarinda,Kalimantan Timur,-0.4948,117.1436,0.386,0.391,0.392,26.5
2025-08-27,Samarinda,Kalimantan Timur,-0.4948,117.1436,0.399,0.4,0.388,26.4
2025-08-28,Samarinda,Kalimantan Timur,-0.4948,117.1436,0.412,0.407,0.389,26.4
2025-08-29,Samarinda,Kalimantan Timur,-0.4948,117.1436,0.402,0.401,0.389,26.9
2025-08-30,Samarinda,Kalimantan Timur,-0.4948,117.1436,0.401,0.405,0.39,26.7
2025-08-31,Samarinda,Kalimantan Timur,-0.4948,117.1436,0.42,0.418,0.393,26.4
2025-09-01,Samarinda,Kalimantan Timur,-0.4948,117.1436,0.411,0.413,0.398,27.0
2025-09-02,Samarinda,Kalimantan Timur,-0.4948,117.1436,0.411,0.412,0.4,27.2
2025-09-03,Samarinda,Kalimantan Timur,-0.4948,117.1436,0.413,0.415,0.402,26.8
2025-09-04,Samarinda,Kalimantan Timur,-0.4948,117.1436,0.41,0.414,0.403,27.3
2025-09-05,Samarinda,Kalimantan Timur,-0.4948,117.1436,0.421,0.419,0.406,26.9
2025-09-06,Samarinda,Kalimantan Timur,-0.4948,117.1436,0.423,0.424,0.413,26.5
2025-09-07,Samarinda,Kalimantan Timur,-0.4948,117.1436,0.42,0.421,0.415,26.3
2025-09-08,Samarinda,Kalimantan Timur,-0.4948,117.1436,0.415,0.418,0.414,26.3
2025-09-09,Samarinda,Kalimantan Timur,-0.4948,117.1436,0.418,0.419,0.412,26.9
2025-09-10,Samarinda,Kalimantan Timur,-0.4948,117.1436,0.415,0.418,0.413,27.0
2025-09-11,Samarinda,Kalimantan Timur,-0.4948,117.1436,0.42,0.422,0.414,26.9
2025-09-12,Samarinda,Kalimantan Timur,-0.4948,117.1436,0.42,0.422,0.415,26.7
2025-09-13,Samarinda,Kalimantan Timur,-0.4948,117.1436,0.414,0.417,0.415,26.5
2025-09-14,Samarinda,Kalimantan Timur,-0.4948,117.1436,0.417,0.42,0.416,27.4
2025-09-15,Samarinda,Kalimantan Timur,-0.4948,117.1436,0.411,0.415,0.414,27.2
2025-09-16,Samarinda,Kalimantan Timur,-0.4948,117.1436,0.421,0.421,0.414,27.1
2025-09-17,Samarinda,Kalimantan Timur,-0.4948,117.1436,0.416,0.418,0.415,26.4
2025-09-18,Samarinda,Kalimantan Timur,-0.4948,117.1436,0.41,0.417,0.416,26.7
2025-09-19,Samarinda,Kalimantan Timur,-0.4948,117.1436,0.393,0.402,0.413,27.8
2025-09-20,Samarinda,Kalimantan Timur,-0.4948,117.1436,0.401,0.402,0.411,27.7
2025-09-21,Samarinda,Kalimantan Timur,-0.4948,117.1436,0.404,0.412,0.411,27.4
2025-09-22,Samarinda,Kalimantan Timur,-0.4948,117.1436,0.381,0.394,0.405,27.6
2025-09-23,Samarinda,Kalimantan Timur,-0.4948,117.1436,0.372,0.383,0.404,27.6
2025-09-24,Samarinda,Kalimantan Timur,-0.4948,117.1436,0.38,0.378,0.402,27.6
2025-09-25,Samarinda,Kalimantan Timur,-0.4948,117.1436,0.378,0.371,0.399,27.7
2025-09-26,Samarinda,Kalimantan Timur,-0.4948,117.1436,0.359,0.365,0.396,27.9
2025-09-27,Samarinda,Kalimantan Timur,-0.4948,117.1436,0.394,0.389,0.392,27.0
2025-09-28,Samarinda,Kalimantan Timur,-0.4948,117.1436,0.397,0.398,0.392,27.6
2025-09-29,Samarinda,Kalimantan Timur,-0.4948,117.1436,0.405,0.406,0.393,27.9
2025-09-30,Samarinda,Kalimantan Timur,-0.4948,117.1436,0.414,0.412,0.395,27.6
2025-10-01,Samarinda,Kalimantan Timur,-0.4948,117.1436,0.407,0.415,0.4,27.6
2025-10-02,Samarinda,Kalimantan Timur,-0.4948,117.1436,0.38,0.399,0.401,28.4
2025-10-03,Samarinda,Kalimantan Timur,-0.4948,117.1436,0.395,0.395,0.4,27.9
2025-10-04,Samarinda,Kalimantan Timur,-0.4948,117.1436,0.421,0.42,0.406,25.9
2025-10-05,Samarinda,Kalimantan Timur,-0.4948,117.1436,0.404,0.413,0.411,26.1
2025-10-06,Samarinda,Kalimantan Timur,-0.4948,117.1436,0.421,0.423,0.413,25.2
2025-10-07,Samarinda,Kalimantan Timur,-0.4948,117.1436,0.409,0.415,0.415,26.4
2025-10-08,Samarinda,Kalimantan Timur,-0.4948,117.1436,0.387,0.398,0.412,27.4
2025-10-09,Samarinda,Kalimantan Timur,-0.4948,117.1436,0.361,0.383,0.409,27.9
2025-10-10,Samarinda,Kalimantan Timur,-0.4948,117.1436,0.343,0.37,0.406,27.9
2025-10-11,Samarinda,Kalimantan Timur,-0.4948,117.1436,0.35,0.365,0.403,28.3
2025-10-12,Samarinda,Kalimantan Timur,-0.4948,117.1436,0.355,0.369,0.402,28.1
2025-10-13,Samarinda,Kalimantan Timur,-0.4948,117.1436,0.405,0.403,0.4,28.1
2025-10-14,Samarinda,Kalimantan Timur,-0.4948,117.1436,0.405,0.405,0.398,27.8
2025-10-15,Samarinda,Kalimantan Timur,-0.4948,117.1436,0.377,0.394,0.396,28.6
2025-10-16,Samarinda,Kalimantan Timur,-0.4948,117.1436,0.353,0.377,0.394,29.0
2025-10-17,Samarinda,Kalimantan Timur,-0.4948,117.1436,0.331,0.358,0.391,29.2
2025-10-18,Samarinda,Kalimantan Timur,-0.4948,117.1436,0.351,0.349,0.39,28.4
2025-10-19,Samarinda,Kalimantan Timur,-0.4948,117.1436,0.37,0.352,0.388,27.6
2025-10-20,Samarinda,Kalimantan Timur,-0.4948,117.1436,0.369,0.363,0.388,28.2
2025-10-21,Samarinda,Kalimantan Timur,-0.4948,117.1436,0.392,0.389,0.385,27.6
2025-10-22,Samarinda,Kalimantan Timur,-0.4948,117.1436,0.411,0.407,0.386,26.9
2025-10-23,Samarinda,Kalimantan Timur,-0.4948,117.1436,0.407,0.411,0.392,27.0
2025-10-24,Samarinda,Kalimantan Timur,-0.4948,117.1436,0.419,0.423,0.406,26.4
2025-10-25,Samarinda,Kalimantan Timur,-0.4948,117.1436,0.416,0.418,0.414,27.2
2025-10-26,Samarinda,Kalimantan Timur,-0.4948,117.1436,0.422,0.422,0.414,25.9
2025-10-27,Samarinda,Kalimantan Timur,-0.4948,117.1436,0.415,0.417,0.415,27.1
2025-10-28,Samarinda,Kalimantan Timur,-0.4948,117.1436,0.414,0.416,0.415,27.9
2025-10-29,Samarinda,Kalimantan Timur,-0.4948,117.1436,0.405,0.408,0.413,27.3
2025-10-30,Samarinda,Kalimantan Timur,-0.4948,117.1436,0.406,0.407,0.412,27.7
2025-10-31,Samarinda,Kalimantan Timur,-0.4948,117.1436,0.408,0.414,0.413,27.2
2025-11-01,Samarinda,Kalimantan Timur,-0.4948,117.1436,0.387,0.403,0.412,28.9
2025-11-02,Samarinda,Kalimantan Timur,-0.4948,117.1436,0.388,0.397,0.408,28.6
2025-11-03,Samarinda,Kalimantan Timur,-0.4948,117.1436,0.379,0.389,0.405,28.7
2025-11-04,Samarinda,Kalimantan Timur,-0.4948,117.1436,0.39,0.387,0.398,27.7
2025-11-05,Samarinda,Kalimantan Timur,-0.4948,117.1436,0.402,0.399,0.397,27.4
2025-11-06,Samarinda,Kalimantan Timur,-0.4948,117.1436,0.406,0.415,0.401,27.4
2025-11-07,Samarinda,Kalimantan Timur,-0.4948,117.1436,0.389,0.401,0.402,28.1
2025-11-08,Samarinda,Kalimantan Timur,-0.4948,117.1436,0.389,0.394,0.4,28.7
2025-11-09,Samarinda,Kalimantan Timur,-0.4948,117.1436,0.418,0.415,0.401,27.2
2025-11-10,Samarinda,Kalimantan Timur,-0.4948,117.1436,0.395,0.408,0.406,28.0
2025-11-11,Samarinda,Kalimantan Timur,-0.4948,117.1436,0.394,0.399,0.404,27.6
2025-11-12,Samarinda,Kalimantan Timur,-0.4948,117.1436,0.408,0.409,0.403,27.6
2025-11-13,Samarinda,Kalimantan Timur,-0.4948,117.1436,0.41,0.418,0.405,27.1
2025-11-14,Samarinda,Kalimantan Timur,-0.4948,117.1436,0.396,0.409,0.407,27.8
2025-11-15,Samarinda,Kalimantan Timur,-0.4948,117.1436,0.369,0.388,0.402,28.4
2025-11-16,Samarinda,Kalimantan Timur,-0.4948,117.1436,0.401,0.4,0.4,27.3
2025-11-17,Samarinda,Kalimantan Timur,-0.4948,117.1436,0.397,0.41,0.4,28.0
2025-11-18,Samarinda,Kalimantan Timur,-0.4948,117.1436,0.394,0.402,0.398,27.8
2025-11-19,Samarinda,Kalimantan Timur,-0.4948,117.1436,0.405,0.408,0.398,27.2
2025-11-20,Samarinda,Kalimantan Timur,-0.4948,117.1436,0.401,0.405,0.398,27.5
2025-11-21,Samarinda,Kalimantan Timur,-0.4948,117.1436,0.391,0.398,0.397,27.7
2025-11-22,Samarinda,Kalimantan Timur,-0.4948,117.1436,0.403,0.405,0.397,27.4
2025-11-23,Samarinda,Kalimantan Timur,-0.4948,117.1436,0.402,0.404,0.398,27.7
2025-11-24,Samarinda,Kalimantan Timur,-0.4948,117.1436,0.416,0.414,0.399,27.6
2025-11-25,Samarinda,Kalimantan Timur,-0.4948,117.1436,0.391,0.404,0.4,27.9
2025-11-26,Samarinda,Kalimantan Timur,-0.4948,117.1436,0.375,0.39,0.399,28.4
2025-11-27,Samarinda,Kalimantan Timur,-0.4948,117.1436,0.371,0.381,0.397,28.6
2025-11-28,Samarinda,Kalimantan Timur,-0.4948,117.1436,0.38,0.374,0.395,28.6
2025-11-29,Samarinda,Kalimantan Timur,-0.4948,117.1436,0.419,0.414,0.398,26.1
2025-11-30,Samarinda,Kalimantan Timur,-0.4948,117.1436,0.406,0.409,0.401,27.5
2025-12-01,Samarinda,Kalimantan Timur,-0.4948,117.1436,0.417,0.417,0.403,27.4
2025-12-02,Samarinda,Kalimantan Timur,-0.4948,117.1436,0.411,0.416,0.406,27.7
2025-12-03,Samarinda,Kalimantan Timur,-0.4948,117.1436,0.406,0.412,0.407,28.0
2025-12-04,Samarinda,Kalimantan Timur,-0.4948,117.1436,0.41,0.416,0.41,27.2
2025-12-05,Samarinda,Kalimantan Timur,-0.4948,117.1436,0.396,0.403,0.408,27.8
2025-12-06,Samarinda,Kalimantan Timur,-0.4948,117.1436,0.387,0.397,0.406,27.2
2025-12-07,Samarinda,Kalimantan Timur,-0.4948,117.1436,0.408,0.405,0.403,27.5
2025-12-08,Samarinda,Kalimantan Timur,-0.4948,117.1436,0.412,0.414,0.405,27.3
2025-12-09,Samarinda,Kalimantan Timur,-0.4948,117.1436,0.414,0.418,0.411,26.5
2025-12-10,Samarinda,Kalimantan Timur,-0.4948,117.1436,0.402,0.41,0.411,27.9
2025-12-11,Samarinda,Kalimantan Timur,-0.4948,117.1436,0.408,0.413,0.409,26.9
2025-12-12,Samarinda,Kalimantan Timur,-0.4948,117.1436,0.405,0.408,0.408,27.2
2025-12-13,Samarinda,Kalimantan Timur,-0.4948,117.1436,0.399,0.407,0.407,27.6
2025-12-14,Samarinda,Kalimantan Timur,-0.4948,117.1436,0.398,0.407,0.406,27.8
2025-12-15,Samarinda,Kalimantan Timur,-0.4948,117.1436,0.411,0.419,0.412,27.0
2025-12-16,Samarinda,Kalimantan Timur,-0.4948,117.1436,0.406,0.409,0.41,27.0
2025-12-17,Samarinda,Kalimantan Timur,-0.4948,117.1436,0.403,0.402,0.407,27.4
2025-12-18,Samarinda,Kalimantan Timur,-0.4948,117.1436,0.413,0.419,0.407,27.0
2025-12-19,Samarinda,Kalimantan Timur,-0.4948,117.1436,0.404,0.41,0.409,27.3
2025-12-20,Samarinda,Kalimantan Timur,-0.4948,117.1436,0.411,0.413,0.408,26.8
2025-12-21,Samarinda,Kalimantan Timur,-0.4948,117.1436,0.416,0.417,0.41,26.9
2025-12-22,Samarinda,Kalimantan Timur,-0.4948,117.1436,0.414,0.42,0.415,27.2
2025-12-23,Samarinda,Kalimantan Timur,-0.4948,117.1436,0.404,0.414,0.416,27.0
2025-12-24,Samarinda,Kalimantan Timur,-0.4948,117.1436,0.413,0.418,0.415,27.4
2025-12-25,Samarinda,Kalimantan Timur,-0.4948,117.1436,0.401,0.408,0.415,28.3
2025-12-26,Samarinda,Kalimantan Timur,-0.4948,117.1436,0.397,0.408,0.413,28.6
2025-12-27,Samarinda,Kalimantan Timur,-0.4948,117.1436,0.414,0.42,0.416,26.7
2025-12-28,Samarinda,Kalimantan Timur,-0.4948,117.1436,0.393,0.407,0.415,28.1
2025-12-29,Samarinda,Kalimantan Timur,-0.4948,117.1436,0.398,0.403,0.412,27.9
2025-12-30,Samarinda,Kalimantan Timur,-0.4948,117.1436,0.418,0.421,0.414,27.5
2025-12-31,Samarinda,Kalimantan Timur,-0.4948,117.1436,0.413,0.415,0.414,27.7
2026-01-01,Samarinda,Kalimantan Timur,-0.4948,117.1436,0.419,0.42,0.416,27.2
2026-01-02,Samarinda,Kalimantan Timur,-0.4948,117.1436,0.409,0.414,0.416,27.6
2026-01-03,Samarinda,Kalimantan Timur,-0.4948,117.1436,0.423,0.423,0.416,26.3
2026-01-04,Samarinda,Kalimantan Timur,-0.4948,117.1436,0.413,0.415,0.417,26.4
2026-01-05,Samarinda,Kalimantan Timur,-0.4948,117.1436,0.418,0.421,0.416,26.5
2026-01-06,Samarinda,Kalimantan Timur,-0.4948,117.1436,0.405,0.412,0.417,26.9
2026-01-07,Samarinda,Kalimantan Timur,-0.4948,117.1436,0.42,0.42,0.417,27.0
2026-01-08,Samarinda,Kalimantan Timur,-0.4948,117.1436,0.416,0.42,0.418,26.6
2026-01-09,Samarinda,Kalimantan Timur,-0.4948,117.1436,0.415,0.417,0.418,27.1
2026-01-10,Samarinda,Kalimantan Timur,-0.4948,117.1436,0.411,0.415,0.417,27.6
2026-01-11,Samarinda,Kalimantan Timur,-0.4948,117.1436,0.418,0.421,0.416,26.0
2026-01-12,Samarinda,Kalimantan Timur,-0.4948,117.1436,0.4,0.41,0.415,26.9
2026-01-13,Samarinda,Kalimantan Timur,-0.4948,117.1436,0.389,0.397,0.413,28.0
2026-01-14,Samarinda,Kalimantan Timur,-0.4948,117.1436,0.385,0.395,0.411,27.6
2026-01-15,Samarinda,Kalimantan Timur,-0.4948,117.1436,0.411,0.412,0.413,27.3
2026-01-16,Samarinda,Kalimantan Timur,-0.4948,117.1436,0.413,0.417,0.413,27.2
2026-01-17,Samarinda,Kalimantan Timur,-0.4948,117.1436,0.387,0.403,0.412,28.6
2026-01-18,Samarinda,Kalimantan Timur,-0.4948,117.1436,0.376,0.39,0.409,28.5
2026-01-19,Samarinda,Kalimantan Timur,-0.4948,117.1436,0.353,0.377,0.406,29.0
2026-01-20,Samarinda,Kalimantan Timur,-0.4948,117.1436,0.341,0.368,0.405,28.3
2026-01-21,Samarinda,Kalimantan Timur,-0.4948,117.1436,0.324,0.36,0.405,28.8
2026-01-22,Samarinda,Kalimantan Timur,-0.4948,117.1436,0.31,0.351,0.401,28.7
2026-01-23,Samarinda,Kalimantan Timur,-0.4948,117.1436,0.307,0.35,0.398,28.5
2026-01-24,Samarinda,Kalimantan Timur,-0.4948,117.1436,0.299,0.348,0.399,28.5
2026-01-25,Samarinda,Kalimantan Timur,-0.4948,117.1436,0.292,0.337,0.396,28.5
2026-01-26,Samarinda,Kalimantan Timur,-0.4948,117.1436,0.299,0.332,0.391,28.5
2026-01-27,Samarinda,Kalimantan Timur,-0.4948,117.1436,0.302,0.324,0.388,28.7
2026-01-28,Samarinda,Kalimantan Timur,-0.4948,117.1436,0.336,0.322,0.386,27.6
2026-01-29,Samarinda,Kalimantan Timur,-0.4948,117.1436,0.356,0.341,0.384,27.9
2026-01-30,Samarinda,Kalimantan Timur,-0.4948,117.1436,0.384,0.376,0.383,27.2
2026-01-31,Samarinda,Kalimantan Timur,-0.4948,117.1436,0.414,0.411,0.384,25.9
2026-02-01,Samarinda,Kalimantan Timur,-0.4948,117.1436,0.387,0.4,0.387,27.8
2026-02-02,Samarinda,Kalimantan Timur,-0.4948,117.1436,0.412,0.413,0.389,26.9
2026-02-03,Samarinda,Kalimantan Timur,-0.4948,117.1436,0.389,0.403,0.392,28.0
2026-02-04,Samarinda,Kalimantan Timur,-0.4948,117.1436,0.411,0.413,0.394,27.4
2026-02-05,Samarinda,Kalimantan Timur,-0.4948,117.1436,0.411,0.415,0.398,27.6
2026-02-06,Samarinda,Kalimantan Timur,-0.4948,117.1436,0.417,0.419,0.403,26.9
2026-02-07,Samarinda,Kalimantan Timur,-0.4948,117.1436,0.421,0.422,0.408,27.0
2026-02-08,Samarinda,Kalimantan Timur,-0.4948,117.1436,0.412,0.417,0.411,27.9
2026-02-09,Samarinda,Kalimantan Timur,-0.4948,117.1436,0.412,0.417,0.414,27.4
2026-02-10,Samarinda,Kalimantan Timur,-0.4948,117.1436,0.408,0.41,0.413,27.0
2026-02-11,Samarinda,Kalimantan Timur,-0.4948,117.1436,0.412,0.419,0.415,27.7
2026-02-12,Samarinda,Kalimantan Timur,-0.4948,117.1436,0.417,0.418,0.415,27.0
2026-02-13,Samarinda,Kalimantan Timur,-0.4948,117.1436,0.415,0.418,0.416,26.7
2026-02-14,Samarinda,Kalimantan Timur,-0.4948,117.1436,0.413,0.419,0.417,27.0
2026-02-15,Samarinda,Kalimantan Timur,-0.4948,117.1436,0.404,0.408,0.416,27.8
2026-02-16,Samarinda,Kalimantan Timur,-0.4948,117.1436,0.401,0.405,0.414,28.2
2026-02-17,Samarinda,Kalimantan Timur,-0.4948,117.1436,0.401,0.411,0.413,28.2
2026-02-18,Samarinda,Kalimantan Timur,-0.4948,117.1436,0.374,0.395,0.409,28.5
2026-02-19,Samarinda,Kalimantan Timur,-0.4948,117.1436,0.383,0.388,0.407,26.5
2026-02-20,Samarinda,Kalimantan Timur,-0.4948,117.1436,0.377,0.38,0.405,27.9
2026-02-21,Samarinda,Kalimantan Timur,-0.4948,117.1436,0.414,0.411,0.409,25.5
2026-02-22,Samarinda,Kalimantan Timur,-0.4948,117.1436,0.4,0.413,0.414,27.4
2026-02-23,Samarinda,Kalimantan Timur,-0.4948,117.1436,0.412,0.416,0.414,27.1
2026-02-24,Samarinda,Kalimantan Timur,-0.4948,117.1436,0.415,0.419,0.415,26.9
2026-02-25,Samarinda,Kalimantan Timur,-0.4948,117.1436,0.401,0.409,0.415,26.7
2026-02-26,Samarinda,Kalimantan Timur,-0.4948,117.1436,0.392,0.403,0.414,27.7
2026-02-27,Samarinda,Kalimantan Timur,-0.4948,117.1436,0.378,0.392,0.411,27.5
2026-02-28,Samarinda,Kalimantan Timur,-0.4948,117.1436,0.397,0.401,0.41,26.9
2026-03-01,Samarinda,Kalimantan Timur,-0.4948,117.1436,0.374,0.39,0.407,28.3
2026-03-02,Samarinda,Kalimantan Timur,-0.4948,117.1436,0.367,0.381,0.405,28.0
2026-03-03,Samarinda,Kalimantan Timur,-0.4948,117.1436,0.353,0.369,0.403,28.1
2026-03-04,Samarinda,Kalimantan Timur,-0.4948,117.1436,0.331,0.357,0.399,28.2
2026-03-05,Samarinda,Kalimantan Timur,-0.4948,117.1436,0.39,0.361,0.397,27.3
2026-03-06,Samarinda,Kalimantan Timur,-0.4948,117.1436,0.363,0.365,0.394,28.2
2026-03-07,Samarinda,Kalimantan Timur,-0.4948,117.1436,0.416,0.415,0.394,26.4
2026-03-08,Samarinda,Kalimantan Timur,-0.4948,117.1436,0.392,0.402,0.395,27.8
2026-03-09,Samarinda,Kalimantan Timur,-0.4948,117.1436,0.42,0.417,0.396,26.5
2026-03-10,Samarinda,Kalimantan Timur,-0.4948,117.1436,0.419,0.42,0.402,26.6
2026-03-11,Samarinda,Kalimantan Timur,-0.4948,117.1436,0.42,0.423,0.412,26.9
2026-03-12,Samarinda,Kalimantan Timur,-0.4948,117.1436,0.417,0.419,0.415,27.2
2026-03-13,Samarinda,Kalimantan Timur,-0.4948,117.1436,0.412,0.414,0.414,27.3
2026-03-14,Samarinda,Kalimantan Timur,-0.4948,117.1436,0.416,0.42,0.416,27.1
2026-03-15,Samarinda,Kalimantan Timur,-0.4948,117.1436,0.411,0.417,0.416,27.5
2026-03-16,Samarinda,Kalimantan Timur,-0.4948,117.1436,0.405,0.411,0.415,26.8
2026-03-17,Samarinda,Kalimantan Timur,-0.4948,117.1436,0.401,0.408,0.414,27.2
2026-03-18,Samarinda,Kalimantan Timur,-0.4948,117.1436,0.408,0.412,0.412,27.3
2026-03-19,Samarinda,Kalimantan Timur,-0.4948,117.1436,0.4,0.412,0.412,27.0
2026-03-20,Samarinda,Kalimantan Timur,-0.4948,117.1436,0.42,0.422,0.415,26.7
2026-03-21,Samarinda,Kalimantan Timur,-0.4948,117.1436,0.408,0.415,0.416,27.0
2026-03-22,Samarinda,Kalimantan Timur,-0.4948,117.1436,0.396,0.409,0.416,27.3
2026-03-23,Samarinda,Kalimantan Timur,-0.4948,117.1436,0.401,0.408,0.414,27.2
2026-03-24,Samarinda,Kalimantan Timur,-0.4948,117.1436,0.385,0.402,0.413,28.1
2026-03-25,Samarinda,Kalimantan Timur,-0.4948,117.1436,0.362,0.388,0.41,28.4
2026-03-26,Samarinda,Kalimantan Timur,-0.4948,117.1436,0.348,0.378,0.41,28.5
2026-03-27,Samarinda,Kalimantan Timur,-0.4948,117.1436,0.33,0.366,0.407,28.6
2026-03-28,Samarinda,Kalimantan Timur,-0.4948,117.1436,0.317,0.353,0.403,28.4
2026-03-29,Samarinda,Kalimantan Timur,-0.4948,117.1436,0.342,0.339,0.404,28.7
2026-03-30,Samarinda,Kalimantan Timur,-0.4948,117.1436,0.375,0.356,0.402,27.5
2026-03-31,Samarinda,Kalimantan Timur,-0.4948,117.1436,0.392,0.375,0.401,27.5
2026-04-01,Samarinda,Kalimantan Timur,-0.4948,117.1436,0.384,0.385,0.399,27.9
2026-04-02,Samarinda,Kalimantan Timur,-0.4948,117.1436,0.406,0.405,0.399,27.6
2026-04-03,Samarinda,Kalimantan Timur,-0.4948,117.1436,0.419,0.424,0.407,25.9
2026-04-04,Samarinda,Kalimantan Timur,-0.4948,117.1436,0.389,0.405,0.408,27.8
2026-04-05,Samarinda,Kalimantan Timur,-0.4948,117.1436,0.395,0.399,0.407,28.3
2026-04-06,Samarinda,Kalimantan Timur,-0.4948,117.1436,0.382,0.401,0.406,28.6
2026-04-07,Samarinda,Kalimantan Timur,-0.4948,117.1436,0.399,0.399,0.405,28.0
2026-04-08,Samarinda,Kalimantan Timur,-0.4948,117.1436,0.367,0.389,0.404,28.1
2026-04-09,Samarinda,Kalimantan Timur,-0.4948,117.1436,0.366,0.385,0.402,28.3
2026-04-10,Samarinda,Kalimantan Timur,-0.4948,117.1436,0.355,0.378,0.4,28.3
2026-04-11,Samarinda,Kalimantan Timur,-0.4948,117.1436,0.365,0.369,0.399,27.8
2026-04-12,Samarinda,Kalimantan Timur,-0.4948,117.1436,0.386,0.385,0.397,28.1
2026-04-13,Samarinda,Kalimantan Timur,-0.4948,117.1436,0.413,0.411,0.398,27.3
2026-04-14,Samarinda,Kalimantan Timur,-0.4948,117.1436,0.402,0.409,0.4,28.1
2026-04-15,Samarinda,Kalimantan Timur,-0.4948,117.1436,0.397,0.401,0.4,27.8
2026-04-16,Samarinda,Kalimantan Timur,-0.4948,117.1436,0.407,0.407,0.4,27.8
2026-04-17,Samarinda,Kalimantan Timur,-0.4948,117.1436,0.395,0.403,0.4,28.0
2026-04-18,Samarinda,Kalimantan Timur,-0.4948,117.1436,0.376,0.39,0.398,28.4
2026-04-19,Samarinda,Kalimantan Timur,-0.4948,117.1436,0.373,0.384,0.397,28.4
2026-04-20,Samarinda,Kalimantan Timur,-0.4948,117.1436,0.377,0.383,0.395,28.5
2026-04-21,Samarinda,Kalimantan Timur,-0.4948,117.1436,0.396,0.391,0.394,28.1
2026-04-22,Samarinda,Kalimantan Timur,-0.4948,117.1436,0.386,0.393,0.393,27.8
2026-04-23,Samarinda,Kalimantan Timur,-0.4948,117.1436,0.367,0.387,0.392,28.4
2026-04-24,Samarinda,Kalimantan Timur,-0.4948,117.1436,0.36,0.377,0.391,28.3
2026-04-25,Samarinda,Kalimantan Timur,-0.4948,117.1436,0.343,0.371,0.39,28.4
2026-04-26,Samarinda,Kalimantan Timur,-0.4948,117.1436,0.322,0.36,0.39,28.6
2026-04-27,Samarinda,Kalimantan Timur,-0.4948,117.1436,0.33,0.343,0.389,28.5
2026-04-28,Samarinda,Kalimantan Timur,-0.4948,117.1436,0.361,0.348,0.386,28.3
2026-04-29,Samarinda,Kalimantan Timur,-0.4948,117.1436,0.341,0.354,0.385,28.8
2026-04-30,Samarinda,Kalimantan Timur,-0.4948,117.1436,0.347,0.346,0.386,28.4
2026-05-01,Samarinda,Kalimantan Timur,-0.4948,117.1436,0.38,0.371,0.384,27.8
2026-05-02,Samarinda,Kalimantan Timur,-0.4948,117.1436,0.373,0.381,0.383,28.6
2026-05-03,Samarinda,Kalimantan Timur,-0.4948,117.1436,0.394,0.396,0.383,28.6
2026-05-04,Samarinda,Kalimantan Timur,-0.4948,117.1436,0.4,0.407,0.385,28.3
2026-05-05,Samarinda,Kalimantan Timur,-0.4948,117.1436,0.399,0.408,0.389,28.0
2026-05-06,Samarinda,Kalimantan Timur,-0.4948,117.1436,0.402,0.403,0.389,27.8
2026-05-07,Samarinda,Kalimantan Timur,-0.4948,117.1436,0.4,0.41,0.393,28.2
2026-05-08,Samarinda,Kalimantan Timur,-0.4948,117.1436,0.408,0.409,0.394,27.5
2026-05-09,Samarinda,Kalimantan Timur,-0.4948,117.1436,0.402,0.406,0.395,27.8
2026-05-10,Samarinda,Kalimantan Timur,-0.4948,117.1436,0.418,0.42,0.4,27.5
2026-05-11,Samarinda,Kalimantan Timur,-0.4948,117.1436,0.385,0.403,0.402,28.7
2026-05-12,Samarinda,Kalimantan Timur,-0.4948,117.1436,0.392,0.395,0.405,28.6
2026-05-13,Samarinda,Kalimantan Timur,-0.4948,117.1436,0.408,0.402,0.408,28.8
2026-05-14,Samarinda,Kalimantan Timur,-0.4948,117.1436,0.414,0.417,0.409,29.1
2026-05-15,Samarinda,Kalimantan Timur,-0.4948,117.1436,0.422,0.422,0.412,28.2
2026-05-16,Samarinda,Kalimantan Timur,-0.4948,117.1436,0.416,0.42,0.416,28.4
2026-05-17,Samarinda,Kalimantan Timur,-0.4948,117.1436,0.421,0.421,0.418,26.5
2026-05-18,Samarinda,Kalimantan Timur,-0.4948,117.1436,0.408,0.412,0.419,28.0
2026-05-19,Samarinda,Kalimantan Timur,-0.4948,117.1436,0.417,0.418,0.418,27.8
2026-05-20,Samarinda,Kalimantan Timur,-0.4948,117.1436,0.41,0.418,0.418,27.8
2026-05-21,Samarinda,Kalimantan Timur,-0.4948,117.1436,0.391,0.406,0.415,28.9
2026-05-22,Samarinda,Kalimantan Timur,-0.4948,117.1436,0.395,0.398,0.414,29.0
2026-05-23,Samarinda,Kalimantan Timur,-0.4948,117.1436,0.413,0.411,0.412,28.1
2026-05-24,Samarinda,Kalimantan Timur,-0.4948,117.1436,0.404,0.407,0.408,28.1
2026-05-25,Samarinda,Kalimantan Timur,-0.4948,117.1436,0.418,0.42,0.41,27.2
2026-05-26,Samarinda,Kalimantan Timur,-0.4948,117.1436,0.407,0.413,0.411,28.1
2026-05-27,Samarinda,Kalimantan Timur,-0.4948,117.1436,0.419,0.419,0.413,26.9
2026-05-28,Samarinda,Kalimantan Timur,-0.4948,117.1436,0.405,0.412,0.414,28.2
2026-05-29,Samarinda,Kalimantan Timur,-0.4948,117.1436,0.412,0.413,0.412,27.7
2026-05-30,Samarinda,Kalimantan Timur,-0.4948,117.1436,0.414,0.418,0.412,27.5
2026-05-31,Samarinda,Kalimantan Timur,-0.4948,117.1436,0.408,0.411,0.411,28.1
2024-08-01,Sampit,Kalimantan Tengah,-2.535,112.9501,0.433,0.348,0.405,27.9
2024-08-02,Sampit,Kalimantan Tengah,-2.535,112.9501,0.468,0.374,0.399,27.1
2024-08-03,Sampit,Kalimantan Tengah,-2.535,112.9501,0.45,0.392,0.397,27.1
2024-08-04,Sampit,Kalimantan Tengah,-2.535,112.9501,0.423,0.391,0.395,27.7
2024-08-05,Sampit,Kalimantan Tengah,-2.535,112.9501,0.399,0.385,0.391,27.6
2024-08-06,Sampit,Kalimantan Tengah,-2.535,112.9501,0.385,0.38,0.389,27.5
2024-08-07,Sampit,Kalimantan Tengah,-2.535,112.9501,0.434,0.386,0.386,26.5
2024-08-08,Sampit,Kalimantan Tengah,-2.535,112.9501,0.438,0.375,0.382,27.1
2024-08-09,Sampit,Kalimantan Tengah,-2.535,112.9501,0.441,0.38,0.38,27.6
2024-08-10,Sampit,Kalimantan Tengah,-2.535,112.9501,0.413,0.378,0.378,27.6
2024-08-11,Sampit,Kalimantan Tengah,-2.535,112.9501,0.394,0.373,0.375,27.8
2024-08-12,Sampit,Kalimantan Tengah,-2.535,112.9501,0.382,0.367,0.373,27.9
2024-08-13,Sampit,Kalimantan Tengah,-2.535,112.9501,0.414,0.365,0.372,27.3
2024-08-14,Sampit,Kalimantan Tengah,-2.535,112.9501,0.426,0.368,0.372,27.6
2024-08-15,Sampit,Kalimantan Tengah,-2.535,112.9501,0.399,0.364,0.37,28.3
2024-08-16,Sampit,Kalimantan Tengah,-2.535,112.9501,0.388,0.359,0.367,28.1
2024-08-17,Sampit,Kalimantan Tengah,-2.535,112.9501,0.391,0.355,0.364,28.2
2024-08-18,Sampit,Kalimantan Tengah,-2.535,112.9501,0.397,0.35,0.359,27.9
2024-08-19,Sampit,Kalimantan Tengah,-2.535,112.9501,0.409,0.344,0.354,27.3
2024-08-20,Sampit,Kalimantan Tengah,-2.535,112.9501,0.411,0.342,0.352,27.8
2024-08-21,Sampit,Kalimantan Tengah,-2.535,112.9501,0.472,0.367,0.35,27.0
2024-08-22,Sampit,Kalimantan Tengah,-2.535,112.9501,0.503,0.485,0.348,26.1
2024-08-23,Sampit,Kalimantan Tengah,-2.535,112.9501,0.484,0.481,0.354,26.7
2024-08-24,Sampit,Kalimantan Tengah,-2.535,112.9501,0.462,0.464,0.355,27.3
2024-08-25,Sampit,Kalimantan Tengah,-2.535,112.9501,0.45,0.451,0.356,27.5
2024-08-26,Sampit,Kalimantan Tengah,-2.535,112.9501,0.457,0.442,0.355,27.1
2024-08-27,Sampit,Kalimantan Tengah,-2.535,112.9501,0.463,0.435,0.354,26.7
2024-08-28,Sampit,Kalimantan Tengah,-2.535,112.9501,0.475,0.446,0.354,26.0
2024-08-29,Sampit,Kalimantan Tengah,-2.535,112.9501,0.467,0.455,0.354,26.6
2024-08-30,Sampit,Kalimantan Tengah,-2.535,112.9501,0.476,0.463,0.356,26.7
2024-08-31,Sampit,Kalimantan Tengah,-2.535,112.9501,0.464,0.46,0.355,27.3
2024-09-01,Sampit,Kalimantan Tengah,-2.535,112.9501,0.452,0.448,0.354,27.3
2024-09-02,Sampit,Kalimantan Tengah,-2.535,112.9501,0.45,0.441,0.354,28.1
2024-09-03,Sampit,Kalimantan Tengah,-2.535,112.9501,0.422,0.429,0.353,28.3
2024-09-04,Sampit,Kalimantan Tengah,-2.535,112.9501,0.405,0.419,0.352,28.3
2024-09-05,Sampit,Kalimantan Tengah,-2.535,112.9501,0.46,0.439,0.351,27.1
2024-09-06,Sampit,Kalimantan Tengah,-2.535,112.9501,0.47,0.462,0.352,27.5
2024-09-07,Sampit,Kalimantan Tengah,-2.535,112.9501,0.453,0.451,0.353,28.2
2024-09-08,Sampit,Kalimantan Tengah,-2.535,112.9501,0.479,0.452,0.354,27.4
2024-09-09,Sampit,Kalimantan Tengah,-2.535,112.9501,0.509,0.504,0.369,26.9
2024-09-10,Sampit,Kalimantan Tengah,-2.535,112.9501,0.498,0.497,0.39,27.4
2024-09-11,Sampit,Kalimantan Tengah,-2.535,112.9501,0.464,0.471,0.389,28.0
2024-09-12,Sampit,Kalimantan Tengah,-2.535,112.9501,0.444,0.456,0.389,27.7
2024-09-13,Sampit,Kalimantan Tengah,-2.535,112.9501,0.428,0.443,0.388,27.7
2024-09-14,Sampit,Kalimantan Tengah,-2.535,112.9501,0.41,0.431,0.387,27.8
2024-09-15,Sampit,Kalimantan Tengah,-2.535,112.9501,0.395,0.42,0.385,28.0
2024-09-16,Sampit,Kalimantan Tengah,-2.535,112.9501,0.381,0.411,0.384,28.4
2024-09-17,Sampit,Kalimantan Tengah,-2.535,112.9501,0.372,0.402,0.382,28.4
2024-09-18,Sampit,Kalimantan Tengah,-2.535,112.9501,0.366,0.395,0.381,28.4
2024-09-19,Sampit,Kalimantan Tengah,-2.535,112.9501,0.356,0.388,0.38,28.6
2024-09-20,Sampit,Kalimantan Tengah,-2.535,112.9501,0.344,0.381,0.378,29.3
2024-09-21,Sampit,Kalimantan Tengah,-2.535,112.9501,0.334,0.374,0.376,29.6
2024-09-22,Sampit,Kalimantan Tengah,-2.535,112.9501,0.384,0.368,0.375,29.0
2024-09-23,Sampit,Kalimantan Tengah,-2.535,112.9501,0.468,0.387,0.373,27.1
2024-09-24,Sampit,Kalimantan Tengah,-2.535,112.9501,0.43,0.383,0.372,28.8
2024-09-25,Sampit,Kalimantan Tengah,-2.535,112.9501,0.472,0.419,0.369,27.0
2024-09-26,Sampit,Kalimantan Tengah,-2.535,112.9501,0.451,0.419,0.369,28.1
2024-09-27,Sampit,Kalimantan Tengah,-2.535,112.9501,0.482,0.432,0.37,27.4
2024-09-28,Sampit,Kalimantan Tengah,-2.535,112.9501,0.458,0.44,0.37,28.0
2024-09-29,Sampit,Kalimantan Tengah,-2.535,112.9501,0.49,0.459,0.37,27.5
2024-09-30,Sampit,Kalimantan Tengah,-2.535,112.9501,0.501,0.503,0.383,27.0
2024-10-01,Sampit,Kalimantan Tengah,-2.535,112.9501,0.483,0.482,0.389,27.6
2024-10-02,Sampit,Kalimantan Tengah,-2.535,112.9501,0.499,0.487,0.392,26.9
2024-10-03,Sampit,Kalimantan Tengah,-2.535,112.9501,0.499,0.495,0.396,26.9
2024-10-04,Sampit,Kalimantan Tengah,-2.535,112.9501,0.505,0.502,0.406,26.5
2024-10-05,Sampit,Kalimantan Tengah,-2.535,112.9501,0.498,0.503,0.421,26.8
2024-10-06,Sampit,Kalimantan Tengah,-2.535,112.9501,0.474,0.482,0.426,28.0
2024-10-07,Sampit,Kalimantan Tengah,-2.535,112.9501,0.491,0.48,0.426,27.2
2024-10-08,Sampit,Kalimantan Tengah,-2.535,112.9501,0.49,0.493,0.428,27.3
2024-10-09,Sampit,Kalimantan Tengah,-2.535,112.9501,0.479,0.48,0.429,28.2
2024-10-10,Sampit,Kalimantan Tengah,-2.535,112.9501,0.502,0.495,0.432,26.9
2024-10-11,Sampit,Kalimantan Tengah,-2.535,112.9501,0.501,0.498,0.433,26.9
2024-10-12,Sampit,Kalimantan Tengah,-2.535,112.9501,0.499,0.505,0.445,27.8
2024-10-13,Sampit,Kalimantan Tengah,-2.535,112.9501,0.503,0.511,0.478,26.9
2024-10-14,Sampit,Kalimantan Tengah,-2.535,112.9501,0.494,0.506,0.494,27.5
2024-10-15,Sampit,Kalimantan Tengah,-2.535,112.9501,0.484,0.496,0.496,27.3
2024-10-16,Sampit,Kalimantan Tengah,-2.535,112.9501,0.485,0.486,0.494,27.4
2024-10-17,Sampit,Kalimantan Tengah,-2.535,112.9501,0.503,0.503,0.499,26.4
2024-10-18,Sampit,Kalimantan Tengah,-2.535,112.9501,0.507,0.507,0.499,26.8
2024-10-19,Sampit,Kalimantan Tengah,-2.535,112.9501,0.494,0.502,0.5,26.9
2024-10-20,Sampit,Kalimantan Tengah,-2.535,112.9501,0.486,0.494,0.499,27.3
2024-10-21,Sampit,Kalimantan Tengah,-2.535,112.9501,0.499,0.504,0.502,26.3
2024-10-22,Sampit,Kalimantan Tengah,-2.535,112.9501,0.476,0.49,0.501,27.9
2024-10-23,Sampit,Kalimantan Tengah,-2.535,112.9501,0.467,0.475,0.498,28.2
2024-10-24,Sampit,Kalimantan Tengah,-2.535,112.9501,0.456,0.463,0.494,28.2
2024-10-25,Sampit,Kalimantan Tengah,-2.535,112.9501,0.442,0.453,0.491,28.2
2024-10-26,Sampit,Kalimantan Tengah,-2.535,112.9501,0.428,0.445,0.488,28.5
2024-10-27,Sampit,Kalimantan Tengah,-2.535,112.9501,0.415,0.437,0.485,28.9
2024-10-28,Sampit,Kalimantan Tengah,-2.535,112.9501,0.407,0.43,0.482,29.2
2024-10-29,Sampit,Kalimantan Tengah,-2.535,112.9501,0.406,0.424,0.478,29.2
2024-10-30,Sampit,Kalimantan Tengah,-2.535,112.9501,0.396,0.419,0.475,29.3
2024-10-31,Sampit,Kalimantan Tengah,-2.535,112.9501,0.447,0.418,0.472,27.6
2024-11-01,Sampit,Kalimantan Tengah,-2.535,112.9501,0.468,0.429,0.468,27.6
2024-11-02,Sampit,Kalimantan Tengah,-2.535,112.9501,0.5,0.464,0.465,27.0
2024-11-03,Sampit,Kalimantan Tengah,-2.535,112.9501,0.504,0.502,0.477,26.6
2024-11-04,Sampit,Kalimantan Tengah,-2.535,112.9501,0.498,0.506,0.494,26.0
2024-11-05,Sampit,Kalimantan Tengah,-2.535,112.9501,0.484,0.494,0.493,28.3
2024-11-06,Sampit,Kalimantan Tengah,-2.535,112.9501,0.48,0.483,0.491,28.1
2024-11-07,Sampit,Kalimantan Tengah,-2.535,112.9501,0.483,0.477,0.489,27.8
2024-11-08,Sampit,Kalimantan Tengah,-2.535,112.9501,0.46,0.463,0.486,28.5
2024-11-09,Sampit,Kalimantan Tengah,-2.535,112.9501,0.489,0.478,0.484,27.6
2024-11-10,Sampit,Kalimantan Tengah,-2.535,112.9501,0.486,0.488,0.483,27.8
2024-11-11,Sampit,Kalimantan Tengah,-2.535,112.9501,0.505,0.509,0.494,27.1
2024-11-12,Sampit,Kalimantan Tengah,-2.535,112.9501,0.495,0.499,0.474,27.5
2024-11-13,Sampit,Kalimantan Tengah,-2.535,112.9501,0.483,0.479,0.365,27.3
2024-11-14,Sampit,Kalimantan Tengah,-2.535,112.9501,0.478,0.46,0.368,27.4
2024-11-15,Sampit,Kalimantan Tengah,-2.535,112.9501,0.489,0.485,0.374,27.2
2024-11-16,Sampit,Kalimantan Tengah,-2.535,112.9501,0.488,0.481,0.378,27.1
2024-11-17,Sampit,Kalimantan Tengah,-2.535,112.9501,0.504,0.5,0.395,27.1
2024-11-18,Sampit,Kalimantan Tengah,-2.535,112.9501,0.499,0.498,0.406,27.0
2024-11-19,Sampit,Kalimantan Tengah,-2.535,112.9501,0.504,0.501,0.412,26.8
2024-11-20,Sampit,Kalimantan Tengah,-2.535,112.9501,0.499,0.491,0.414,27.0
2024-11-21,Sampit,Kalimantan Tengah,-2.535,112.9501,0.506,0.507,0.422,26.6
2024-11-22,Sampit,Kalimantan Tengah,-2.535,112.9501,0.502,0.501,0.431,26.8
2024-11-23,Sampit,Kalimantan Tengah,-2.535,112.9501,0.492,0.497,0.435,26.9
2024-11-24,Sampit,Kalimantan Tengah,-2.535,112.9501,0.496,0.5,0.444,26.7
2024-11-25,Sampit,Kalimantan Tengah,-2.535,112.9501,0.504,0.506,0.458,26.8
2024-11-26,Sampit,Kalimantan Tengah,-2.535,112.9501,0.494,0.503,0.467,27.0
2024-11-27,Sampit,Kalimantan Tengah,-2.535,112.9501,0.5,0.506,0.478,26.9
2024-11-28,Sampit,Kalimantan Tengah,-2.535,112.9501,0.503,0.507,0.486,26.2
2024-11-29,Sampit,Kalimantan Tengah,-2.535,112.9501,0.501,0.509,0.502,26.1
2024-11-30,Sampit,Kalimantan Tengah,-2.535,112.9501,0.497,0.503,0.511,26.0
2024-12-01,Sampit,Kalimantan Tengah,-2.535,112.9501,0.495,0.501,0.505,26.2
2024-12-02,Sampit,Kalimantan Tengah,-2.535,112.9501,0.502,0.508,0.505,26.8
2024-12-03,Sampit,Kalimantan Tengah,-2.535,112.9501,0.507,0.513,0.513,25.9
2024-12-04,Sampit,Kalimantan Tengah,-2.535,112.9501,0.498,0.504,0.513,26.2
2024-12-05,Sampit,Kalimantan Tengah,-2.535,112.9501,0.5,0.503,0.51,25.9
2024-12-06,Sampit,Kalimantan Tengah,-2.535,112.9501,0.494,0.507,0.512,26.2
2024-12-07,Sampit,Kalimantan Tengah,-2.535,112.9501,0.483,0.488,0.507,27.4
2024-12-08,Sampit,Kalimantan Tengah,-2.535,112.9501,0.484,0.474,0.504,27.5
2024-12-09,Sampit,Kalimantan Tengah,-2.535,112.9501,0.481,0.456,0.498,27.0
2024-12-10,Sampit,Kalimantan Tengah,-2.535,112.9501,0.475,0.452,0.494,26.7
2024-12-11,Sampit,Kalimantan Tengah,-2.535,112.9501,0.471,0.449,0.49,26.7
2024-12-12,Sampit,Kalimantan Tengah,-2.535,112.9501,0.502,0.476,0.487,26.5
2024-12-13,Sampit,Kalimantan Tengah,-2.535,112.9501,0.485,0.498,0.495,27.6
2024-12-14,Sampit,Kalimantan Tengah,-2.535,112.9501,0.479,0.486,0.494,27.6
2024-12-15,Sampit,Kalimantan Tengah,-2.535,112.9501,0.505,0.504,0.494,27.0
2024-12-16,Sampit,Kalimantan Tengah,-2.535,112.9501,0.494,0.508,0.503,26.7
2024-12-17,Sampit,Kalimantan Tengah,-2.535,112.9501,0.499,0.495,0.502,26.9
2024-12-18,Sampit,Kalimantan Tengah,-2.535,112.9501,0.487,0.488,0.498,27.0
2024-12-19,Sampit,Kalimantan Tengah,-2.535,112.9501,0.477,0.481,0.495,26.6
2024-12-20,Sampit,Kalimantan Tengah,-2.535,112.9501,0.469,0.473,0.491,27.1
2024-12-21,Sampit,Kalimantan Tengah,-2.535,112.9501,0.48,0.47,0.487,27.1
2024-12-22,Sampit,Kalimantan Tengah,-2.535,112.9501,0.476,0.458,0.483,27.3
2024-12-23,Sampit,Kalimantan Tengah,-2.535,112.9501,0.478,0.464,0.48,27.5
2024-12-24,Sampit,Kalimantan Tengah,-2.535,112.9501,0.502,0.497,0.481,26.1
2024-12-25,Sampit,Kalimantan Tengah,-2.535,112.9501,0.488,0.497,0.485,27.0
2024-12-26,Sampit,Kalimantan Tengah,-2.535,112.9501,0.482,0.481,0.484,26.9
2024-12-27,Sampit,Kalimantan Tengah,-2.535,112.9501,0.482,0.485,0.483,26.9
2024-12-28,Sampit,Kalimantan Tengah,-2.535,112.9501,0.463,0.476,0.481,28.0
2024-12-29,Sampit,Kalimantan Tengah,-2.535,112.9501,0.462,0.466,0.479,27.8
2024-12-30,Sampit,Kalimantan Tengah,-2.535,112.9501,0.479,0.472,0.479,27.6
2024-12-31,Sampit,Kalimantan Tengah,-2.535,112.9501,0.469,0.462,0.476,27.2
2025-01-01,Sampit,Kalimantan Tengah,-2.535,112.9501,0.432,0.447,0.472,27.8
2025-01-02,Sampit,Kalimantan Tengah,-2.535,112.9501,0.469,0.45,0.469,27.2
2025-01-03,Sampit,Kalimantan Tengah,-2.535,112.9501,0.489,0.485,0.465,27.2
2025-01-04,Sampit,Kalimantan Tengah,-2.535,112.9501,0.501,0.506,0.468,26.2
2025-01-05,Sampit,Kalimantan Tengah,-2.535,112.9501,0.495,0.502,0.471,26.4
2025-01-06,Sampit,Kalimantan Tengah,-2.535,112.9501,0.492,0.495,0.469,26.9
2025-01-07,Sampit,Kalimantan Tengah,-2.535,112.9501,0.49,0.5,0.475,26.7
2025-01-08,Sampit,Kalimantan Tengah,-2.535,112.9501,0.495,0.504,0.484,26.2
2025-01-09,Sampit,Kalimantan Tengah,-2.535,112.9501,0.5,0.507,0.487,27.0
2025-01-10,Sampit,Kalimantan Tengah,-2.535,112.9501,0.497,0.499,0.488,26.6
2025-01-11,Sampit,Kalimantan Tengah,-2.535,112.9501,0.493,0.498,0.489,26.3
2025-01-12,Sampit,Kalimantan Tengah,-2.535,112.9501,0.491,0.501,0.494,26.1
2025-01-13,Sampit,Kalimantan Tengah,-2.535,112.9501,0.496,0.505,0.497,26.0
2025-01-14,Sampit,Kalimantan Tengah,-2.535,112.9501,0.495,0.504,0.504,26.5
2025-01-15,Sampit,Kalimantan Tengah,-2.535,112.9501,0.5,0.506,0.511,26.2
2025-01-16,Sampit,Kalimantan Tengah,-2.535,112.9501,0.493,0.497,0.508,26.4
2025-01-17,Sampit,Kalimantan Tengah,-2.535,112.9501,0.489,0.487,0.504,27.3
2025-01-18,Sampit,Kalimantan Tengah,-2.535,112.9501,0.503,0.503,0.506,26.8
2025-01-19,Sampit,Kalimantan Tengah,-2.535,112.9501,0.508,0.513,0.511,25.4
2025-01-20,Sampit,Kalimantan Tengah,-2.535,112.9501,0.496,0.497,0.511,26.1
2025-01-21,Sampit,Kalimantan Tengah,-2.535,112.9501,0.502,0.501,0.512,26.2
2025-01-22,Sampit,Kalimantan Tengah,-2.535,112.9501,0.503,0.506,0.513,26.1
2025-01-23,Sampit,Kalimantan Tengah,-2.535,112.9501,0.502,0.498,0.514,26.0
2025-01-24,Sampit,Kalimantan Tengah,-2.535,112.9501,0.49,0.483,0.509,26.5
2025-01-25,Sampit,Kalimantan Tengah,-2.535,112.9501,0.49,0.489,0.503,26.6
2025-01-26,Sampit,Kalimantan Tengah,-2.535,112.9501,0.5,0.507,0.506,26.0
2025-01-27,Sampit,Kalimantan Tengah,-2.535,112.9501,0.505,0.496,0.514,25.9
2025-01-28,Sampit,Kalimantan Tengah,-2.535,112.9501,0.496,0.495,0.513,26.1
2025-01-29,Sampit,Kalimantan Tengah,-2.535,112.9501,0.505,0.509,0.513,26.2
2025-01-30,Sampit,Kalimantan Tengah,-2.535,112.9501,0.51,0.511,0.514,25.0
2025-01-31,Sampit,Kalimantan Tengah,-2.535,112.9501,0.488,0.491,0.512,26.2
2025-02-01,Sampit,Kalimantan Tengah,-2.535,112.9501,0.466,0.47,0.504,26.6
2025-02-02,Sampit,Kalimantan Tengah,-2.535,112.9501,0.441,0.461,0.497,27.7
2025-02-03,Sampit,Kalimantan Tengah,-2.535,112.9501,0.418,0.446,0.492,28.1
2025-02-04,Sampit,Kalimantan Tengah,-2.535,112.9501,0.392,0.417,0.478,28.0
2025-02-05,Sampit,Kalimantan Tengah,-2.535,112.9501,0.377,0.409,0.464,28.3
2025-02-06,Sampit,Kalimantan Tengah,-2.535,112.9501,0.427,0.409,0.443,27.6
2025-02-07,Sampit,Kalimantan Tengah,-2.535,112.9501,0.479,0.447,0.435,26.6
2025-02-08,Sampit,Kalimantan Tengah,-2.535,112.9501,0.485,0.485,0.434,27.3
2025-02-09,Sampit,Kalimantan Tengah,-2.535,112.9501,0.481,0.483,0.435,27.4
2025-02-10,Sampit,Kalimantan Tengah,-2.535,112.9501,0.477,0.482,0.432,27.4
2025-02-11,Sampit,Kalimantan Tengah,-2.535,112.9501,0.471,0.468,0.428,27.2
2025-02-12,Sampit,Kalimantan Tengah,-2.535,112.9501,0.469,0.452,0.421,27.0
2025-02-13,Sampit,Kalimantan Tengah,-2.535,112.9501,0.428,0.432,0.419,27.8
2025-02-14,Sampit,Kalimantan Tengah,-2.535,112.9501,0.401,0.416,0.412,27.8
2025-02-15,Sampit,Kalimantan Tengah,-2.535,112.9501,0.403,0.403,0.405,27.6
2025-02-16,Sampit,Kalimantan Tengah,-2.535,112.9501,0.486,0.42,0.403,27.0
2025-02-17,Sampit,Kalimantan Tengah,-2.535,112.9501,0.497,0.465,0.401,26.4
2025-02-18,Sampit,Kalimantan Tengah,-2.535,112.9501,0.489,0.474,0.401,27.0
2025-02-19,Sampit,Kalimantan Tengah,-2.535,112.9501,0.487,0.476,0.401,27.1
2025-02-20,Sampit,Kalimantan Tengah,-2.535,112.9501,0.493,0.488,0.402,26.6
2025-02-21,Sampit,Kalimantan Tengah,-2.535,112.9501,0.488,0.486,0.404,26.7
2025-02-22,Sampit,Kalimantan Tengah,-2.535,112.9501,0.498,0.495,0.407,26.7
2025-02-23,Sampit,Kalimantan Tengah,-2.535,112.9501,0.496,0.502,0.42,26.5
2025-02-24,Sampit,Kalimantan Tengah,-2.535,112.9501,0.473,0.478,0.426,27.5
2025-02-25,Sampit,Kalimantan Tengah,-2.535,112.9501,0.495,0.483,0.427,26.9
2025-02-26,Sampit,Kalimantan Tengah,-2.535,112.9501,0.502,0.507,0.439,26.0
2025-02-27,Sampit,Kalimantan Tengah,-2.535,112.9501,0.498,0.501,0.452,26.4
2025-02-28,Sampit,Kalimantan Tengah,-2.535,112.9501,0.498,0.499,0.456,26.2
2025-03-01,Sampit,Kalimantan Tengah,-2.535,112.9501,0.497,0.501,0.461,26.6
2025-03-02,Sampit,Kalimantan Tengah,-2.535,112.9501,0.497,0.503,0.461,27.0
2025-03-03,Sampit,Kalimantan Tengah,-2.535,112.9501,0.49,0.496,0.471,27.0
2025-03-04,Sampit,Kalimantan Tengah,-2.535,112.9501,0.495,0.495,0.468,26.2
2025-03-05,Sampit,Kalimantan Tengah,-2.535,112.9501,0.479,0.485,0.465,27.3
2025-03-06,Sampit,Kalimantan Tengah,-2.535,112.9501,0.5,0.497,0.466,27.0
2025-03-07,Sampit,Kalimantan Tengah,-2.535,112.9501,0.509,0.515,0.502,25.0
2025-03-08,Sampit,Kalimantan Tengah,-2.535,112.9501,0.483,0.492,0.51,26.7
2025-03-09,Sampit,Kalimantan Tengah,-2.535,112.9501,0.502,0.495,0.508,26.8
2025-03-10,Sampit,Kalimantan Tengah,-2.535,112.9501,0.495,0.506,0.516,26.8
2025-03-11,Sampit,Kalimantan Tengah,-2.535,112.9501,0.492,0.502,0.515,26.9
2025-03-12,Sampit,Kalimantan Tengah,-2.535,112.9501,0.487,0.485,0.513,27.5
2025-03-13,Sampit,Kalimantan Tengah,-2.535,112.9501,0.479,0.473,0.506,27.2
2025-03-14,Sampit,Kalimantan Tengah,-2.535,112.9501,0.496,0.497,0.505,27.4
2025-03-15,Sampit,Kalimantan Tengah,-2.535,112.9501,0.494,0.501,0.504,26.6
2025-03-16,Sampit,Kalimantan Tengah,-2.535,112.9501,0.49,0.497,0.501,27.0
2025-03-17,Sampit,Kalimantan Tengah,-2.535,112.9501,0.491,0.503,0.5,26.9
2025-03-18,Sampit,Kalimantan Tengah,-2.535,112.9501,0.496,0.498,0.496,27.1
2025-03-19,Sampit,Kalimantan Tengah,-2.535,112.9501,0.489,0.489,0.491,27.3
2025-03-20,Sampit,Kalimantan Tengah,-2.535,112.9501,0.5,0.501,0.497,26.4
2025-03-21,Sampit,Kalimantan Tengah,-2.535,112.9501,0.503,0.51,0.503,26.3
2025-03-22,Sampit,Kalimantan Tengah,-2.535,112.9501,0.5,0.504,0.504,26.3
2025-03-23,Sampit,Kalimantan Tengah,-2.535,112.9501,0.487,0.492,0.501,27.1
2025-03-24,Sampit,Kalimantan Tengah,-2.535,112.9501,0.481,0.481,0.496,27.5
2025-03-25,Sampit,Kalimantan Tengah,-2.535,112.9501,0.495,0.484,0.49,27.3
2025-03-26,Sampit,Kalimantan Tengah,-2.535,112.9501,0.484,0.488,0.485,27.5
2025-03-27,Sampit,Kalimantan Tengah,-2.535,112.9501,0.432,0.462,0.478,28.8
2025-03-28,Sampit,Kalimantan Tengah,-2.535,112.9501,0.429,0.453,0.476,28.3
2025-03-29,Sampit,Kalimantan Tengah,-2.535,112.9501,0.458,0.44,0.472,27.8
2025-03-30,Sampit,Kalimantan Tengah,-2.535,112.9501,0.485,0.463,0.467,27.5
2025-03-31,Sampit,Kalimantan Tengah,-2.535,112.9501,0.491,0.495,0.465,27.5
2025-04-01,Sampit,Kalimantan Tengah,-2.535,112.9501,0.498,0.499,0.464,26.6
2025-04-02,Sampit,Kalimantan Tengah,-2.535,112.9501,0.496,0.502,0.469,27.1
2025-04-03,Sampit,Kalimantan Tengah,-2.535,112.9501,0.494,0.493,0.469,26.8
2025-04-04,Sampit,Kalimantan Tengah,-2.535,112.9501,0.49,0.494,0.47,27.2
2025-04-05,Sampit,Kalimantan Tengah,-2.535,112.9501,0.498,0.5,0.473,27.1
2025-04-06,Sampit,Kalimantan Tengah,-2.535,112.9501,0.507,0.509,0.479,25.8
2025-04-07,Sampit,Kalimantan Tengah,-2.535,112.9501,0.493,0.498,0.477,26.7
2025-04-08,Sampit,Kalimantan Tengah,-2.535,112.9501,0.486,0.484,0.472,26.9
2025-04-09,Sampit,Kalimantan Tengah,-2.535,112.9501,0.493,0.503,0.481,26.3
2025-04-10,Sampit,Kalimantan Tengah,-2.535,112.9501,0.484,0.491,0.482,27.6
2025-04-11,Sampit,Kalimantan Tengah,-2.535,112.9501,0.506,0.509,0.485,26.6
2025-04-12,Sampit,Kalimantan Tengah,-2.535,112.9501,0.497,0.506,0.493,27.2
2025-04-13,Sampit,Kalimantan Tengah,-2.535,112.9501,0.505,0.514,0.513,25.5
2025-04-14,Sampit,Kalimantan Tengah,-2.535,112.9501,0.498,0.503,0.514,26.6
2025-04-15,Sampit,Kalimantan Tengah,-2.535,112.9501,0.475,0.479,0.513,27.3
2025-04-16,Sampit,Kalimantan Tengah,-2.535,112.9501,0.47,0.46,0.504,27.8
2025-04-17,Sampit,Kalimantan Tengah,-2.535,112.9501,0.496,0.489,0.495,27.4
2025-04-18,Sampit,Kalimantan Tengah,-2.535,112.9501,0.477,0.478,0.491,26.9
2025-04-19,Sampit,Kalimantan Tengah,-2.535,112.9501,0.439,0.458,0.483,28.3
2025-04-20,Sampit,Kalimantan Tengah,-2.535,112.9501,0.458,0.444,0.472,28.1
2025-04-21,Sampit,Kalimantan Tengah,-2.535,112.9501,0.488,0.466,0.467,26.7
2025-04-22,Sampit,Kalimantan Tengah,-2.535,112.9501,0.471,0.452,0.46,27.1
2025-04-23,Sampit,Kalimantan Tengah,-2.535,112.9501,0.463,0.446,0.454,27.4
2025-04-24,Sampit,Kalimantan Tengah,-2.535,112.9501,0.471,0.44,0.45,26.6
2025-04-25,Sampit,Kalimantan Tengah,-2.535,112.9501,0.491,0.466,0.446,26.6
2025-04-26,Sampit,Kalimantan Tengah,-2.535,112.9501,0.484,0.48,0.443,27.0
2025-04-27,Sampit,Kalimantan Tengah,-2.535,112.9501,0.492,0.491,0.446,27.1
2025-04-28,Sampit,Kalimantan Tengah,-2.535,112.9501,0.486,0.485,0.445,27.2
2025-04-29,Sampit,Kalimantan Tengah,-2.535,112.9501,0.469,0.465,0.442,26.7
2025-04-30,Sampit,Kalimantan Tengah,-2.535,112.9501,0.451,0.452,0.44,27.4
2025-05-01,Sampit,Kalimantan Tengah,-2.535,112.9501,0.414,0.439,0.437,28.1
2025-05-02,Sampit,Kalimantan Tengah,-2.535,112.9501,0.384,0.422,0.434,28.3
2025-05-03,Sampit,Kalimantan Tengah,-2.535,112.9501,0.362,0.408,0.433,28.2
2025-05-04,Sampit,Kalimantan Tengah,-2.535,112.9501,0.338,0.388,0.432,28.5
2025-05-05,Sampit,Kalimantan Tengah,-2.535,112.9501,0.364,0.379,0.428,27.9
2025-05-06,Sampit,Kalimantan Tengah,-2.535,112.9501,0.339,0.362,0.425,28.2
2025-05-07,Sampit,Kalimantan Tengah,-2.535,112.9501,0.379,0.358,0.422,28.7
2025-05-08,Sampit,Kalimantan Tengah,-2.535,112.9501,0.376,0.346,0.414,28.6
2025-05-09,Sampit,Kalimantan Tengah,-2.535,112.9501,0.455,0.351,0.405,26.3
2025-05-10,Sampit,Kalimantan Tengah,-2.535,112.9501,0.473,0.387,0.403,26.9
2025-05-11,Sampit,Kalimantan Tengah,-2.535,112.9501,0.479,0.435,0.402,27.2
2025-05-12,Sampit,Kalimantan Tengah,-2.535,112.9501,0.49,0.47,0.404,26.6
2025-05-13,Sampit,Kalimantan Tengah,-2.535,112.9501,0.478,0.47,0.404,27.3
2025-05-14,Sampit,Kalimantan Tengah,-2.535,112.9501,0.474,0.462,0.404,27.3
2025-05-15,Sampit,Kalimantan Tengah,-2.535,112.9501,0.5,0.505,0.414,26.1
2025-05-16,Sampit,Kalimantan Tengah,-2.535,112.9501,0.48,0.49,0.415,27.6
2025-05-17,Sampit,Kalimantan Tengah,-2.535,112.9501,0.5,0.504,0.424,27.1
2025-05-18,Sampit,Kalimantan Tengah,-2.535,112.9501,0.489,0.494,0.429,27.3
2025-05-19,Sampit,Kalimantan Tengah,-2.535,112.9501,0.488,0.49,0.43,27.3
2025-05-20,Sampit,Kalimantan Tengah,-2.535,112.9501,0.497,0.499,0.431,27.0
2025-05-21,Sampit,Kalimantan Tengah,-2.535,112.9501,0.489,0.497,0.436,27.0
2025-05-22,Sampit,Kalimantan Tengah,-2.535,112.9501,0.494,0.5,0.443,27.2
2025-05-23,Sampit,Kalimantan Tengah,-2.535,112.9501,0.503,0.505,0.451,26.7
2025-05-24,Sampit,Kalimantan Tengah,-2.535,112.9501,0.484,0.495,0.457,27.9
2025-05-25,Sampit,Kalimantan Tengah,-2.535,112.9501,0.478,0.49,0.458,28.5
2025-05-26,Sampit,Kalimantan Tengah,-2.535,112.9501,0.495,0.504,0.468,27.8
2025-05-27,Sampit,Kalimantan Tengah,-2.535,112.9501,0.503,0.509,0.485,26.3
2025-05-28,Sampit,Kalimantan Tengah,-2.535,112.9501,0.478,0.496,0.493,27.5
2025-05-29,Sampit,Kalimantan Tengah,-2.535,112.9501,0.458,0.476,0.492,28.3
2025-05-30,Sampit,Kalimantan Tengah,-2.535,112.9501,0.491,0.486,0.49,27.8
2025-05-31,Sampit,Kalimantan Tengah,-2.535,112.9501,0.494,0.499,0.491,26.6
2025-06-01,Sampit,Kalimantan Tengah,-2.535,112.9501,0.507,0.511,0.496,25.7
2025-06-02,Sampit,Kalimantan Tengah,-2.535,112.9501,0.496,0.509,0.509,26.6
2025-06-03,Sampit,Kalimantan Tengah,-2.535,112.9501,0.484,0.493,0.507,26.9
2025-06-04,Sampit,Kalimantan Tengah,-2.535,112.9501,0.47,0.482,0.504,27.8
2025-06-05,Sampit,Kalimantan Tengah,-2.535,112.9501,0.479,0.481,0.501,27.2
2025-06-06,Sampit,Kalimantan Tengah,-2.535,112.9501,0.46,0.472,0.498,27.9
2025-06-07,Sampit,Kalimantan Tengah,-2.535,112.9501,0.421,0.458,0.495,28.1
2025-06-08,Sampit,Kalimantan Tengah,-2.535,112.9501,0.414,0.446,0.492,27.9
2025-06-09,Sampit,Kalimantan Tengah,-2.535,112.9501,0.405,0.43,0.487,27.6
2025-06-10,Sampit,Kalimantan Tengah,-2.535,112.9501,0.382,0.417,0.483,27.8
2025-06-11,Sampit,Kalimantan Tengah,-2.535,112.9501,0.391,0.408,0.478,27.4
2025-06-12,Sampit,Kalimantan Tengah,-2.535,112.9501,0.398,0.402,0.474,27.4
2025-06-13,Sampit,Kalimantan Tengah,-2.535,112.9501,0.473,0.408,0.47,27.3
2025-06-14,Sampit,Kalimantan Tengah,-2.535,112.9501,0.441,0.407,0.467,27.5
2025-06-15,Sampit,Kalimantan Tengah,-2.535,112.9501,0.443,0.412,0.463,28.1
2025-06-16,Sampit,Kalimantan Tengah,-2.535,112.9501,0.424,0.399,0.459,28.1
2025-06-17,Sampit,Kalimantan Tengah,-2.535,112.9501,0.438,0.4,0.456,27.8
2025-06-18,Sampit,Kalimantan Tengah,-2.535,112.9501,0.472,0.413,0.453,26.9
2025-06-19,Sampit,Kalimantan Tengah,-2.535,112.9501,0.511,0.512,0.466,25.1
2025-06-20,Sampit,Kalimantan Tengah,-2.535,112.9501,0.504,0.51,0.479,25.6
2025-06-21,Sampit,Kalimantan Tengah,-2.535,112.9501,0.482,0.498,0.485,26.6
2025-06-22,Sampit,Kalimantan Tengah,-2.535,112.9501,0.467,0.483,0.484,27.2
2025-06-23,Sampit,Kalimantan Tengah,-2.535,112.9501,0.45,0.472,0.482,27.4
2025-06-24,Sampit,Kalimantan Tengah,-2.535,112.9501,0.464,0.47,0.48,26.6
2025-06-25,Sampit,Kalimantan Tengah,-2.535,112.9501,0.488,0.492,0.479,26.5
2025-06-26,Sampit,Kalimantan Tengah,-2.535,112.9501,0.49,0.5,0.483,26.6
2025-06-27,Sampit,Kalimantan Tengah,-2.535,112.9501,0.477,0.489,0.482,26.9
2025-06-28,Sampit,Kalimantan Tengah,-2.535,112.9501,0.494,0.49,0.481,26.2
2025-06-29,Sampit,Kalimantan Tengah,-2.535,112.9501,0.471,0.479,0.479,27.0
2025-06-30,Sampit,Kalimantan Tengah,-2.535,112.9501,0.483,0.485,0.478,26.5
2025-07-01,Sampit,Kalimantan Tengah,-2.535,112.9501,0.46,0.479,0.476,27.6
2025-07-02,Sampit,Kalimantan Tengah,-2.535,112.9501,0.441,0.466,0.474,28.0
2025-07-03,Sampit,Kalimantan Tengah,-2.535,112.9501,0.421,0.454,0.471,28.0
2025-07-04,Sampit,Kalimantan Tengah,-2.535,112.9501,0.484,0.466,0.469,27.0
2025-07-05,Sampit,Kalimantan Tengah,-2.535,112.9501,0.49,0.486,0.469,26.4
2025-07-06,Sampit,Kalimantan Tengah,-2.535,112.9501,0.487,0.491,0.469,26.6
2025-07-07,Sampit,Kalimantan Tengah,-2.535,112.9501,0.493,0.499,0.474,26.5
2025-07-08,Sampit,Kalimantan Tengah,-2.535,112.9501,0.479,0.496,0.484,26.8
2025-07-09,Sampit,Kalimantan Tengah,-2.535,112.9501,0.452,0.478,0.482,27.0
2025-07-10,Sampit,Kalimantan Tengah,-2.535,112.9501,0.439,0.464,0.48,26.8
2025-07-11,Sampit,Kalimantan Tengah,-2.535,112.9501,0.423,0.451,0.477,27.2
2025-07-12,Sampit,Kalimantan Tengah,-2.535,112.9501,0.423,0.443,0.475,27.4
2025-07-13,Sampit,Kalimantan Tengah,-2.535,112.9501,0.413,0.432,0.472,27.5
2025-07-14,Sampit,Kalimantan Tengah,-2.535,112.9501,0.467,0.438,0.47,25.9
2025-07-15,Sampit,Kalimantan Tengah,-2.535,112.9501,0.474,0.444,0.468,26.0
2025-07-16,Sampit,Kalimantan Tengah,-2.535,112.9501,0.473,0.448,0.466,26.4
2025-07-17,Sampit,Kalimantan Tengah,-2.535,112.9501,0.493,0.486,0.465,25.9
2025-07-18,Sampit,Kalimantan Tengah,-2.535,112.9501,0.494,0.495,0.466,26.0
2025-07-19,Sampit,Kalimantan Tengah,-2.535,112.9501,0.467,0.482,0.466,26.6
2025-07-20,Sampit,Kalimantan Tengah,-2.535,112.9501,0.446,0.467,0.464,26.5
2025-07-21,Sampit,Kalimantan Tengah,-2.535,112.9501,0.431,0.454,0.461,26.6
2025-07-22,Sampit,Kalimantan Tengah,-2.535,112.9501,0.409,0.436,0.457,26.9
2025-07-23,Sampit,Kalimantan Tengah,-2.535,112.9501,0.409,0.425,0.454,27.6
2025-07-24,Sampit,Kalimantan Tengah,-2.535,112.9501,0.407,0.414,0.452,27.7
2025-07-25,Sampit,Kalimantan Tengah,-2.535,112.9501,0.383,0.399,0.448,27.9
2025-07-26,Sampit,Kalimantan Tengah,-2.535,112.9501,0.36,0.388,0.445,28.1
2025-07-27,Sampit,Kalimantan Tengah,-2.535,112.9501,0.332,0.37,0.438,28.3
2025-07-28,Sampit,Kalimantan Tengah,-2.535,112.9501,0.309,0.359,0.432,28.7
2025-07-29,Sampit,Kalimantan Tengah,-2.535,112.9501,0.294,0.352,0.428,28.6
2025-07-30,Sampit,Kalimantan Tengah,-2.535,112.9501,0.284,0.346,0.423,28.7
2025-07-31,Sampit,Kalimantan Tengah,-2.535,112.9501,0.276,0.34,0.42,28.8
2025-08-01,Sampit,Kalimantan Tengah,-2.535,112.9501,0.282,0.341,0.42,28.5
2025-08-02,Sampit,Kalimantan Tengah,-2.535,112.9501,0.313,0.337,0.416,27.4
2025-08-03,Sampit,Kalimantan Tengah,-2.535,112.9501,0.433,0.338,0.411,26.4
2025-08-04,Sampit,Kalimantan Tengah,-2.535,112.9501,0.487,0.399,0.404,25.6
2025-08-05,Sampit,Kalimantan Tengah,-2.535,112.9501,0.451,0.427,0.399,26.8
2025-08-06,Sampit,Kalimantan Tengah,-2.535,112.9501,0.403,0.414,0.391,27.4
2025-08-07,Sampit,Kalimantan Tengah,-2.535,112.9501,0.381,0.403,0.386,28.0
2025-08-08,Sampit,Kalimantan Tengah,-2.535,112.9501,0.362,0.394,0.384,28.2
2025-08-09,Sampit,Kalimantan Tengah,-2.535,112.9501,0.408,0.393,0.382,27.0
2025-08-10,Sampit,Kalimantan Tengah,-2.535,112.9501,0.472,0.428,0.38,26.5
2025-08-11,Sampit,Kalimantan Tengah,-2.535,112.9501,0.478,0.437,0.38,26.5
2025-08-12,Sampit,Kalimantan Tengah,-2.535,112.9501,0.504,0.492,0.385,25.5
2025-08-13,Sampit,Kalimantan Tengah,-2.535,112.9501,0.489,0.492,0.397,26.2
2025-08-14,Sampit,Kalimantan Tengah,-2.535,112.9501,0.501,0.491,0.401,25.7
2025-08-15,Sampit,Kalimantan Tengah,-2.535,112.9501,0.483,0.48,0.403,26.2
2025-08-16,Sampit,Kalimantan Tengah,-2.535,112.9501,0.484,0.488,0.407,26.3
2025-08-17,Sampit,Kalimantan Tengah,-2.535,112.9501,0.495,0.498,0.415,26.2
2025-08-18,Sampit,Kalimantan Tengah,-2.535,112.9501,0.497,0.503,0.429,26.1
2025-08-19,Sampit,Kalimantan Tengah,-2.535,112.9501,0.505,0.51,0.449,25.7
2025-08-20,Sampit,Kalimantan Tengah,-2.535,112.9501,0.501,0.51,0.478,25.4
2025-08-21,Sampit,Kalimantan Tengah,-2.535,112.9501,0.494,0.496,0.483,26.3
2025-08-22,Sampit,Kalimantan Tengah,-2.535,112.9501,0.483,0.486,0.483,26.9
2025-08-23,Sampit,Kalimantan Tengah,-2.535,112.9501,0.459,0.478,0.482,27.4
2025-08-24,Sampit,Kalimantan Tengah,-2.535,112.9501,0.478,0.473,0.48,26.5
2025-08-25,Sampit,Kalimantan Tengah,-2.535,112.9501,0.461,0.469,0.479,26.6
2025-08-26,Sampit,Kalimantan Tengah,-2.535,112.9501,0.459,0.462,0.478,26.1
2025-08-27,Sampit,Kalimantan Tengah,-2.535,112.9501,0.481,0.471,0.476,26.0
2025-08-28,Sampit,Kalimantan Tengah,-2.535,112.9501,0.472,0.463,0.475,25.9
2025-08-29,Sampit,Kalimantan Tengah,-2.535,112.9501,0.481,0.475,0.474,26.2
2025-08-30,Sampit,Kalimantan Tengah,-2.535,112.9501,0.478,0.478,0.473,26.7
2025-08-31,Sampit,Kalimantan Tengah,-2.535,112.9501,0.502,0.498,0.475,26.3
2025-09-01,Sampit,Kalimantan Tengah,-2.535,112.9501,0.497,0.506,0.489,26.5
2025-09-02,Sampit,Kalimantan Tengah,-2.535,112.9501,0.47,0.49,0.49,27.5
2025-09-03,Sampit,Kalimantan Tengah,-2.535,112.9501,0.487,0.49,0.489,26.5
2025-09-04,Sampit,Kalimantan Tengah,-2.535,112.9501,0.498,0.509,0.498,26.4
2025-09-05,Sampit,Kalimantan Tengah,-2.535,112.9501,0.496,0.505,0.501,26.4
2025-09-06,Sampit,Kalimantan Tengah,-2.535,112.9501,0.504,0.512,0.513,26.2
2025-09-07,Sampit,Kalimantan Tengah,-2.535,112.9501,0.501,0.509,0.514,25.6
2025-09-08,Sampit,Kalimantan Tengah,-2.535,112.9501,0.494,0.496,0.511,25.9
2025-09-09,Sampit,Kalimantan Tengah,-2.535,112.9501,0.494,0.498,0.508,26.1
2025-09-10,Sampit,Kalimantan Tengah,-2.535,112.9501,0.503,0.512,0.515,25.3
2025-09-11,Sampit,Kalimantan Tengah,-2.535,112.9501,0.495,0.5,0.514,25.9
2025-09-12,Sampit,Kalimantan Tengah,-2.535,112.9501,0.499,0.508,0.515,25.7
2025-09-13,Sampit,Kalimantan Tengah,-2.535,112.9501,0.495,0.497,0.513,26.6
2025-09-14,Sampit,Kalimantan Tengah,-2.535,112.9501,0.479,0.476,0.507,26.9
2025-09-15,Sampit,Kalimantan Tengah,-2.535,112.9501,0.486,0.483,0.503,26.7
2025-09-16,Sampit,Kalimantan Tengah,-2.535,112.9501,0.5,0.51,0.513,26.3
2025-09-17,Sampit,Kalimantan Tengah,-2.535,112.9501,0.5,0.502,0.516,25.1
2025-09-18,Sampit,Kalimantan Tengah,-2.535,112.9501,0.476,0.481,0.512,25.7
2025-09-19,Sampit,Kalimantan Tengah,-2.535,112.9501,0.466,0.472,0.505,27.4
2025-09-20,Sampit,Kalimantan Tengah,-2.535,112.9501,0.501,0.508,0.511,27.0
2025-09-21,Sampit,Kalimantan Tengah,-2.535,112.9501,0.486,0.49,0.511,27.5
2025-09-22,Sampit,Kalimantan Tengah,-2.535,112.9501,0.463,0.476,0.504,27.4
2025-09-23,Sampit,Kalimantan Tengah,-2.535,112.9501,0.436,0.461,0.496,27.6
2025-09-24,Sampit,Kalimantan Tengah,-2.535,112.9501,0.426,0.446,0.487,27.5
2025-09-25,Sampit,Kalimantan Tengah,-2.535,112.9501,0.458,0.444,0.479,27.4
2025-09-26,Sampit,Kalimantan Tengah,-2.535,112.9501,0.479,0.451,0.472,27.2
2025-09-27,Sampit,Kalimantan Tengah,-2.535,112.9501,0.439,0.444,0.464,27.9
2025-09-28,Sampit,Kalimantan Tengah,-2.535,112.9501,0.445,0.446,0.458,28.0
2025-09-29,Sampit,Kalimantan Tengah,-2.535,112.9501,0.493,0.465,0.453,26.6
2025-09-30,Sampit,Kalimantan Tengah,-2.535,112.9501,0.501,0.499,0.453,26.6
2025-10-01,Sampit,Kalimantan Tengah,-2.535,112.9501,0.476,0.488,0.452,27.5
2025-10-02,Sampit,Kalimantan Tengah,-2.535,112.9501,0.48,0.492,0.454,27.9
2025-10-03,Sampit,Kalimantan Tengah,-2.535,112.9501,0.447,0.477,0.453,28.1
2025-10-04,Sampit,Kalimantan Tengah,-2.535,112.9501,0.447,0.468,0.45,26.4
2025-10-05,Sampit,Kalimantan Tengah,-2.535,112.9501,0.489,0.486,0.448,26.5
2025-10-06,Sampit,Kalimantan Tengah,-2.535,112.9501,0.475,0.482,0.448,26.4
2025-10-07,Sampit,Kalimantan Tengah,-2.535,112.9501,0.478,0.478,0.445,26.8
2025-10-08,Sampit,Kalimantan Tengah,-2.535,112.9501,0.427,0.454,0.44,27.3
2025-10-09,Sampit,Kalimantan Tengah,-2.535,112.9501,0.407,0.443,0.436,27.4
2025-10-10,Sampit,Kalimantan Tengah,-2.535,112.9501,0.399,0.432,0.433,27.6
2025-10-11,Sampit,Kalimantan Tengah,-2.535,112.9501,0.394,0.42,0.429,28.2
2025-10-12,Sampit,Kalimantan Tengah,-2.535,112.9501,0.475,0.457,0.425,27.6
2025-10-13,Sampit,Kalimantan Tengah,-2.535,112.9501,0.474,0.463,0.424,27.8
2025-10-14,Sampit,Kalimantan Tengah,-2.535,112.9501,0.485,0.499,0.429,27.7
2025-10-15,Sampit,Kalimantan Tengah,-2.535,112.9501,0.463,0.478,0.429,27.9
2025-10-16,Sampit,Kalimantan Tengah,-2.535,112.9501,0.454,0.465,0.427,28.2
2025-10-17,Sampit,Kalimantan Tengah,-2.535,112.9501,0.489,0.482,0.426,27.3
2025-10-18,Sampit,Kalimantan Tengah,-2.535,112.9501,0.455,0.468,0.425,28.1
2025-10-19,Sampit,Kalimantan Tengah,-2.535,112.9501,0.469,0.466,0.421,27.5
2025-10-20,Sampit,Kalimantan Tengah,-2.535,112.9501,0.481,0.473,0.42,27.3
2025-10-21,Sampit,Kalimantan Tengah,-2.535,112.9501,0.495,0.496,0.422,27.2
2025-10-22,Sampit,Kalimantan Tengah,-2.535,112.9501,0.509,0.511,0.432,25.3
2025-10-23,Sampit,Kalimantan Tengah,-2.535,112.9501,0.496,0.499,0.439,26.2
2025-10-24,Sampit,Kalimantan Tengah,-2.535,112.9501,0.485,0.492,0.44,26.4
2025-10-25,Sampit,Kalimantan Tengah,-2.535,112.9501,0.482,0.494,0.444,26.7
2025-10-26,Sampit,Kalimantan Tengah,-2.535,112.9501,0.502,0.51,0.453,25.5
2025-10-27,Sampit,Kalimantan Tengah,-2.535,112.9501,0.494,0.503,0.465,26.3
2025-10-28,Sampit,Kalimantan Tengah,-2.535,112.9501,0.498,0.505,0.473,26.7
2025-10-29,Sampit,Kalimantan Tengah,-2.535,112.9501,0.5,0.511,0.488,26.0
2025-10-30,Sampit,Kalimantan Tengah,-2.535,112.9501,0.48,0.494,0.49,27.4
2025-10-31,Sampit,Kalimantan Tengah,-2.535,112.9501,0.494,0.501,0.493,26.7
2025-11-01,Sampit,Kalimantan Tengah,-2.535,112.9501,0.475,0.492,0.494,28.3
2025-11-02,Sampit,Kalimantan Tengah,-2.535,112.9501,0.489,0.501,0.496,27.5
2025-11-03,Sampit,Kalimantan Tengah,-2.535,112.9501,0.476,0.49,0.495,28.1
2025-11-04,Sampit,Kalimantan Tengah,-2.535,112.9501,0.476,0.482,0.492,27.8
2025-11-05,Sampit,Kalimantan Tengah,-2.535,112.9501,0.496,0.506,0.494,27.0
2025-11-06,Sampit,Kalimantan Tengah,-2.535,112.9501,0.499,0.508,0.498,26.5
2025-11-07,Sampit,Kalimantan Tengah,-2.535,112.9501,0.488,0.5,0.502,27.3
2025-11-08,Sampit,Kalimantan Tengah,-2.535,112.9501,0.477,0.487,0.499,27.9
2025-11-09,Sampit,Kalimantan Tengah,-2.535,112.9501,0.502,0.506,0.499,26.9
2025-11-10,Sampit,Kalimantan Tengah,-2.535,112.9501,0.488,0.496,0.497,27.4
2025-11-11,Sampit,Kalimantan Tengah,-2.535,112.9501,0.496,0.508,0.5,26.9
2025-11-12,Sampit,Kalimantan Tengah,-2.535,112.9501,0.504,0.511,0.509,26.2
2025-11-13,Sampit,Kalimantan Tengah,-2.535,112.9501,0.491,0.501,0.506,26.0
2025-11-14,Sampit,Kalimantan Tengah,-2.535,112.9501,0.477,0.489,0.504,27.0
2025-11-15,Sampit,Kalimantan Tengah,-2.535,112.9501,0.456,0.472,0.501,27.7
2025-11-16,Sampit,Kalimantan Tengah,-2.535,112.9501,0.489,0.483,0.498,26.2
2025-11-17,Sampit,Kalimantan Tengah,-2.535,112.9501,0.495,0.495,0.497,26.3
2025-11-18,Sampit,Kalimantan Tengah,-2.535,112.9501,0.489,0.506,0.5,27.0
2025-11-19,Sampit,Kalimantan Tengah,-2.535,112.9501,0.492,0.506,0.504,27.5
2025-11-20,Sampit,Kalimantan Tengah,-2.535,112.9501,0.506,0.512,0.511,26.2
2025-11-21,Sampit,Kalimantan Tengah,-2.535,112.9501,0.488,0.5,0.509,27.0
2025-11-22,Sampit,Kalimantan Tengah,-2.535,112.9501,0.494,0.489,0.507,26.9
2025-11-23,Sampit,Kalimantan Tengah,-2.535,112.9501,0.478,0.482,0.503,27.8
2025-11-24,Sampit,Kalimantan Tengah,-2.535,112.9501,0.492,0.492,0.502,27.1
2025-11-25,Sampit,Kalimantan Tengah,-2.535,112.9501,0.477,0.495,0.504,27.6
2025-11-26,Sampit,Kalimantan Tengah,-2.535,112.9501,0.463,0.477,0.501,28.1
2025-11-27,Sampit,Kalimantan Tengah,-2.535,112.9501,0.438,0.463,0.497,28.1
2025-11-28,Sampit,Kalimantan Tengah,-2.535,112.9501,0.475,0.477,0.494,27.4
2025-11-29,Sampit,Kalimantan Tengah,-2.535,112.9501,0.503,0.508,0.499,25.9
2025-11-30,Sampit,Kalimantan Tengah,-2.535,112.9501,0.489,0.508,0.511,26.5
2025-12-01,Sampit,Kalimantan Tengah,-2.535,112.9501,0.487,0.497,0.51,26.9
2025-12-02,Sampit,Kalimantan Tengah,-2.535,112.9501,0.502,0.512,0.515,25.7
2025-12-03,Sampit,Kalimantan Tengah,-2.535,112.9501,0.49,0.494,0.513,26.8
2025-12-04,Sampit,Kalimantan Tengah,-2.535,112.9501,0.5,0.509,0.516,26.5
2025-12-05,Sampit,Kalimantan Tengah,-2.535,112.9501,0.477,0.488,0.513,26.8
2025-12-06,Sampit,Kalimantan Tengah,-2.535,112.9501,0.496,0.497,0.507,26.7
2025-12-07,Sampit,Kalimantan Tengah,-2.535,112.9501,0.487,0.496,0.501,27.1
2025-12-08,Sampit,Kalimantan Tengah,-2.535,112.9501,0.49,0.497,0.495,26.1
2025-12-09,Sampit,Kalimantan Tengah,-2.535,112.9501,0.485,0.5,0.491,25.5
2025-12-10,Sampit,Kalimantan Tengah,-2.535,112.9501,0.488,0.502,0.489,26.2
2025-12-11,Sampit,Kalimantan Tengah,-2.535,112.9501,0.485,0.499,0.489,26.2
2025-12-12,Sampit,Kalimantan Tengah,-2.535,112.9501,0.488,0.499,0.486,26.6
2025-12-13,Sampit,Kalimantan Tengah,-2.535,112.9501,0.499,0.508,0.489,26.9
2025-12-14,Sampit,Kalimantan Tengah,-2.535,112.9501,0.509,0.516,0.503,26.1
2025-12-15,Sampit,Kalimantan Tengah,-2.535,112.9501,0.502,0.506,0.516,26.0
2025-12-16,Sampit,Kalimantan Tengah,-2.535,112.9501,0.492,0.495,0.512,26.8
2025-12-17,Sampit,Kalimantan Tengah,-2.535,112.9501,0.458,0.474,0.504,27.6
2025-12-18,Sampit,Kalimantan Tengah,-2.535,112.9501,0.46,0.461,0.494,27.4
2025-12-19,Sampit,Kalimantan Tengah,-2.535,112.9501,0.492,0.485,0.487,26.8
2025-12-20,Sampit,Kalimantan Tengah,-2.535,112.9501,0.497,0.499,0.482,26.9
2025-12-21,Sampit,Kalimantan Tengah,-2.535,112.9501,0.495,0.502,0.479,26.8
2025-12-22,Sampit,Kalimantan Tengah,-2.535,112.9501,0.494,0.499,0.478,26.6
2025-12-23,Sampit,Kalimantan Tengah,-2.535,112.9501,0.497,0.508,0.481,26.8
2025-12-24,Sampit,Kalimantan Tengah,-2.535,112.9501,0.501,0.512,0.494,26.5
2025-12-25,Sampit,Kalimantan Tengah,-2.535,112.9501,0.495,0.503,0.494,27.1
2025-12-26,Sampit,Kalimantan Tengah,-2.535,112.9501,0.498,0.51,0.504,26.9
2025-12-27,Sampit,Kalimantan Tengah,-2.535,112.9501,0.502,0.507,0.513,25.9
2025-12-28,Sampit,Kalimantan Tengah,-2.535,112.9501,0.502,0.503,0.515,26.2
2025-12-29,Sampit,Kalimantan Tengah,-2.535,112.9501,0.477,0.487,0.51,26.9
2025-12-30,Sampit,Kalimantan Tengah,-2.535,112.9501,0.478,0.479,0.504,27.0
2025-12-31,Sampit,Kalimantan Tengah,-2.535,112.9501,0.499,0.5,0.497,26.6
2026-01-01,Sampit,Kalimantan Tengah,-2.535,112.9501,0.508,0.511,0.497,26.0
2026-01-02,Sampit,Kalimantan Tengah,-2.535,112.9501,0.498,0.506,0.501,26.5
2026-01-03,Sampit,Kalimantan Tengah,-2.535,112.9501,0.5,0.508,0.501,26.2
2026-01-04,Sampit,Kalimantan Tengah,-2.535,112.9501,0.488,0.499,0.499,26.0
2026-01-05,Sampit,Kalimantan Tengah,-2.535,112.9501,0.491,0.5,0.494,26.1
2026-01-06,Sampit,Kalimantan Tengah,-2.535,112.9501,0.487,0.496,0.49,26.7
2026-01-07,Sampit,Kalimantan Tengah,-2.535,112.9501,0.496,0.503,0.488,26.5
2026-01-08,Sampit,Kalimantan Tengah,-2.535,112.9501,0.504,0.513,0.496,26.5
2026-01-09,Sampit,Kalimantan Tengah,-2.535,112.9501,0.488,0.501,0.509,26.5
2026-01-10,Sampit,Kalimantan Tengah,-2.535,112.9501,0.482,0.481,0.505,26.7
2026-01-11,Sampit,Kalimantan Tengah,-2.535,112.9501,0.492,0.479,0.5,26.1
2026-01-12,Sampit,Kalimantan Tengah,-2.535,112.9501,0.48,0.49,0.495,27.1
2026-01-13,Sampit,Kalimantan Tengah,-2.535,112.9501,0.447,0.473,0.488,27.5
2026-01-14,Sampit,Kalimantan Tengah,-2.535,112.9501,0.424,0.458,0.482,28.0
2026-01-15,Sampit,Kalimantan Tengah,-2.535,112.9501,0.404,0.445,0.475,27.9
2026-01-16,Sampit,Kalimantan Tengah,-2.535,112.9501,0.395,0.433,0.469,27.9
2026-01-17,Sampit,Kalimantan Tengah,-2.535,112.9501,0.369,0.416,0.462,28.5
2026-01-18,Sampit,Kalimantan Tengah,-2.535,112.9501,0.365,0.408,0.457,28.2
2026-01-19,Sampit,Kalimantan Tengah,-2.535,112.9501,0.354,0.399,0.451,28.3
2026-01-20,Sampit,Kalimantan Tengah,-2.535,112.9501,0.342,0.39,0.446,28.3
2026-01-21,Sampit,Kalimantan Tengah,-2.535,112.9501,0.328,0.382,0.441,27.4
2026-01-22,Sampit,Kalimantan Tengah,-2.535,112.9501,0.311,0.372,0.434,28.0
2026-01-23,Sampit,Kalimantan Tengah,-2.535,112.9501,0.302,0.367,0.428,28.1
2026-01-24,Sampit,Kalimantan Tengah,-2.535,112.9501,0.288,0.356,0.421,28.4
2026-01-25,Sampit,Kalimantan Tengah,-2.535,112.9501,0.29,0.345,0.415,28.5
2026-01-26,Sampit,Kalimantan Tengah,-2.535,112.9501,0.323,0.343,0.414,28.2
2026-01-27,Sampit,Kalimantan Tengah,-2.535,112.9501,0.303,0.338,0.412,29.2
2026-01-28,Sampit,Kalimantan Tengah,-2.535,112.9501,0.334,0.349,0.418,28.3
2026-01-29,Sampit,Kalimantan Tengah,-2.535,112.9501,0.467,0.359,0.417,27.1
2026-01-30,Sampit,Kalimantan Tengah,-2.535,112.9501,0.478,0.393,0.411,27.3
2026-01-31,Sampit,Kalimantan Tengah,-2.535,112.9501,0.481,0.429,0.409,26.7
2026-02-01,Sampit,Kalimantan Tengah,-2.535,112.9501,0.489,0.459,0.408,26.4
2026-02-02,Sampit,Kalimantan Tengah,-2.535,112.9501,0.495,0.495,0.412,26.0
2026-02-03,Sampit,Kalimantan Tengah,-2.535,112.9501,0.492,0.487,0.414,26.5
2026-02-04,Sampit,Kalimantan Tengah,-2.535,112.9501,0.501,0.499,0.424,25.6
2026-02-05,Sampit,Kalimantan Tengah,-2.535,112.9501,0.491,0.489,0.428,26.5
2026-02-06,Sampit,Kalimantan Tengah,-2.535,112.9501,0.487,0.481,0.429,26.1
2026-02-07,Sampit,Kalimantan Tengah,-2.535,112.9501,0.478,0.478,0.429,27.1
2026-02-08,Sampit,Kalimantan Tengah,-2.535,112.9501,0.466,0.469,0.428,27.1
2026-02-09,Sampit,Kalimantan Tengah,-2.535,112.9501,0.46,0.456,0.426,27.8
2026-02-10,Sampit,Kalimantan Tengah,-2.535,112.9501,0.465,0.452,0.425,27.1
2026-02-11,Sampit,Kalimantan Tengah,-2.535,112.9501,0.46,0.447,0.423,27.8
2026-02-12,Sampit,Kalimantan Tengah,-2.535,112.9501,0.497,0.474,0.422,26.8
2026-02-13,Sampit,Kalimantan Tengah,-2.535,112.9501,0.499,0.497,0.424,25.8
2026-02-14,Sampit,Kalimantan Tengah,-2.535,112.9501,0.476,0.485,0.427,27.1
2026-02-15,Sampit,Kalimantan Tengah,-2.535,112.9501,0.476,0.473,0.427,27.1
2026-02-16,Sampit,Kalimantan Tengah,-2.535,112.9501,0.474,0.464,0.426,27.6
2026-02-17,Sampit,Kalimantan Tengah,-2.535,112.9501,0.495,0.493,0.428,26.8
2026-02-18,Sampit,Kalimantan Tengah,-2.535,112.9501,0.501,0.502,0.443,26.9
2026-02-19,Sampit,Kalimantan Tengah,-2.535,112.9501,0.5,0.51,0.476,26.5
2026-02-20,Sampit,Kalimantan Tengah,-2.535,112.9501,0.493,0.505,0.491,26.8
2026-02-21,Sampit,Kalimantan Tengah,-2.535,112.9501,0.493,0.505,0.503,26.5
2026-02-22,Sampit,Kalimantan Tengah,-2.535,112.9501,0.479,0.492,0.502,27.4
2026-02-23,Sampit,Kalimantan Tengah,-2.535,112.9501,0.498,0.504,0.503,26.6
2026-02-24,Sampit,Kalimantan Tengah,-2.535,112.9501,0.498,0.507,0.506,26.1
2026-02-25,Sampit,Kalimantan Tengah,-2.535,112.9501,0.487,0.494,0.505,26.4
2026-02-26,Sampit,Kalimantan Tengah,-2.535,112.9501,0.469,0.477,0.501,27.5
2026-02-27,Sampit,Kalimantan Tengah,-2.535,112.9501,0.433,0.462,0.498,27.5
2026-02-28,Sampit,Kalimantan Tengah,-2.535,112.9501,0.406,0.447,0.494,28.0
2026-03-01,Sampit,Kalimantan Tengah,-2.535,112.9501,0.377,0.433,0.489,28.8
2026-03-02,Sampit,Kalimantan Tengah,-2.535,112.9501,0.421,0.429,0.484,28.5
2026-03-03,Sampit,Kalimantan Tengah,-2.535,112.9501,0.422,0.426,0.48,28.5
2026-03-04,Sampit,Kalimantan Tengah,-2.535,112.9501,0.425,0.417,0.476,28.2
2026-03-05,Sampit,Kalimantan Tengah,-2.535,112.9501,0.372,0.398,0.471,27.7
2026-03-06,Sampit,Kalimantan Tengah,-2.535,112.9501,0.345,0.384,0.465,28.4
2026-03-07,Sampit,Kalimantan Tengah,-2.535,112.9501,0.378,0.388,0.46,27.5
2026-03-08,Sampit,Kalimantan Tengah,-2.535,112.9501,0.473,0.43,0.457,26.8
2026-03-09,Sampit,Kalimantan Tengah,-2.535,112.9501,0.458,0.42,0.455,26.9
2026-03-10,Sampit,Kalimantan Tengah,-2.535,112.9501,0.459,0.426,0.452,26.9
2026-03-11,Sampit,Kalimantan Tengah,-2.535,112.9501,0.425,0.419,0.449,27.2
2026-03-12,Sampit,Kalimantan Tengah,-2.535,112.9501,0.426,0.414,0.446,27.2
2026-03-13,Sampit,Kalimantan Tengah,-2.535,112.9501,0.445,0.417,0.439,27.5
2026-03-14,Sampit,Kalimantan Tengah,-2.535,112.9501,0.417,0.411,0.434,28.1
2026-03-15,Sampit,Kalimantan Tengah,-2.535,112.9501,0.417,0.402,0.431,27.6
2026-03-16,Sampit,Kalimantan Tengah,-2.535,112.9501,0.497,0.457,0.429,26.3
2026-03-17,Sampit,Kalimantan Tengah,-2.535,112.9501,0.498,0.501,0.433,26.6
2026-03-18,Sampit,Kalimantan Tengah,-2.535,112.9501,0.476,0.491,0.436,27.3
2026-03-19,Sampit,Kalimantan Tengah,-2.535,112.9501,0.468,0.479,0.438,26.7
2026-03-20,Sampit,Kalimantan Tengah,-2.535,112.9501,0.49,0.482,0.438,26.3
2026-03-21,Sampit,Kalimantan Tengah,-2.535,112.9501,0.491,0.492,0.441,26.5
2026-03-22,Sampit,Kalimantan Tengah,-2.535,112.9501,0.499,0.506,0.453,26.1
2026-03-23,Sampit,Kalimantan Tengah,-2.535,112.9501,0.469,0.491,0.461,27.3
2026-03-24,Sampit,Kalimantan Tengah,-2.535,112.9501,0.438,0.472,0.46,28.0
2026-03-25,Sampit,Kalimantan Tengah,-2.535,112.9501,0.416,0.455,0.458,28.3
2026-03-26,Sampit,Kalimantan Tengah,-2.535,112.9501,0.4,0.441,0.455,28.7
2026-03-27,Sampit,Kalimantan Tengah,-2.535,112.9501,0.393,0.422,0.452,28.3
2026-03-28,Sampit,Kalimantan Tengah,-2.535,112.9501,0.364,0.403,0.448,28.2
2026-03-29,Sampit,Kalimantan Tengah,-2.535,112.9501,0.424,0.386,0.445,27.9
2026-03-30,Sampit,Kalimantan Tengah,-2.535,112.9501,0.476,0.405,0.443,26.4
2026-03-31,Sampit,Kalimantan Tengah,-2.535,112.9501,0.446,0.404,0.439,27.4
2026-04-01,Sampit,Kalimantan Tengah,-2.535,112.9501,0.478,0.423,0.437,27.6
2026-04-02,Sampit,Kalimantan Tengah,-2.535,112.9501,0.501,0.492,0.439,26.3
2026-04-03,Sampit,Kalimantan Tengah,-2.535,112.9501,0.481,0.495,0.448,26.7
2026-04-04,Sampit,Kalimantan Tengah,-2.535,112.9501,0.481,0.488,0.451,27.6
2026-04-05,Sampit,Kalimantan Tengah,-2.535,112.9501,0.493,0.498,0.458,27.2
2026-04-06,Sampit,Kalimantan Tengah,-2.535,112.9501,0.493,0.505,0.467,26.7
2026-04-07,Sampit,Kalimantan Tengah,-2.535,112.9501,0.487,0.499,0.472,27.0
2026-04-08,Sampit,Kalimantan Tengah,-2.535,112.9501,0.479,0.498,0.481,27.1
2026-04-09,Sampit,Kalimantan Tengah,-2.535,112.9501,0.495,0.506,0.491,27.2
2026-04-10,Sampit,Kalimantan Tengah,-2.535,112.9501,0.503,0.511,0.506,26.6
2026-04-11,Sampit,Kalimantan Tengah,-2.535,112.9501,0.477,0.496,0.506,27.3
2026-04-12,Sampit,Kalimantan Tengah,-2.535,112.9501,0.472,0.482,0.502,27.3
2026-04-13,Sampit,Kalimantan Tengah,-2.535,112.9501,0.456,0.469,0.499,27.5
2026-04-14,Sampit,Kalimantan Tengah,-2.535,112.9501,0.456,0.46,0.495,27.9
2026-04-15,Sampit,Kalimantan Tengah,-2.535,112.9501,0.489,0.48,0.493,26.9
2026-04-16,Sampit,Kalimantan Tengah,-2.535,112.9501,0.492,0.496,0.492,26.8
2026-04-17,Sampit,Kalimantan Tengah,-2.535,112.9501,0.471,0.489,0.491,27.7
2026-04-18,Sampit,Kalimantan Tengah,-2.535,112.9501,0.496,0.496,0.491,26.8
2026-04-19,Sampit,Kalimantan Tengah,-2.535,112.9501,0.492,0.502,0.491,27.0
2026-04-20,Sampit,Kalimantan Tengah,-2.535,112.9501,0.488,0.497,0.493,27.5
2026-04-21,Sampit,Kalimantan Tengah,-2.535,112.9501,0.488,0.497,0.493,27.2
2026-04-22,Sampit,Kalimantan Tengah,-2.535,112.9501,0.503,0.513,0.508,25.8
2026-04-23,Sampit,Kalimantan Tengah,-2.535,112.9501,0.475,0.491,0.513,27.3
2026-04-24,Sampit,Kalimantan Tengah,-2.535,112.9501,0.437,0.467,0.507,28.5
2026-04-25,Sampit,Kalimantan Tengah,-2.535,112.9501,0.412,0.45,0.502,28.8
2026-04-26,Sampit,Kalimantan Tengah,-2.535,112.9501,0.394,0.433,0.497,28.7
2026-04-27,Sampit,Kalimantan Tengah,-2.535,112.9501,0.499,0.487,0.493,26.9
2026-04-28,Sampit,Kalimantan Tengah,-2.535,112.9501,0.463,0.473,0.489,28.2
2026-04-29,Sampit,Kalimantan Tengah,-2.535,112.9501,0.487,0.495,0.487,28.1
2026-04-30,Sampit,Kalimantan Tengah,-2.535,112.9501,0.499,0.51,0.505,26.3
2026-05-01,Sampit,Kalimantan Tengah,-2.535,112.9501,0.488,0.497,0.509,27.4
2026-05-02,Sampit,Kalimantan Tengah,-2.535,112.9501,0.476,0.482,0.506,27.9
2026-05-03,Sampit,Kalimantan Tengah,-2.535,112.9501,0.485,0.483,0.502,27.0
2026-05-04,Sampit,Kalimantan Tengah,-2.535,112.9501,0.487,0.493,0.501,27.0
2026-05-05,Sampit,Kalimantan Tengah,-2.535,112.9501,0.496,0.506,0.508,26.7
2026-05-06,Sampit,Kalimantan Tengah,-2.535,112.9501,0.473,0.494,0.506,27.8
2026-05-07,Sampit,Kalimantan Tengah,-2.535,112.9501,0.458,0.478,0.504,27.4
2026-05-08,Sampit,Kalimantan Tengah,-2.535,112.9501,0.474,0.472,0.501,27.5
2026-05-09,Sampit,Kalimantan Tengah,-2.535,112.9501,0.497,0.504,0.505,27.3
2026-05-10,Sampit,Kalimantan Tengah,-2.535,112.9501,0.487,0.494,0.504,27.7
2026-05-11,Sampit,Kalimantan Tengah,-2.535,112.9501,0.487,0.496,0.502,27.9
2026-05-12,Sampit,Kalimantan Tengah,-2.535,112.9501,0.503,0.511,0.508,27.5
2026-05-13,Sampit,Kalimantan Tengah,-2.535,112.9501,0.498,0.505,0.508,27.3
2026-05-14,Sampit,Kalimantan Tengah,-2.535,112.9501,0.503,0.51,0.513,27.8
2026-05-15,Sampit,Kalimantan Tengah,-2.535,112.9501,0.51,0.508,0.518,27.2
2026-05-16,Sampit,Kalimantan Tengah,-2.535,112.9501,0.503,0.506,0.516,27.3
2026-05-17,Sampit,Kalimantan Tengah,-2.535,112.9501,0.505,0.509,0.515,26.8
2026-05-18,Sampit,Kalimantan Tengah,-2.535,112.9501,0.497,0.502,0.514,27.9
2026-05-19,Sampit,Kalimantan Tengah,-2.535,112.9501,0.486,0.488,0.5,28.3
2026-05-20,Sampit,Kalimantan Tengah,-2.535,112.9501,0.474,0.488,0.486,28.8
2026-05-21,Sampit,Kalimantan Tengah,-2.535,112.9501,0.449,0.472,0.474,29.4
2026-05-22,Sampit,Kalimantan Tengah,-2.535,112.9501,0.445,0.461,0.464,29.0
2026-05-23,Sampit,Kalimantan Tengah,-2.535,112.9501,0.466,0.462,0.457,27.9
2026-05-24,Sampit,Kalimantan Tengah,-2.535,112.9501,0.454,0.462,0.451,28.5
2026-05-25,Sampit,Kalimantan Tengah,-2.535,112.9501,0.483,0.477,0.446,27.5
2026-05-26,Sampit,Kalimantan Tengah,-2.535,112.9501,0.485,0.483,0.443,27.4
2026-05-27,Sampit,Kalimantan Tengah,-2.535,112.9501,0.49,0.489,0.441,27.3
2026-05-28,Sampit,Kalimantan Tengah,-2.535,112.9501,0.494,0.495,0.439,27.2
2026-05-29,Sampit,Kalimantan Tengah,-2.535,112.9501,0.482,0.483,0.439,27.6
2026-05-30,Sampit,Kalimantan Tengah,-2.535,112.9501,0.477,0.475,0.437,28.1
2026-05-31,Sampit,Kalimantan Tengah,-2.535,112.9501,0.462,0.463,0.435,28.0
2024-08-01,Singkawang,Kalimantan Barat,0.9023,108.9861,0.136,0.072,0.116,28.0
2024-08-02,Singkawang,Kalimantan Barat,0.9023,108.9861,0.148,0.071,0.115,26.7
2024-08-03,Singkawang,Kalimantan Barat,0.9023,108.9861,0.126,0.07,0.114,28.0
2024-08-04,Singkawang,Kalimantan Barat,0.9023,108.9861,0.123,0.067,0.112,27.9
2024-08-05,Singkawang,Kalimantan Barat,0.9023,108.9861,0.166,0.068,0.112,27.3
2024-08-06,Singkawang,Kalimantan Barat,0.9023,108.9861,0.186,0.07,0.113,27.1
2024-08-07,Singkawang,Kalimantan Barat,0.9023,108.9861,0.239,0.106,0.113,25.4
2024-08-08,Singkawang,Kalimantan Barat,0.9023,108.9861,0.212,0.125,0.113,26.0
2024-08-09,Singkawang,Kalimantan Barat,0.9023,108.9861,0.227,0.13,0.111,27.3
2024-08-10,Singkawang,Kalimantan Barat,0.9023,108.9861,0.208,0.128,0.111,27.2
2024-08-11,Singkawang,Kalimantan Barat,0.9023,108.9861,0.294,0.165,0.109,25.6
2024-08-12,Singkawang,Kalimantan Barat,0.9023,108.9861,0.297,0.236,0.107,26.0
2024-08-13,Singkawang,Kalimantan Barat,0.9023,108.9861,0.252,0.226,0.107,26.8
2024-08-14,Singkawang,Kalimantan Barat,0.9023,108.9861,0.27,0.234,0.109,26.2
2024-08-15,Singkawang,Kalimantan Barat,0.9023,108.9861,0.299,0.262,0.113,25.3
2024-08-16,Singkawang,Kalimantan Barat,0.9023,108.9861,0.293,0.274,0.121,25.3
2024-08-17,Singkawang,Kalimantan Barat,0.9023,108.9861,0.289,0.275,0.13,26.1
2024-08-18,Singkawang,Kalimantan Barat,0.9023,108.9861,0.296,0.271,0.136,25.8
2024-08-19,Singkawang,Kalimantan Barat,0.9023,108.9861,0.261,0.259,0.141,26.6
2024-08-20,Singkawang,Kalimantan Barat,0.9023,108.9861,0.304,0.269,0.144,25.1
2024-08-21,Singkawang,Kalimantan Barat,0.9023,108.9861,0.314,0.296,0.152,25.0
2024-08-22,Singkawang,Kalimantan Barat,0.9023,108.9861,0.282,0.273,0.159,25.4
2024-08-23,Singkawang,Kalimantan Barat,0.9023,108.9861,0.254,0.254,0.162,25.8
2024-08-24,Singkawang,Kalimantan Barat,0.9023,108.9861,0.297,0.26,0.166,25.4
2024-08-25,Singkawang,Kalimantan Barat,0.9023,108.9861,0.288,0.285,0.175,25.8
2024-08-26,Singkawang,Kalimantan Barat,0.9023,108.9861,0.274,0.264,0.179,26.1
2024-08-27,Singkawang,Kalimantan Barat,0.9023,108.9861,0.288,0.273,0.182,26.0
2024-08-28,Singkawang,Kalimantan Barat,0.9023,108.9861,0.307,0.291,0.19,24.9
2024-08-29,Singkawang,Kalimantan Barat,0.9023,108.9861,0.306,0.309,0.206,24.9
2024-08-30,Singkawang,Kalimantan Barat,0.9023,108.9861,0.258,0.273,0.209,26.4
2024-08-31,Singkawang,Kalimantan Barat,0.9023,108.9861,0.234,0.253,0.21,27.1
2024-09-01,Singkawang,Kalimantan Barat,0.9023,108.9861,0.216,0.238,0.21,27.5
2024-09-02,Singkawang,Kalimantan Barat,0.9023,108.9861,0.198,0.226,0.208,27.9
2024-09-03,Singkawang,Kalimantan Barat,0.9023,108.9861,0.185,0.214,0.207,28.4
2024-09-04,Singkawang,Kalimantan Barat,0.9023,108.9861,0.175,0.205,0.206,27.5
2024-09-05,Singkawang,Kalimantan Barat,0.9023,108.9861,0.157,0.196,0.204,27.9
2024-09-06,Singkawang,Kalimantan Barat,0.9023,108.9861,0.14,0.187,0.202,28.4
2024-09-07,Singkawang,Kalimantan Barat,0.9023,108.9861,0.137,0.178,0.2,28.6
2024-09-08,Singkawang,Kalimantan Barat,0.9023,108.9861,0.264,0.207,0.199,26.5
2024-09-09,Singkawang,Kalimantan Barat,0.9023,108.9861,0.283,0.228,0.2,25.7
2024-09-10,Singkawang,Kalimantan Barat,0.9023,108.9861,0.258,0.223,0.199,26.5
2024-09-11,Singkawang,Kalimantan Barat,0.9023,108.9861,0.214,0.213,0.197,26.8
2024-09-12,Singkawang,Kalimantan Barat,0.9023,108.9861,0.191,0.205,0.195,27.9
2024-09-13,Singkawang,Kalimantan Barat,0.9023,108.9861,0.182,0.196,0.192,28.0
2024-09-14,Singkawang,Kalimantan Barat,0.9023,108.9861,0.156,0.187,0.189,28.0
2024-09-15,Singkawang,Kalimantan Barat,0.9023,108.9861,0.135,0.178,0.187,27.9
2024-09-16,Singkawang,Kalimantan Barat,0.9023,108.9861,0.119,0.17,0.185,28.4
2024-09-17,Singkawang,Kalimantan Barat,0.9023,108.9861,0.103,0.161,0.182,28.8
2024-09-18,Singkawang,Kalimantan Barat,0.9023,108.9861,0.196,0.168,0.179,27.1
2024-09-19,Singkawang,Kalimantan Barat,0.9023,108.9861,0.219,0.208,0.178,27.5
2024-09-20,Singkawang,Kalimantan Barat,0.9023,108.9861,0.185,0.2,0.177,28.3
2024-09-21,Singkawang,Kalimantan Barat,0.9023,108.9861,0.16,0.19,0.175,28.8
2024-09-22,Singkawang,Kalimantan Barat,0.9023,108.9861,0.145,0.181,0.173,28.7
2024-09-23,Singkawang,Kalimantan Barat,0.9023,108.9861,0.137,0.174,0.173,28.1
2024-09-24,Singkawang,Kalimantan Barat,0.9023,108.9861,0.119,0.167,0.172,28.8
2024-09-25,Singkawang,Kalimantan Barat,0.9023,108.9861,0.183,0.174,0.174,26.2
2024-09-26,Singkawang,Kalimantan Barat,0.9023,108.9861,0.258,0.233,0.181,26.1
2024-09-27,Singkawang,Kalimantan Barat,0.9023,108.9861,0.249,0.235,0.181,26.4
2024-09-28,Singkawang,Kalimantan Barat,0.9023,108.9861,0.286,0.273,0.185,26.8
2024-09-29,Singkawang,Kalimantan Barat,0.9023,108.9861,0.338,0.331,0.198,25.4
2024-09-30,Singkawang,Kalimantan Barat,0.9023,108.9861,0.297,0.294,0.203,25.9
2024-10-01,Singkawang,Kalimantan Barat,0.9023,108.9861,0.25,0.263,0.205,27.0
2024-10-02,Singkawang,Kalimantan Barat,0.9023,108.9861,0.247,0.249,0.205,26.1
2024-10-03,Singkawang,Kalimantan Barat,0.9023,108.9861,0.25,0.242,0.205,27.2
2024-10-04,Singkawang,Kalimantan Barat,0.9023,108.9861,0.325,0.302,0.209,25.8
2024-10-05,Singkawang,Kalimantan Barat,0.9023,108.9861,0.283,0.288,0.217,26.0
2024-10-06,Singkawang,Kalimantan Barat,0.9023,108.9861,0.301,0.286,0.222,26.2
2024-10-07,Singkawang,Kalimantan Barat,0.9023,108.9861,0.306,0.303,0.233,25.6
2024-10-08,Singkawang,Kalimantan Barat,0.9023,108.9861,0.284,0.297,0.243,26.7
2024-10-09,Singkawang,Kalimantan Barat,0.9023,108.9861,0.278,0.28,0.246,26.8
2024-10-10,Singkawang,Kalimantan Barat,0.9023,108.9861,0.295,0.289,0.25,26.6
2024-10-11,Singkawang,Kalimantan Barat,0.9023,108.9861,0.287,0.286,0.254,26.1
2024-10-12,Singkawang,Kalimantan Barat,0.9023,108.9861,0.291,0.306,0.27,27.0
2024-10-13,Singkawang,Kalimantan Barat,0.9023,108.9861,0.311,0.308,0.276,26.2
2024-10-14,Singkawang,Kalimantan Barat,0.9023,108.9861,0.317,0.317,0.283,26.3
2024-10-15,Singkawang,Kalimantan Barat,0.9023,108.9861,0.312,0.316,0.289,26.7
2024-10-16,Singkawang,Kalimantan Barat,0.9023,108.9861,0.317,0.311,0.291,26.2
2024-10-17,Singkawang,Kalimantan Barat,0.9023,108.9861,0.303,0.311,0.296,25.3
2024-10-18,Singkawang,Kalimantan Barat,0.9023,108.9861,0.267,0.289,0.295,26.8
2024-10-19,Singkawang,Kalimantan Barat,0.9023,108.9861,0.247,0.269,0.292,26.9
2024-10-20,Singkawang,Kalimantan Barat,0.9023,108.9861,0.233,0.249,0.288,25.8
2024-10-21,Singkawang,Kalimantan Barat,0.9023,108.9861,0.22,0.235,0.285,25.8
2024-10-22,Singkawang,Kalimantan Barat,0.9023,108.9861,0.193,0.224,0.279,27.5
2024-10-23,Singkawang,Kalimantan Barat,0.9023,108.9861,0.175,0.213,0.274,28.1
2024-10-24,Singkawang,Kalimantan Barat,0.9023,108.9861,0.161,0.203,0.269,28.3
2024-10-25,Singkawang,Kalimantan Barat,0.9023,108.9861,0.144,0.193,0.265,28.4
2024-10-26,Singkawang,Kalimantan Barat,0.9023,108.9861,0.126,0.182,0.257,28.8
2024-10-27,Singkawang,Kalimantan Barat,0.9023,108.9861,0.112,0.175,0.252,28.9
2024-10-28,Singkawang,Kalimantan Barat,0.9023,108.9861,0.101,0.169,0.249,29.0
2024-10-29,Singkawang,Kalimantan Barat,0.9023,108.9861,0.095,0.164,0.245,29.1
2024-10-30,Singkawang,Kalimantan Barat,0.9023,108.9861,0.103,0.157,0.238,28.7
2024-10-31,Singkawang,Kalimantan Barat,0.9023,108.9861,0.168,0.151,0.233,26.8
2024-11-01,Singkawang,Kalimantan Barat,0.9023,108.9861,0.209,0.159,0.231,27.5
2024-11-02,Singkawang,Kalimantan Barat,0.9023,108.9861,0.178,0.158,0.228,28.2
2024-11-03,Singkawang,Kalimantan Barat,0.9023,108.9861,0.242,0.174,0.221,27.2
2024-11-04,Singkawang,Kalimantan Barat,0.9023,108.9861,0.211,0.184,0.219,27.2
2024-11-05,Singkawang,Kalimantan Barat,0.9023,108.9861,0.193,0.18,0.214,27.8
2024-11-06,Singkawang,Kalimantan Barat,0.9023,108.9861,0.179,0.175,0.212,27.5
2024-11-07,Singkawang,Kalimantan Barat,0.9023,108.9861,0.262,0.194,0.205,26.0
2024-11-08,Singkawang,Kalimantan Barat,0.9023,108.9861,0.267,0.22,0.206,26.3
2024-11-09,Singkawang,Kalimantan Barat,0.9023,108.9861,0.273,0.248,0.206,26.4
2024-11-10,Singkawang,Kalimantan Barat,0.9023,108.9861,0.28,0.267,0.208,26.5
2024-11-11,Singkawang,Kalimantan Barat,0.9023,108.9861,0.278,0.277,0.212,26.6
2024-11-12,Singkawang,Kalimantan Barat,0.9023,108.9861,0.282,0.283,0.221,27.0
2024-11-13,Singkawang,Kalimantan Barat,0.9023,108.9861,0.274,0.278,0.239,27.2
2024-11-14,Singkawang,Kalimantan Barat,0.9023,108.9861,0.253,0.262,0.24,27.6
2024-11-15,Singkawang,Kalimantan Barat,0.9023,108.9861,0.315,0.292,0.242,26.7
2024-11-16,Singkawang,Kalimantan Barat,0.9023,108.9861,0.304,0.305,0.252,26.6
2024-11-17,Singkawang,Kalimantan Barat,0.9023,108.9861,0.297,0.299,0.261,26.8
2024-11-18,Singkawang,Kalimantan Barat,0.9023,108.9861,0.334,0.328,0.278,26.4
2024-11-19,Singkawang,Kalimantan Barat,0.9023,108.9861,0.338,0.34,0.3,25.1
2024-11-20,Singkawang,Kalimantan Barat,0.9023,108.9861,0.332,0.337,0.314,25.3
2024-11-21,Singkawang,Kalimantan Barat,0.9023,108.9861,0.304,0.317,0.315,26.2
2024-11-22,Singkawang,Kalimantan Barat,0.9023,108.9861,0.328,0.332,0.32,26.2
2024-11-23,Singkawang,Kalimantan Barat,0.9023,108.9861,0.337,0.343,0.329,26.3
2024-11-24,Singkawang,Kalimantan Barat,0.9023,108.9861,0.319,0.328,0.326,26.4
2024-11-25,Singkawang,Kalimantan Barat,0.9023,108.9861,0.294,0.297,0.321,26.6
2024-11-26,Singkawang,Kalimantan Barat,0.9023,108.9861,0.318,0.301,0.316,26.5
2024-11-27,Singkawang,Kalimantan Barat,0.9023,108.9861,0.284,0.28,0.309,26.8
2024-11-28,Singkawang,Kalimantan Barat,0.9023,108.9861,0.308,0.31,0.307,26.3
2024-11-29,Singkawang,Kalimantan Barat,0.9023,108.9861,0.313,0.308,0.297,26.1
2024-11-30,Singkawang,Kalimantan Barat,0.9023,108.9861,0.301,0.319,0.304,26.2
2024-12-01,Singkawang,Kalimantan Barat,0.9023,108.9861,0.299,0.303,0.305,26.5
2024-12-02,Singkawang,Kalimantan Barat,0.9023,108.9861,0.277,0.284,0.301,26.5
2024-12-03,Singkawang,Kalimantan Barat,0.9023,108.9861,0.306,0.304,0.302,26.6
2024-12-04,Singkawang,Kalimantan Barat,0.9023,108.9861,0.319,0.326,0.317,25.7
2024-12-05,Singkawang,Kalimantan Barat,0.9023,108.9861,0.309,0.316,0.316,26.4
2024-12-06,Singkawang,Kalimantan Barat,0.9023,108.9861,0.277,0.295,0.313,27.0
2024-12-07,Singkawang,Kalimantan Barat,0.9023,108.9861,0.25,0.27,0.309,27.9
2024-12-08,Singkawang,Kalimantan Barat,0.9023,108.9861,0.211,0.237,0.303,27.9
2024-12-09,Singkawang,Kalimantan Barat,0.9023,108.9861,0.22,0.219,0.297,27.2
2024-12-10,Singkawang,Kalimantan Barat,0.9023,108.9861,0.302,0.269,0.293,26.2
2024-12-11,Singkawang,Kalimantan Barat,0.9023,108.9861,0.332,0.331,0.297,26.1
2024-12-12,Singkawang,Kalimantan Barat,0.9023,108.9861,0.34,0.342,0.318,25.8
2024-12-13,Singkawang,Kalimantan Barat,0.9023,108.9861,0.339,0.346,0.336,25.4
2024-12-14,Singkawang,Kalimantan Barat,0.9023,108.9861,0.287,0.304,0.336,26.6
2024-12-15,Singkawang,Kalimantan Barat,0.9023,108.9861,0.255,0.271,0.327,28.0
2024-12-16,Singkawang,Kalimantan Barat,0.9023,108.9861,0.274,0.271,0.319,27.6
2024-12-17,Singkawang,Kalimantan Barat,0.9023,108.9861,0.299,0.295,0.316,26.5
2024-12-18,Singkawang,Kalimantan Barat,0.9023,108.9861,0.334,0.331,0.316,25.8
2024-12-19,Singkawang,Kalimantan Barat,0.9023,108.9861,0.334,0.341,0.323,25.3
2024-12-20,Singkawang,Kalimantan Barat,0.9023,108.9861,0.322,0.32,0.318,25.1
2024-12-21,Singkawang,Kalimantan Barat,0.9023,108.9861,0.302,0.316,0.322,26.0
2024-12-22,Singkawang,Kalimantan Barat,0.9023,108.9861,0.272,0.287,0.316,26.9
2024-12-23,Singkawang,Kalimantan Barat,0.9023,108.9861,0.24,0.261,0.308,27.5
2024-12-24,Singkawang,Kalimantan Barat,0.9023,108.9861,0.223,0.245,0.299,27.4
2024-12-25,Singkawang,Kalimantan Barat,0.9023,108.9861,0.249,0.247,0.291,26.5
2024-12-26,Singkawang,Kalimantan Barat,0.9023,108.9861,0.234,0.239,0.284,27.4
2024-12-27,Singkawang,Kalimantan Barat,0.9023,108.9861,0.238,0.228,0.275,26.2
2024-12-28,Singkawang,Kalimantan Barat,0.9023,108.9861,0.248,0.238,0.266,27.3
2024-12-29,Singkawang,Kalimantan Barat,0.9023,108.9861,0.221,0.235,0.258,27.9
2024-12-30,Singkawang,Kalimantan Barat,0.9023,108.9861,0.191,0.218,0.246,27.9
2024-12-31,Singkawang,Kalimantan Barat,0.9023,108.9861,0.204,0.208,0.24,26.9
2025-01-01,Singkawang,Kalimantan Barat,0.9023,108.9861,0.231,0.215,0.235,27.2
2025-01-02,Singkawang,Kalimantan Barat,0.9023,108.9861,0.212,0.214,0.227,27.8
2025-01-03,Singkawang,Kalimantan Barat,0.9023,108.9861,0.205,0.205,0.222,27.7
2025-01-04,Singkawang,Kalimantan Barat,0.9023,108.9861,0.197,0.194,0.221,27.1
2025-01-05,Singkawang,Kalimantan Barat,0.9023,108.9861,0.17,0.186,0.215,27.1
2025-01-06,Singkawang,Kalimantan Barat,0.9023,108.9861,0.197,0.177,0.209,26.8
2025-01-07,Singkawang,Kalimantan Barat,0.9023,108.9861,0.255,0.188,0.206,25.9
2025-01-08,Singkawang,Kalimantan Barat,0.9023,108.9861,0.276,0.232,0.203,25.6
2025-01-09,Singkawang,Kalimantan Barat,0.9023,108.9861,0.316,0.289,0.204,25.3
2025-01-10,Singkawang,Kalimantan Barat,0.9023,108.9861,0.331,0.314,0.216,25.5
2025-01-11,Singkawang,Kalimantan Barat,0.9023,108.9861,0.336,0.332,0.234,25.1
2025-01-12,Singkawang,Kalimantan Barat,0.9023,108.9861,0.294,0.298,0.241,25.6
2025-01-13,Singkawang,Kalimantan Barat,0.9023,108.9861,0.313,0.308,0.248,25.4
2025-01-14,Singkawang,Kalimantan Barat,0.9023,108.9861,0.311,0.304,0.254,25.0
2025-01-15,Singkawang,Kalimantan Barat,0.9023,108.9861,0.315,0.313,0.258,25.5
2025-01-16,Singkawang,Kalimantan Barat,0.9023,108.9861,0.318,0.322,0.271,25.7
2025-01-17,Singkawang,Kalimantan Barat,0.9023,108.9861,0.278,0.292,0.272,26.4
2025-01-18,Singkawang,Kalimantan Barat,0.9023,108.9861,0.279,0.277,0.267,26.3
2025-01-19,Singkawang,Kalimantan Barat,0.9023,108.9861,0.308,0.297,0.264,24.6
2025-01-20,Singkawang,Kalimantan Barat,0.9023,108.9861,0.318,0.315,0.271,25.2
2025-01-21,Singkawang,Kalimantan Barat,0.9023,108.9861,0.346,0.349,0.292,25.0
2025-01-22,Singkawang,Kalimantan Barat,0.9023,108.9861,0.314,0.318,0.309,25.0
2025-01-23,Singkawang,Kalimantan Barat,0.9023,108.9861,0.324,0.322,0.31,25.3
2025-01-24,Singkawang,Kalimantan Barat,0.9023,108.9861,0.322,0.326,0.312,25.4
2025-01-25,Singkawang,Kalimantan Barat,0.9023,108.9861,0.315,0.326,0.32,25.6
2025-01-26,Singkawang,Kalimantan Barat,0.9023,108.9861,0.328,0.328,0.321,25.2
2025-01-27,Singkawang,Kalimantan Barat,0.9023,108.9861,0.324,0.327,0.322,25.1
2025-01-28,Singkawang,Kalimantan Barat,0.9023,108.9861,0.329,0.331,0.321,24.0
2025-01-29,Singkawang,Kalimantan Barat,0.9023,108.9861,0.302,0.315,0.318,24.4
2025-01-30,Singkawang,Kalimantan Barat,0.9023,108.9861,0.296,0.303,0.316,25.0
2025-01-31,Singkawang,Kalimantan Barat,0.9023,108.9861,0.267,0.278,0.312,25.3
2025-02-01,Singkawang,Kalimantan Barat,0.9023,108.9861,0.286,0.277,0.308,25.1
2025-02-02,Singkawang,Kalimantan Barat,0.9023,108.9861,0.251,0.26,0.305,26.5
2025-02-03,Singkawang,Kalimantan Barat,0.9023,108.9861,0.255,0.249,0.302,25.9
2025-02-04,Singkawang,Kalimantan Barat,0.9023,108.9861,0.296,0.269,0.296,25.2
2025-02-05,Singkawang,Kalimantan Barat,0.9023,108.9861,0.314,0.318,0.299,24.7
2025-02-06,Singkawang,Kalimantan Barat,0.9023,108.9861,0.302,0.314,0.305,25.5
2025-02-07,Singkawang,Kalimantan Barat,0.9023,108.9861,0.267,0.288,0.303,26.8
2025-02-08,Singkawang,Kalimantan Barat,0.9023,108.9861,0.248,0.268,0.3,26.8
2025-02-09,Singkawang,Kalimantan Barat,0.9023,108.9861,0.247,0.252,0.293,26.4
2025-02-10,Singkawang,Kalimantan Barat,0.9023,108.9861,0.23,0.239,0.286,26.8
2025-02-11,Singkawang,Kalimantan Barat,0.9023,108.9861,0.215,0.229,0.278,26.9
2025-02-12,Singkawang,Kalimantan Barat,0.9023,108.9861,0.197,0.22,0.27,27.1
2025-02-13,Singkawang,Kalimantan Barat,0.9023,108.9861,0.179,0.209,0.262,27.1
2025-02-14,Singkawang,Kalimantan Barat,0.9023,108.9861,0.168,0.202,0.254,27.1
2025-02-15,Singkawang,Kalimantan Barat,0.9023,108.9861,0.153,0.192,0.245,27.4
2025-02-16,Singkawang,Kalimantan Barat,0.9023,108.9861,0.134,0.183,0.237,27.5
2025-02-17,Singkawang,Kalimantan Barat,0.9023,108.9861,0.12,0.176,0.231,27.4
2025-02-18,Singkawang,Kalimantan Barat,0.9023,108.9861,0.111,0.169,0.225,27.6
2025-02-19,Singkawang,Kalimantan Barat,0.9023,108.9861,0.165,0.164,0.218,26.8
2025-02-20,Singkawang,Kalimantan Barat,0.9023,108.9861,0.203,0.164,0.214,26.6
2025-02-21,Singkawang,Kalimantan Barat,0.9023,108.9861,0.235,0.165,0.213,25.6
2025-02-22,Singkawang,Kalimantan Barat,0.9023,108.9861,0.238,0.197,0.21,26.8
2025-02-23,Singkawang,Kalimantan Barat,0.9023,108.9861,0.266,0.222,0.21,26.6
2025-02-24,Singkawang,Kalimantan Barat,0.9023,108.9861,0.271,0.248,0.214,26.5
2025-02-25,Singkawang,Kalimantan Barat,0.9023,108.9861,0.293,0.267,0.202,25.8
2025-02-26,Singkawang,Kalimantan Barat,0.9023,108.9861,0.29,0.289,0.207,26.4
2025-02-27,Singkawang,Kalimantan Barat,0.9023,108.9861,0.286,0.28,0.21,26.7
2025-02-28,Singkawang,Kalimantan Barat,0.9023,108.9861,0.308,0.297,0.216,25.3
2025-03-01,Singkawang,Kalimantan Barat,0.9023,108.9861,0.293,0.295,0.227,26.2
2025-03-02,Singkawang,Kalimantan Barat,0.9023,108.9861,0.276,0.28,0.23,26.3
2025-03-03,Singkawang,Kalimantan Barat,0.9023,108.9861,0.3,0.298,0.235,25.9
2025-03-04,Singkawang,Kalimantan Barat,0.9023,108.9861,0.285,0.29,0.241,26.5
2025-03-05,Singkawang,Kalimantan Barat,0.9023,108.9861,0.269,0.277,0.243,27.2
2025-03-06,Singkawang,Kalimantan Barat,0.9023,108.9861,0.279,0.271,0.242,26.2
2025-03-07,Singkawang,Kalimantan Barat,0.9023,108.9861,0.335,0.321,0.247,25.2
2025-03-08,Singkawang,Kalimantan Barat,0.9023,108.9861,0.267,0.286,0.251,26.9
2025-03-09,Singkawang,Kalimantan Barat,0.9023,108.9861,0.261,0.268,0.25,27.2
2025-03-10,Singkawang,Kalimantan Barat,0.9023,108.9861,0.281,0.272,0.249,25.6
2025-03-11,Singkawang,Kalimantan Barat,0.9023,108.9861,0.267,0.262,0.248,26.9
2025-03-12,Singkawang,Kalimantan Barat,0.9023,108.9861,0.289,0.268,0.248,25.5
2025-03-13,Singkawang,Kalimantan Barat,0.9023,108.9861,0.3,0.296,0.253,26.2
2025-03-14,Singkawang,Kalimantan Barat,0.9023,108.9861,0.303,0.298,0.255,26.3
2025-03-15,Singkawang,Kalimantan Barat,0.9023,108.9861,0.302,0.294,0.255,25.5
2025-03-16,Singkawang,Kalimantan Barat,0.9023,108.9861,0.256,0.271,0.253,26.9
2025-03-17,Singkawang,Kalimantan Barat,0.9023,108.9861,0.255,0.259,0.251,26.5
2025-03-18,Singkawang,Kalimantan Barat,0.9023,108.9861,0.301,0.285,0.248,25.9
2025-03-19,Singkawang,Kalimantan Barat,0.9023,108.9861,0.307,0.296,0.248,25.3
2025-03-20,Singkawang,Kalimantan Barat,0.9023,108.9861,0.319,0.32,0.263,24.7
2025-03-21,Singkawang,Kalimantan Barat,0.9023,108.9861,0.288,0.304,0.28,25.9
2025-03-22,Singkawang,Kalimantan Barat,0.9023,108.9861,0.264,0.282,0.28,26.6
2025-03-23,Singkawang,Kalimantan Barat,0.9023,108.9861,0.249,0.263,0.278,26.8
2025-03-24,Singkawang,Kalimantan Barat,0.9023,108.9861,0.255,0.256,0.273,27.1
2025-03-25,Singkawang,Kalimantan Barat,0.9023,108.9861,0.215,0.238,0.265,27.8
2025-03-26,Singkawang,Kalimantan Barat,0.9023,108.9861,0.203,0.229,0.261,27.9
2025-03-27,Singkawang,Kalimantan Barat,0.9023,108.9861,0.184,0.216,0.256,28.2
2025-03-28,Singkawang,Kalimantan Barat,0.9023,108.9861,0.165,0.205,0.25,28.4
2025-03-29,Singkawang,Kalimantan Barat,0.9023,108.9861,0.171,0.193,0.245,27.7
2025-03-30,Singkawang,Kalimantan Barat,0.9023,108.9861,0.231,0.192,0.242,27.5
2025-03-31,Singkawang,Kalimantan Barat,0.9023,108.9861,0.24,0.207,0.239,27.0
2025-04-01,Singkawang,Kalimantan Barat,0.9023,108.9861,0.222,0.202,0.231,27.2
2025-04-02,Singkawang,Kalimantan Barat,0.9023,108.9861,0.194,0.195,0.226,27.8
2025-04-03,Singkawang,Kalimantan Barat,0.9023,108.9861,0.167,0.183,0.221,27.6
2025-04-04,Singkawang,Kalimantan Barat,0.9023,108.9861,0.157,0.176,0.219,27.6
2025-04-05,Singkawang,Kalimantan Barat,0.9023,108.9861,0.159,0.169,0.214,27.3
2025-04-06,Singkawang,Kalimantan Barat,0.9023,108.9861,0.252,0.182,0.211,26.6
2025-04-07,Singkawang,Kalimantan Barat,0.9023,108.9861,0.259,0.229,0.207,26.6
2025-04-08,Singkawang,Kalimantan Barat,0.9023,108.9861,0.287,0.263,0.205,25.9
2025-04-09,Singkawang,Kalimantan Barat,0.9023,108.9861,0.28,0.287,0.213,26.9
2025-04-10,Singkawang,Kalimantan Barat,0.9023,108.9861,0.251,0.266,0.216,27.9
2025-04-11,Singkawang,Kalimantan Barat,0.9023,108.9861,0.218,0.243,0.214,28.0
2025-04-12,Singkawang,Kalimantan Barat,0.9023,108.9861,0.2,0.228,0.213,27.7
2025-04-13,Singkawang,Kalimantan Barat,0.9023,108.9861,0.249,0.234,0.21,26.7
2025-04-14,Singkawang,Kalimantan Barat,0.9023,108.9861,0.295,0.264,0.21,25.9
2025-04-15,Singkawang,Kalimantan Barat,0.9023,108.9861,0.281,0.29,0.216,27.3
2025-04-16,Singkawang,Kalimantan Barat,0.9023,108.9861,0.252,0.269,0.22,28.0
2025-04-17,Singkawang,Kalimantan Barat,0.9023,108.9861,0.301,0.287,0.223,26.2
2025-04-18,Singkawang,Kalimantan Barat,0.9023,108.9861,0.278,0.285,0.226,27.4
2025-04-19,Singkawang,Kalimantan Barat,0.9023,108.9861,0.247,0.261,0.227,28.0
2025-04-20,Singkawang,Kalimantan Barat,0.9023,108.9861,0.253,0.251,0.226,26.8
2025-04-21,Singkawang,Kalimantan Barat,0.9023,108.9861,0.301,0.284,0.226,26.2
2025-04-22,Singkawang,Kalimantan Barat,0.9023,108.9861,0.315,0.317,0.244,26.5
2025-04-23,Singkawang,Kalimantan Barat,0.9023,108.9861,0.285,0.287,0.252,27.3
2025-04-24,Singkawang,Kalimantan Barat,0.9023,108.9861,0.301,0.297,0.256,26.0
2025-04-25,Singkawang,Kalimantan Barat,0.9023,108.9861,0.277,0.293,0.263,27.2
2025-04-26,Singkawang,Kalimantan Barat,0.9023,108.9861,0.246,0.265,0.264,27.8
2025-04-27,Singkawang,Kalimantan Barat,0.9023,108.9861,0.22,0.244,0.262,27.8
2025-04-28,Singkawang,Kalimantan Barat,0.9023,108.9861,0.213,0.228,0.26,27.9
2025-04-29,Singkawang,Kalimantan Barat,0.9023,108.9861,0.196,0.213,0.256,28.0
2025-04-30,Singkawang,Kalimantan Barat,0.9023,108.9861,0.171,0.198,0.254,27.7
2025-05-01,Singkawang,Kalimantan Barat,0.9023,108.9861,0.15,0.188,0.25,28.0
2025-05-02,Singkawang,Kalimantan Barat,0.9023,108.9861,0.131,0.178,0.244,28.3
2025-05-03,Singkawang,Kalimantan Barat,0.9023,108.9861,0.101,0.163,0.235,28.6
2025-05-04,Singkawang,Kalimantan Barat,0.9023,108.9861,0.088,0.149,0.228,28.8
2025-05-05,Singkawang,Kalimantan Barat,0.9023,108.9861,0.123,0.14,0.225,28.4
2025-05-06,Singkawang,Kalimantan Barat,0.9023,108.9861,0.114,0.131,0.225,28.7
2025-05-07,Singkawang,Kalimantan Barat,0.9023,108.9861,0.105,0.128,0.22,28.5
2025-05-08,Singkawang,Kalimantan Barat,0.9023,108.9861,0.087,0.119,0.215,29.2
2025-05-09,Singkawang,Kalimantan Barat,0.9023,108.9861,0.083,0.111,0.212,29.0
2025-05-10,Singkawang,Kalimantan Barat,0.9023,108.9861,0.136,0.101,0.205,28.8
2025-05-11,Singkawang,Kalimantan Barat,0.9023,108.9861,0.148,0.103,0.201,28.2
2025-05-12,Singkawang,Kalimantan Barat,0.9023,108.9861,0.227,0.152,0.201,27.8
2025-05-13,Singkawang,Kalimantan Barat,0.9023,108.9861,0.238,0.181,0.206,27.8
2025-05-14,Singkawang,Kalimantan Barat,0.9023,108.9861,0.268,0.24,0.206,27.7
2025-05-15,Singkawang,Kalimantan Barat,0.9023,108.9861,0.253,0.24,0.206,27.5
2025-05-16,Singkawang,Kalimantan Barat,0.9023,108.9861,0.233,0.235,0.206,28.3
2025-05-17,Singkawang,Kalimantan Barat,0.9023,108.9861,0.264,0.239,0.206,27.4
2025-05-18,Singkawang,Kalimantan Barat,0.9023,108.9861,0.241,0.235,0.204,27.9
2025-05-19,Singkawang,Kalimantan Barat,0.9023,108.9861,0.249,0.237,0.203,27.7
2025-05-20,Singkawang,Kalimantan Barat,0.9023,108.9861,0.242,0.238,0.202,28.1
2025-05-21,Singkawang,Kalimantan Barat,0.9023,108.9861,0.253,0.244,0.2,28.6
2025-05-22,Singkawang,Kalimantan Barat,0.9023,108.9861,0.232,0.243,0.197,28.6
2025-05-23,Singkawang,Kalimantan Barat,0.9023,108.9861,0.213,0.229,0.194,28.5
2025-05-24,Singkawang,Kalimantan Barat,0.9023,108.9861,0.2,0.216,0.192,28.3
2025-05-25,Singkawang,Kalimantan Barat,0.9023,108.9861,0.176,0.203,0.19,28.9
2025-05-26,Singkawang,Kalimantan Barat,0.9023,108.9861,0.167,0.191,0.187,28.5
2025-05-27,Singkawang,Kalimantan Barat,0.9023,108.9861,0.156,0.182,0.185,28.7
2025-05-28,Singkawang,Kalimantan Barat,0.9023,108.9861,0.154,0.169,0.18,28.5
2025-05-29,Singkawang,Kalimantan Barat,0.9023,108.9861,0.212,0.162,0.174,28.0
2025-05-30,Singkawang,Kalimantan Barat,0.9023,108.9861,0.216,0.164,0.167,27.5
2025-05-31,Singkawang,Kalimantan Barat,0.9023,108.9861,0.203,0.166,0.166,27.5
2025-06-01,Singkawang,Kalimantan Barat,0.9023,108.9861,0.242,0.18,0.163,27.0
2025-06-02,Singkawang,Kalimantan Barat,0.9023,108.9861,0.226,0.198,0.161,26.8
2025-06-03,Singkawang,Kalimantan Barat,0.9023,108.9861,0.193,0.191,0.159,27.8
2025-06-04,Singkawang,Kalimantan Barat,0.9023,108.9861,0.167,0.183,0.158,28.4
2025-06-05,Singkawang,Kalimantan Barat,0.9023,108.9861,0.146,0.174,0.156,28.4
2025-06-06,Singkawang,Kalimantan Barat,0.9023,108.9861,0.176,0.174,0.153,27.0
2025-06-07,Singkawang,Kalimantan Barat,0.9023,108.9861,0.248,0.228,0.151,27.1
2025-06-08,Singkawang,Kalimantan Barat,0.9023,108.9861,0.202,0.212,0.147,28.2
2025-06-09,Singkawang,Kalimantan Barat,0.9023,108.9861,0.166,0.195,0.144,28.3
2025-06-10,Singkawang,Kalimantan Barat,0.9023,108.9861,0.153,0.18,0.14,28.1
2025-06-11,Singkawang,Kalimantan Barat,0.9023,108.9861,0.237,0.185,0.138,27.9
2025-06-12,Singkawang,Kalimantan Barat,0.9023,108.9861,0.191,0.178,0.135,28.4
2025-06-13,Singkawang,Kalimantan Barat,0.9023,108.9861,0.218,0.175,0.133,27.9
2025-06-14,Singkawang,Kalimantan Barat,0.9023,108.9861,0.259,0.193,0.132,27.4
2025-06-15,Singkawang,Kalimantan Barat,0.9023,108.9861,0.211,0.184,0.132,28.3
2025-06-16,Singkawang,Kalimantan Barat,0.9023,108.9861,0.229,0.186,0.131,27.3
2025-06-17,Singkawang,Kalimantan Barat,0.9023,108.9861,0.236,0.198,0.133,27.3
2025-06-18,Singkawang,Kalimantan Barat,0.9023,108.9861,0.265,0.209,0.132,26.3
2025-06-19,Singkawang,Kalimantan Barat,0.9023,108.9861,0.328,0.297,0.139,25.0
2025-06-20,Singkawang,Kalimantan Barat,0.9023,108.9861,0.276,0.282,0.152,26.5
2025-06-21,Singkawang,Kalimantan Barat,0.9023,108.9861,0.243,0.256,0.157,27.4
2025-06-22,Singkawang,Kalimantan Barat,0.9023,108.9861,0.21,0.235,0.158,27.9
2025-06-23,Singkawang,Kalimantan Barat,0.9023,108.9861,0.183,0.216,0.157,28.2
2025-06-24,Singkawang,Kalimantan Barat,0.9023,108.9861,0.165,0.202,0.156,28.1
2025-06-25,Singkawang,Kalimantan Barat,0.9023,108.9861,0.152,0.191,0.156,28.0
2025-06-26,Singkawang,Kalimantan Barat,0.9023,108.9861,0.137,0.181,0.155,28.4
2025-06-27,Singkawang,Kalimantan Barat,0.9023,108.9861,0.124,0.171,0.153,28.0
2025-06-28,Singkawang,Kalimantan Barat,0.9023,108.9861,0.183,0.166,0.152,26.5
2025-06-29,Singkawang,Kalimantan Barat,0.9023,108.9861,0.189,0.162,0.151,27.0
2025-06-30,Singkawang,Kalimantan Barat,0.9023,108.9861,0.164,0.156,0.149,27.5
2025-07-01,Singkawang,Kalimantan Barat,0.9023,108.9861,0.137,0.147,0.147,28.5
2025-07-02,Singkawang,Kalimantan Barat,0.9023,108.9861,0.112,0.139,0.145,28.7
2025-07-03,Singkawang,Kalimantan Barat,0.9023,108.9861,0.115,0.134,0.144,28.0
2025-07-04,Singkawang,Kalimantan Barat,0.9023,108.9861,0.155,0.126,0.142,28.2
2025-07-05,Singkawang,Kalimantan Barat,0.9023,108.9861,0.15,0.12,0.14,28.0
2025-07-06,Singkawang,Kalimantan Barat,0.9023,108.9861,0.126,0.114,0.138,28.3
2025-07-07,Singkawang,Kalimantan Barat,0.9023,108.9861,0.111,0.109,0.137,27.1
2025-07-08,Singkawang,Kalimantan Barat,0.9023,108.9861,0.103,0.108,0.138,28.0
2025-07-09,Singkawang,Kalimantan Barat,0.9023,108.9861,0.1,0.101,0.135,27.6
2025-07-10,Singkawang,Kalimantan Barat,0.9023,108.9861,0.119,0.101,0.135,27.6
2025-07-11,Singkawang,Kalimantan Barat,0.9023,108.9861,0.101,0.097,0.133,28.3
2025-07-12,Singkawang,Kalimantan Barat,0.9023,108.9861,0.09,0.093,0.132,28.6
2025-07-13,Singkawang,Kalimantan Barat,0.9023,108.9861,0.092,0.088,0.129,28.3
2025-07-14,Singkawang,Kalimantan Barat,0.9023,108.9861,0.125,0.082,0.125,28.2
2025-07-15,Singkawang,Kalimantan Barat,0.9023,108.9861,0.094,0.079,0.122,28.5
2025-07-16,Singkawang,Kalimantan Barat,0.9023,108.9861,0.092,0.074,0.121,28.1
2025-07-17,Singkawang,Kalimantan Barat,0.9023,108.9861,0.106,0.067,0.119,28.5
2025-07-18,Singkawang,Kalimantan Barat,0.9023,108.9861,0.09,0.066,0.118,28.2
2025-07-19,Singkawang,Kalimantan Barat,0.9023,108.9861,0.081,0.066,0.116,29.1
2025-07-20,Singkawang,Kalimantan Barat,0.9023,108.9861,0.066,0.064,0.114,29.6
2025-07-21,Singkawang,Kalimantan Barat,0.9023,108.9861,0.059,0.063,0.112,29.6
2025-07-22,Singkawang,Kalimantan Barat,0.9023,108.9861,0.055,0.062,0.11,29.9
2025-07-23,Singkawang,Kalimantan Barat,0.9023,108.9861,0.054,0.06,0.107,30.5
2025-07-24,Singkawang,Kalimantan Barat,0.9023,108.9861,0.06,0.062,0.107,30.5
2025-07-25,Singkawang,Kalimantan Barat,0.9023,108.9861,0.072,0.063,0.106,29.8
2025-07-26,Singkawang,Kalimantan Barat,0.9023,108.9861,0.086,0.062,0.105,29.2
2025-07-27,Singkawang,Kalimantan Barat,0.9023,108.9861,0.089,0.064,0.105,29.1
2025-07-28,Singkawang,Kalimantan Barat,0.9023,108.9861,0.102,0.067,0.106,29.1
2025-07-29,Singkawang,Kalimantan Barat,0.9023,108.9861,0.092,0.066,0.105,30.2
2025-07-30,Singkawang,Kalimantan Barat,0.9023,108.9861,0.085,0.066,0.104,30.3
2025-07-31,Singkawang,Kalimantan Barat,0.9023,108.9861,0.085,0.067,0.104,30.3
2025-08-01,Singkawang,Kalimantan Barat,0.9023,108.9861,0.109,0.068,0.103,29.0
2025-08-02,Singkawang,Kalimantan Barat,0.9023,108.9861,0.125,0.067,0.103,27.7
2025-08-03,Singkawang,Kalimantan Barat,0.9023,108.9861,0.181,0.076,0.103,27.9
2025-08-04,Singkawang,Kalimantan Barat,0.9023,108.9861,0.222,0.122,0.11,26.1
2025-08-05,Singkawang,Kalimantan Barat,0.9023,108.9861,0.223,0.153,0.109,27.0
2025-08-06,Singkawang,Kalimantan Barat,0.9023,108.9861,0.176,0.144,0.106,27.6
2025-08-07,Singkawang,Kalimantan Barat,0.9023,108.9861,0.183,0.139,0.103,27.8
2025-08-08,Singkawang,Kalimantan Barat,0.9023,108.9861,0.248,0.158,0.101,26.4
2025-08-09,Singkawang,Kalimantan Barat,0.9023,108.9861,0.255,0.204,0.099,26.1
2025-08-10,Singkawang,Kalimantan Barat,0.9023,108.9861,0.269,0.226,0.102,26.4
2025-08-11,Singkawang,Kalimantan Barat,0.9023,108.9861,0.26,0.229,0.103,26.3
2025-08-12,Singkawang,Kalimantan Barat,0.9023,108.9861,0.255,0.228,0.105,25.9
2025-08-13,Singkawang,Kalimantan Barat,0.9023,108.9861,0.271,0.235,0.104,25.0
2025-08-14,Singkawang,Kalimantan Barat,0.9023,108.9861,0.283,0.274,0.112,26.1
2025-08-15,Singkawang,Kalimantan Barat,0.9023,108.9861,0.246,0.252,0.118,26.9
2025-08-16,Singkawang,Kalimantan Barat,0.9023,108.9861,0.217,0.234,0.121,27.4
2025-08-17,Singkawang,Kalimantan Barat,0.9023,108.9861,0.203,0.218,0.122,27.8
2025-08-18,Singkawang,Kalimantan Barat,0.9023,108.9861,0.26,0.23,0.123,27.3
2025-08-19,Singkawang,Kalimantan Barat,0.9023,108.9861,0.237,0.226,0.124,26.6
2025-08-20,Singkawang,Kalimantan Barat,0.9023,108.9861,0.279,0.234,0.125,24.5
2025-08-21,Singkawang,Kalimantan Barat,0.9023,108.9861,0.256,0.245,0.126,25.2
2025-08-22,Singkawang,Kalimantan Barat,0.9023,108.9861,0.213,0.23,0.127,26.7
2025-08-23,Singkawang,Kalimantan Barat,0.9023,108.9861,0.193,0.215,0.127,27.1
2025-08-24,Singkawang,Kalimantan Barat,0.9023,108.9861,0.197,0.204,0.128,26.9
2025-08-25,Singkawang,Kalimantan Barat,0.9023,108.9861,0.178,0.194,0.127,25.7
2025-08-26,Singkawang,Kalimantan Barat,0.9023,108.9861,0.155,0.184,0.127,27.4
2025-08-27,Singkawang,Kalimantan Barat,0.9023,108.9861,0.13,0.172,0.126,28.0
2025-08-28,Singkawang,Kalimantan Barat,0.9023,108.9861,0.114,0.161,0.124,28.2
2025-08-29,Singkawang,Kalimantan Barat,0.9023,108.9861,0.111,0.151,0.122,27.8
2025-08-30,Singkawang,Kalimantan Barat,0.9023,108.9861,0.108,0.138,0.117,28.4
2025-08-31,Singkawang,Kalimantan Barat,0.9023,108.9861,0.098,0.127,0.113,28.5
2025-09-01,Singkawang,Kalimantan Barat,0.9023,108.9861,0.075,0.118,0.111,28.5
2025-09-02,Singkawang,Kalimantan Barat,0.9023,108.9861,0.088,0.111,0.109,29.0
2025-09-03,Singkawang,Kalimantan Barat,0.9023,108.9861,0.232,0.105,0.105,26.5
2025-09-04,Singkawang,Kalimantan Barat,0.9023,108.9861,0.187,0.107,0.103,27.8
2025-09-05,Singkawang,Kalimantan Barat,0.9023,108.9861,0.191,0.107,0.102,27.8
2025-09-06,Singkawang,Kalimantan Barat,0.9023,108.9861,0.292,0.209,0.102,26.4
2025-09-07,Singkawang,Kalimantan Barat,0.9023,108.9861,0.273,0.247,0.105,26.1
2025-09-08,Singkawang,Kalimantan Barat,0.9023,108.9861,0.277,0.255,0.109,25.8
2025-09-09,Singkawang,Kalimantan Barat,0.9023,108.9861,0.256,0.239,0.112,26.9
2025-09-10,Singkawang,Kalimantan Barat,0.9023,108.9861,0.275,0.24,0.114,25.9
2025-09-11,Singkawang,Kalimantan Barat,0.9023,108.9861,0.246,0.239,0.116,26.5
2025-09-12,Singkawang,Kalimantan Barat,0.9023,108.9861,0.315,0.287,0.126,25.2
2025-09-13,Singkawang,Kalimantan Barat,0.9023,108.9861,0.336,0.328,0.178,24.9
2025-09-14,Singkawang,Kalimantan Barat,0.9023,108.9861,0.317,0.311,0.208,25.5
2025-09-15,Singkawang,Kalimantan Barat,0.9023,108.9861,0.33,0.322,0.229,24.6
2025-09-16,Singkawang,Kalimantan Barat,0.9023,108.9861,0.311,0.314,0.261,26.0
2025-09-17,Singkawang,Kalimantan Barat,0.9023,108.9861,0.314,0.311,0.275,25.5
2025-09-18,Singkawang,Kalimantan Barat,0.9023,108.9861,0.298,0.304,0.28,26.7
2025-09-19,Singkawang,Kalimantan Barat,0.9023,108.9861,0.276,0.284,0.279,27.6
2025-09-20,Singkawang,Kalimantan Barat,0.9023,108.9861,0.249,0.268,0.277,27.2
2025-09-21,Singkawang,Kalimantan Barat,0.9023,108.9861,0.227,0.254,0.274,27.7
2025-09-22,Singkawang,Kalimantan Barat,0.9023,108.9861,0.211,0.239,0.271,28.4
2025-09-23,Singkawang,Kalimantan Barat,0.9023,108.9861,0.202,0.227,0.267,28.2
2025-09-24,Singkawang,Kalimantan Barat,0.9023,108.9861,0.183,0.214,0.263,28.0
2025-09-25,Singkawang,Kalimantan Barat,0.9023,108.9861,0.155,0.198,0.259,28.2
2025-09-26,Singkawang,Kalimantan Barat,0.9023,108.9861,0.134,0.187,0.255,28.4
2025-09-27,Singkawang,Kalimantan Barat,0.9023,108.9861,0.119,0.177,0.251,28.9
2025-09-28,Singkawang,Kalimantan Barat,0.9023,108.9861,0.103,0.166,0.246,29.1
2025-09-29,Singkawang,Kalimantan Barat,0.9023,108.9861,0.142,0.16,0.242,27.0
2025-09-30,Singkawang,Kalimantan Barat,0.9023,108.9861,0.252,0.182,0.237,26.5
2025-10-01,Singkawang,Kalimantan Barat,0.9023,108.9861,0.206,0.187,0.234,26.9
2025-10-02,Singkawang,Kalimantan Barat,0.9023,108.9861,0.154,0.17,0.231,27.8
2025-10-03,Singkawang,Kalimantan Barat,0.9023,108.9861,0.173,0.166,0.228,26.5
2025-10-04,Singkawang,Kalimantan Barat,0.9023,108.9861,0.194,0.166,0.224,26.7
2025-10-05,Singkawang,Kalimantan Barat,0.9023,108.9861,0.174,0.163,0.221,26.6
2025-10-06,Singkawang,Kalimantan Barat,0.9023,108.9861,0.273,0.199,0.218,26.7
2025-10-07,Singkawang,Kalimantan Barat,0.9023,108.9861,0.253,0.208,0.214,26.8
2025-10-08,Singkawang,Kalimantan Barat,0.9023,108.9861,0.218,0.192,0.212,27.0
2025-10-09,Singkawang,Kalimantan Barat,0.9023,108.9861,0.202,0.188,0.21,27.3
2025-10-10,Singkawang,Kalimantan Barat,0.9023,108.9861,0.214,0.189,0.209,27.5
2025-10-11,Singkawang,Kalimantan Barat,0.9023,108.9861,0.184,0.184,0.207,28.2
2025-10-12,Singkawang,Kalimantan Barat,0.9023,108.9861,0.222,0.183,0.205,26.8
2025-10-13,Singkawang,Kalimantan Barat,0.9023,108.9861,0.238,0.186,0.203,26.8
2025-10-14,Singkawang,Kalimantan Barat,0.9023,108.9861,0.204,0.179,0.197,27.3
2025-10-15,Singkawang,Kalimantan Barat,0.9023,108.9861,0.205,0.175,0.194,27.8
2025-10-16,Singkawang,Kalimantan Barat,0.9023,108.9861,0.237,0.181,0.192,27.1
2025-10-17,Singkawang,Kalimantan Barat,0.9023,108.9861,0.258,0.208,0.192,26.4
2025-10-18,Singkawang,Kalimantan Barat,0.9023,108.9861,0.263,0.228,0.192,26.8
2025-10-19,Singkawang,Kalimantan Barat,0.9023,108.9861,0.231,0.228,0.192,27.7
2025-10-20,Singkawang,Kalimantan Barat,0.9023,108.9861,0.208,0.217,0.191,27.6
2025-10-21,Singkawang,Kalimantan Barat,0.9023,108.9861,0.31,0.295,0.201,26.1
2025-10-22,Singkawang,Kalimantan Barat,0.9023,108.9861,0.336,0.326,0.224,25.9
2025-10-23,Singkawang,Kalimantan Barat,0.9023,108.9861,0.332,0.34,0.26,25.8
2025-10-24,Singkawang,Kalimantan Barat,0.9023,108.9861,0.269,0.293,0.271,26.7
2025-10-25,Singkawang,Kalimantan Barat,0.9023,108.9861,0.283,0.289,0.272,26.3
2025-10-26,Singkawang,Kalimantan Barat,0.9023,108.9861,0.256,0.274,0.271,27.1
2025-10-27,Singkawang,Kalimantan Barat,0.9023,108.9861,0.235,0.259,0.269,27.5
2025-10-28,Singkawang,Kalimantan Barat,0.9023,108.9861,0.221,0.244,0.266,27.8
2025-10-29,Singkawang,Kalimantan Barat,0.9023,108.9861,0.207,0.227,0.263,28.2
2025-10-30,Singkawang,Kalimantan Barat,0.9023,108.9861,0.189,0.206,0.26,28.7
2025-10-31,Singkawang,Kalimantan Barat,0.9023,108.9861,0.209,0.197,0.257,27.9
2025-11-01,Singkawang,Kalimantan Barat,0.9023,108.9861,0.187,0.191,0.253,28.3
2025-11-02,Singkawang,Kalimantan Barat,0.9023,108.9861,0.167,0.188,0.25,28.4
2025-11-03,Singkawang,Kalimantan Barat,0.9023,108.9861,0.21,0.187,0.247,27.3
2025-11-04,Singkawang,Kalimantan Barat,0.9023,108.9861,0.257,0.197,0.244,27.7
2025-11-05,Singkawang,Kalimantan Barat,0.9023,108.9861,0.241,0.203,0.241,26.8
2025-11-06,Singkawang,Kalimantan Barat,0.9023,108.9861,0.227,0.214,0.236,27.1
2025-11-07,Singkawang,Kalimantan Barat,0.9023,108.9861,0.186,0.207,0.229,27.9
2025-11-08,Singkawang,Kalimantan Barat,0.9023,108.9861,0.164,0.197,0.227,28.2
2025-11-09,Singkawang,Kalimantan Barat,0.9023,108.9861,0.145,0.186,0.221,28.3
2025-11-10,Singkawang,Kalimantan Barat,0.9023,108.9861,0.125,0.174,0.211,28.3
2025-11-11,Singkawang,Kalimantan Barat,0.9023,108.9861,0.147,0.165,0.206,27.0
2025-11-12,Singkawang,Kalimantan Barat,0.9023,108.9861,0.217,0.178,0.205,25.7
2025-11-13,Singkawang,Kalimantan Barat,0.9023,108.9861,0.297,0.27,0.206,25.9
2025-11-14,Singkawang,Kalimantan Barat,0.9023,108.9861,0.268,0.267,0.208,26.9
2025-11-15,Singkawang,Kalimantan Barat,0.9023,108.9861,0.3,0.282,0.213,26.4
2025-11-16,Singkawang,Kalimantan Barat,0.9023,108.9861,0.328,0.318,0.231,25.7
2025-11-17,Singkawang,Kalimantan Barat,0.9023,108.9861,0.27,0.291,0.242,27.4
2025-11-18,Singkawang,Kalimantan Barat,0.9023,108.9861,0.253,0.268,0.244,27.4
2025-11-19,Singkawang,Kalimantan Barat,0.9023,108.9861,0.268,0.27,0.245,27.3
2025-11-20,Singkawang,Kalimantan Barat,0.9023,108.9861,0.3,0.287,0.249,26.3
2025-11-21,Singkawang,Kalimantan Barat,0.9023,108.9861,0.286,0.286,0.252,27.0
2025-11-22,Singkawang,Kalimantan Barat,0.9023,108.9861,0.294,0.299,0.26,26.4
2025-11-23,Singkawang,Kalimantan Barat,0.9023,108.9861,0.305,0.3,0.266,25.4
2025-11-24,Singkawang,Kalimantan Barat,0.9023,108.9861,0.314,0.311,0.273,25.7
2025-11-25,Singkawang,Kalimantan Barat,0.9023,108.9861,0.316,0.313,0.279,25.6
2025-11-26,Singkawang,Kalimantan Barat,0.9023,108.9861,0.296,0.316,0.295,26.7
2025-11-27,Singkawang,Kalimantan Barat,0.9023,108.9861,0.295,0.31,0.296,27.1
2025-11-28,Singkawang,Kalimantan Barat,0.9023,108.9861,0.323,0.328,0.304,25.9
2025-11-29,Singkawang,Kalimantan Barat,0.9023,108.9861,0.3,0.312,0.307,25.7
2025-11-30,Singkawang,Kalimantan Barat,0.9023,108.9861,0.273,0.291,0.304,26.6
2025-12-01,Singkawang,Kalimantan Barat,0.9023,108.9861,0.285,0.276,0.3,26.6
2025-12-02,Singkawang,Kalimantan Barat,0.9023,108.9861,0.274,0.269,0.295,26.7
2025-12-03,Singkawang,Kalimantan Barat,0.9023,108.9861,0.266,0.257,0.291,26.2
2025-12-04,Singkawang,Kalimantan Barat,0.9023,108.9861,0.232,0.244,0.287,26.9
2025-12-05,Singkawang,Kalimantan Barat,0.9023,108.9861,0.248,0.249,0.283,27.2
2025-12-06,Singkawang,Kalimantan Barat,0.9023,108.9861,0.262,0.254,0.28,26.9
2025-12-07,Singkawang,Kalimantan Barat,0.9023,108.9861,0.3,0.289,0.279,26.0
2025-12-08,Singkawang,Kalimantan Barat,0.9023,108.9861,0.354,0.36,0.339,24.3
2025-12-09,Singkawang,Kalimantan Barat,0.9023,108.9861,0.289,0.301,0.348,25.9
2025-12-10,Singkawang,Kalimantan Barat,0.9023,108.9861,0.249,0.264,0.33,26.7
2025-12-11,Singkawang,Kalimantan Barat,0.9023,108.9861,0.226,0.245,0.318,27.2
2025-12-12,Singkawang,Kalimantan Barat,0.9023,108.9861,0.259,0.238,0.308,26.4
2025-12-13,Singkawang,Kalimantan Barat,0.9023,108.9861,0.21,0.223,0.3,26.9
2025-12-14,Singkawang,Kalimantan Barat,0.9023,108.9861,0.257,0.232,0.294,26.1
2025-12-15,Singkawang,Kalimantan Barat,0.9023,108.9861,0.24,0.231,0.289,26.4
2025-12-16,Singkawang,Kalimantan Barat,0.9023,108.9861,0.255,0.252,0.286,26.6
2025-12-17,Singkawang,Kalimantan Barat,0.9023,108.9861,0.255,0.249,0.282,27.1
2025-12-18,Singkawang,Kalimantan Barat,0.9023,108.9861,0.261,0.259,0.279,26.9
2025-12-19,Singkawang,Kalimantan Barat,0.9023,108.9861,0.291,0.286,0.278,26.4
2025-12-20,Singkawang,Kalimantan Barat,0.9023,108.9861,0.304,0.309,0.282,27.2
2025-12-21,Singkawang,Kalimantan Barat,0.9023,108.9861,0.297,0.308,0.288,26.3
2025-12-22,Singkawang,Kalimantan Barat,0.9023,108.9861,0.322,0.328,0.303,26.5
2025-12-23,Singkawang,Kalimantan Barat,0.9023,108.9861,0.296,0.311,0.308,26.9
2025-12-24,Singkawang,Kalimantan Barat,0.9023,108.9861,0.266,0.284,0.306,27.5
2025-12-25,Singkawang,Kalimantan Barat,0.9023,108.9861,0.25,0.266,0.302,27.8
2025-12-26,Singkawang,Kalimantan Barat,0.9023,108.9861,0.255,0.256,0.298,27.1
2025-12-27,Singkawang,Kalimantan Barat,0.9023,108.9861,0.289,0.276,0.295,26.4
2025-12-28,Singkawang,Kalimantan Barat,0.9023,108.9861,0.252,0.267,0.293,27.1
2025-12-29,Singkawang,Kalimantan Barat,0.9023,108.9861,0.255,0.256,0.29,26.7
2025-12-30,Singkawang,Kalimantan Barat,0.9023,108.9861,0.277,0.266,0.287,26.4
2025-12-31,Singkawang,Kalimantan Barat,0.9023,108.9861,0.302,0.312,0.292,25.5
2026-01-01,Singkawang,Kalimantan Barat,0.9023,108.9861,0.32,0.33,0.311,25.3
2026-01-02,Singkawang,Kalimantan Barat,0.9023,108.9861,0.302,0.309,0.314,25.9
2026-01-03,Singkawang,Kalimantan Barat,0.9023,108.9861,0.273,0.279,0.309,26.1
2026-01-04,Singkawang,Kalimantan Barat,0.9023,108.9861,0.314,0.305,0.308,24.9
2026-01-05,Singkawang,Kalimantan Barat,0.9023,108.9861,0.278,0.3,0.308,26.3
2026-01-06,Singkawang,Kalimantan Barat,0.9023,108.9861,0.283,0.285,0.306,26.7
2026-01-07,Singkawang,Kalimantan Barat,0.9023,108.9861,0.267,0.277,0.303,26.6
2026-01-08,Singkawang,Kalimantan Barat,0.9023,108.9861,0.288,0.283,0.3,25.7
2026-01-09,Singkawang,Kalimantan Barat,0.9023,108.9861,0.312,0.327,0.312,25.2
2026-01-10,Singkawang,Kalimantan Barat,0.9023,108.9861,0.285,0.301,0.31,26.2
2026-01-11,Singkawang,Kalimantan Barat,0.9023,108.9861,0.274,0.28,0.307,26.2
2026-01-12,Singkawang,Kalimantan Barat,0.9023,108.9861,0.254,0.263,0.303,26.6
2026-01-13,Singkawang,Kalimantan Barat,0.9023,108.9861,0.249,0.251,0.298,26.7
2026-01-14,Singkawang,Kalimantan Barat,0.9023,108.9861,0.238,0.244,0.292,26.7
2026-01-15,Singkawang,Kalimantan Barat,0.9023,108.9861,0.218,0.234,0.286,27.2
2026-01-16,Singkawang,Kalimantan Barat,0.9023,108.9861,0.199,0.225,0.28,27.0
2026-01-17,Singkawang,Kalimantan Barat,0.9023,108.9861,0.18,0.214,0.273,26.8
2026-01-18,Singkawang,Kalimantan Barat,0.9023,108.9861,0.161,0.203,0.266,26.4
2026-01-19,Singkawang,Kalimantan Barat,0.9023,108.9861,0.14,0.192,0.258,26.3
2026-01-20,Singkawang,Kalimantan Barat,0.9023,108.9861,0.124,0.183,0.251,26.4
2026-01-21,Singkawang,Kalimantan Barat,0.9023,108.9861,0.114,0.178,0.244,26.4
2026-01-22,Singkawang,Kalimantan Barat,0.9023,108.9861,0.106,0.173,0.238,26.7
2026-01-23,Singkawang,Kalimantan Barat,0.9023,108.9861,0.09,0.164,0.232,27.1
2026-01-24,Singkawang,Kalimantan Barat,0.9023,108.9861,0.079,0.155,0.225,27.3
2026-01-25,Singkawang,Kalimantan Barat,0.9023,108.9861,0.088,0.149,0.218,26.5
2026-01-26,Singkawang,Kalimantan Barat,0.9023,108.9861,0.086,0.146,0.214,26.9
2026-01-27,Singkawang,Kalimantan Barat,0.9023,108.9861,0.082,0.144,0.21,27.4
2026-01-28,Singkawang,Kalimantan Barat,0.9023,108.9861,0.075,0.137,0.206,27.6
2026-01-29,Singkawang,Kalimantan Barat,0.9023,108.9861,0.069,0.13,0.2,28.0
2026-01-30,Singkawang,Kalimantan Barat,0.9023,108.9861,0.062,0.121,0.194,28.5
2026-01-31,Singkawang,Kalimantan Barat,0.9023,108.9861,0.063,0.115,0.19,27.9
2026-02-01,Singkawang,Kalimantan Barat,0.9023,108.9861,0.076,0.11,0.185,27.7
2026-02-02,Singkawang,Kalimantan Barat,0.9023,108.9861,0.075,0.106,0.179,27.7
2026-02-03,Singkawang,Kalimantan Barat,0.9023,108.9861,0.122,0.1,0.174,27.0
2026-02-04,Singkawang,Kalimantan Barat,0.9023,108.9861,0.231,0.108,0.171,25.8
2026-02-05,Singkawang,Kalimantan Barat,0.9023,108.9861,0.201,0.124,0.168,26.9
2026-02-06,Singkawang,Kalimantan Barat,0.9023,108.9861,0.186,0.124,0.165,26.4
2026-02-07,Singkawang,Kalimantan Barat,0.9023,108.9861,0.192,0.13,0.163,27.2
2026-02-08,Singkawang,Kalimantan Barat,0.9023,108.9861,0.154,0.126,0.16,27.2
2026-02-09,Singkawang,Kalimantan Barat,0.9023,108.9861,0.126,0.121,0.158,27.1
2026-02-10,Singkawang,Kalimantan Barat,0.9023,108.9861,0.104,0.115,0.155,27.1
2026-02-11,Singkawang,Kalimantan Barat,0.9023,108.9861,0.087,0.11,0.151,27.6
2026-02-12,Singkawang,Kalimantan Barat,0.9023,108.9861,0.12,0.104,0.146,27.4
2026-02-13,Singkawang,Kalimantan Barat,0.9023,108.9861,0.213,0.109,0.136,26.2
2026-02-14,Singkawang,Kalimantan Barat,0.9023,108.9861,0.177,0.11,0.132,27.6
2026-02-15,Singkawang,Kalimantan Barat,0.9023,108.9861,0.162,0.107,0.131,27.5
2026-02-16,Singkawang,Kalimantan Barat,0.9023,108.9861,0.149,0.105,0.131,28.1
2026-02-17,Singkawang,Kalimantan Barat,0.9023,108.9861,0.222,0.121,0.131,26.7
2026-02-18,Singkawang,Kalimantan Barat,0.9023,108.9861,0.261,0.197,0.13,26.2
2026-02-19,Singkawang,Kalimantan Barat,0.9023,108.9861,0.267,0.219,0.13,25.8
2026-02-20,Singkawang,Kalimantan Barat,0.9023,108.9861,0.308,0.277,0.135,25.5
2026-02-21,Singkawang,Kalimantan Barat,0.9023,108.9861,0.297,0.284,0.143,25.5
2026-02-22,Singkawang,Kalimantan Barat,0.9023,108.9861,0.261,0.261,0.149,26.4
2026-02-23,Singkawang,Kalimantan Barat,0.9023,108.9861,0.281,0.256,0.151,25.6
2026-02-24,Singkawang,Kalimantan Barat,0.9023,108.9861,0.307,0.275,0.155,25.3
2026-02-25,Singkawang,Kalimantan Barat,0.9023,108.9861,0.292,0.281,0.164,26.0
2026-02-26,Singkawang,Kalimantan Barat,0.9023,108.9861,0.254,0.262,0.168,26.5
2026-02-27,Singkawang,Kalimantan Barat,0.9023,108.9861,0.215,0.242,0.169,27.5
2026-02-28,Singkawang,Kalimantan Barat,0.9023,108.9861,0.192,0.222,0.169,27.7
2026-03-01,Singkawang,Kalimantan Barat,0.9023,108.9861,0.166,0.205,0.168,28.1
2026-03-02,Singkawang,Kalimantan Barat,0.9023,108.9861,0.145,0.192,0.166,28.3
2026-03-03,Singkawang,Kalimantan Barat,0.9023,108.9861,0.132,0.182,0.165,28.1
2026-03-04,Singkawang,Kalimantan Barat,0.9023,108.9861,0.12,0.173,0.163,28.1
2026-03-05,Singkawang,Kalimantan Barat,0.9023,108.9861,0.171,0.164,0.161,27.4
2026-03-06,Singkawang,Kalimantan Barat,0.9023,108.9861,0.198,0.164,0.159,27.4
2026-03-07,Singkawang,Kalimantan Barat,0.9023,108.9861,0.173,0.157,0.157,27.3
2026-03-08,Singkawang,Kalimantan Barat,0.9023,108.9861,0.17,0.151,0.154,26.7
2026-03-09,Singkawang,Kalimantan Barat,0.9023,108.9861,0.212,0.15,0.153,26.2
2026-03-10,Singkawang,Kalimantan Barat,0.9023,108.9861,0.261,0.181,0.157,26.0
2026-03-11,Singkawang,Kalimantan Barat,0.9023,108.9861,0.238,0.216,0.159,26.8
2026-03-12,Singkawang,Kalimantan Barat,0.9023,108.9861,0.21,0.208,0.158,27.3
2026-03-13,Singkawang,Kalimantan Barat,0.9023,108.9861,0.189,0.198,0.156,27.6
2026-03-14,Singkawang,Kalimantan Barat,0.9023,108.9861,0.173,0.188,0.154,28.1
2026-03-15,Singkawang,Kalimantan Barat,0.9023,108.9861,0.158,0.179,0.153,28.1
2026-03-16,Singkawang,Kalimantan Barat,0.9023,108.9861,0.179,0.172,0.152,27.5
2026-03-17,Singkawang,Kalimantan Barat,0.9023,108.9861,0.222,0.172,0.151,26.7
2026-03-18,Singkawang,Kalimantan Barat,0.9023,108.9861,0.254,0.19,0.15,26.5
2026-03-19,Singkawang,Kalimantan Barat,0.9023,108.9861,0.225,0.199,0.148,27.1
2026-03-20,Singkawang,Kalimantan Barat,0.9023,108.9861,0.192,0.19,0.147,27.6
2026-03-21,Singkawang,Kalimantan Barat,0.9023,108.9861,0.156,0.177,0.145,27.6
2026-03-22,Singkawang,Kalimantan Barat,0.9023,108.9861,0.132,0.167,0.143,27.8
2026-03-23,Singkawang,Kalimantan Barat,0.9023,108.9861,0.113,0.157,0.142,27.4
2026-03-24,Singkawang,Kalimantan Barat,0.9023,108.9861,0.098,0.149,0.141,27.7
2026-03-25,Singkawang,Kalimantan Barat,0.9023,108.9861,0.085,0.142,0.14,28.2
2026-03-26,Singkawang,Kalimantan Barat,0.9023,108.9861,0.074,0.133,0.138,28.6
2026-03-27,Singkawang,Kalimantan Barat,0.9023,108.9861,0.072,0.127,0.137,28.8
2026-03-28,Singkawang,Kalimantan Barat,0.9023,108.9861,0.085,0.124,0.138,28.9
2026-03-29,Singkawang,Kalimantan Barat,0.9023,108.9861,0.196,0.12,0.137,27.6
2026-03-30,Singkawang,Kalimantan Barat,0.9023,108.9861,0.195,0.123,0.14,27.3
2026-03-31,Singkawang,Kalimantan Barat,0.9023,108.9861,0.173,0.123,0.138,27.8
2026-04-01,Singkawang,Kalimantan Barat,0.9023,108.9861,0.141,0.117,0.135,28.3
2026-04-02,Singkawang,Kalimantan Barat,0.9023,108.9861,0.138,0.112,0.131,26.9
2026-04-03,Singkawang,Kalimantan Barat,0.9023,108.9861,0.155,0.11,0.13,27.6
2026-04-04,Singkawang,Kalimantan Barat,0.9023,108.9861,0.181,0.108,0.127,27.4
2026-04-05,Singkawang,Kalimantan Barat,0.9023,108.9861,0.203,0.114,0.127,26.8
2026-04-06,Singkawang,Kalimantan Barat,0.9023,108.9861,0.178,0.114,0.126,27.5
2026-04-07,Singkawang,Kalimantan Barat,0.9023,108.9861,0.155,0.111,0.126,28.3
2026-04-08,Singkawang,Kalimantan Barat,0.9023,108.9861,0.215,0.135,0.125,28.0
2026-04-09,Singkawang,Kalimantan Barat,0.9023,108.9861,0.199,0.151,0.125,28.3
2026-04-10,Singkawang,Kalimantan Barat,0.9023,108.9861,0.221,0.16,0.124,27.7
2026-04-11,Singkawang,Kalimantan Barat,0.9023,108.9861,0.197,0.157,0.124,28.3
2026-04-12,Singkawang,Kalimantan Barat,0.9023,108.9861,0.182,0.152,0.122,28.1
2026-04-13,Singkawang,Kalimantan Barat,0.9023,108.9861,0.2,0.154,0.121,28.4
2026-04-14,Singkawang,Kalimantan Barat,0.9023,108.9861,0.235,0.158,0.12,27.6
2026-04-15,Singkawang,Kalimantan Barat,0.9023,108.9861,0.221,0.158,0.116,26.9
2026-04-16,Singkawang,Kalimantan Barat,0.9023,108.9861,0.211,0.16,0.115,28.0
2026-04-17,Singkawang,Kalimantan Barat,0.9023,108.9861,0.216,0.168,0.115,28.1
2026-04-18,Singkawang,Kalimantan Barat,0.9023,108.9861,0.191,0.165,0.114,28.3
2026-04-19,Singkawang,Kalimantan Barat,0.9023,108.9861,0.165,0.157,0.11,28.3
2026-04-20,Singkawang,Kalimantan Barat,0.9023,108.9861,0.148,0.148,0.107,28.4
2026-04-21,Singkawang,Kalimantan Barat,0.9023,108.9861,0.127,0.139,0.104,28.2
2026-04-22,Singkawang,Kalimantan Barat,0.9023,108.9861,0.101,0.13,0.101,28.2
2026-04-23,Singkawang,Kalimantan Barat,0.9023,108.9861,0.123,0.124,0.1,28.6
2026-04-24,Singkawang,Kalimantan Barat,0.9023,108.9861,0.19,0.123,0.1,28.3
2026-04-25,Singkawang,Kalimantan Barat,0.9023,108.9861,0.262,0.153,0.1,26.9
2026-04-26,Singkawang,Kalimantan Barat,0.9023,108.9861,0.253,0.193,0.1,27.1
2026-04-27,Singkawang,Kalimantan Barat,0.9023,108.9861,0.267,0.225,0.1,27.4
2026-04-28,Singkawang,Kalimantan Barat,0.9023,108.9861,0.268,0.251,0.106,27.2
2026-04-29,Singkawang,Kalimantan Barat,0.9023,108.9861,0.256,0.241,0.109,28.0
2026-04-30,Singkawang,Kalimantan Barat,0.9023,108.9861,0.258,0.242,0.11,27.8
2026-05-01,Singkawang,Kalimantan Barat,0.9023,108.9861,0.289,0.266,0.115,27.5
2026-05-02,Singkawang,Kalimantan Barat,0.9023,108.9861,0.301,0.301,0.13,27.3
2026-05-03,Singkawang,Kalimantan Barat,0.9023,108.9861,0.278,0.268,0.136,27.6
2026-05-04,Singkawang,Kalimantan Barat,0.9023,108.9861,0.275,0.264,0.139,27.3
2026-05-05,Singkawang,Kalimantan Barat,0.9023,108.9861,0.233,0.242,0.139,28.1
2026-05-06,Singkawang,Kalimantan Barat,0.9023,108.9861,0.262,0.235,0.14,28.1
2026-05-07,Singkawang,Kalimantan Barat,0.9023,108.9861,0.281,0.249,0.141,27.3
2026-05-08,Singkawang,Kalimantan Barat,0.9023,108.9861,0.3,0.28,0.147,27.1
2026-05-09,Singkawang,Kalimantan Barat,0.9023,108.9861,0.343,0.339,0.183,26.3
2026-05-10,Singkawang,Kalimantan Barat,0.9023,108.9861,0.283,0.298,0.214,27.8
2026-05-11,Singkawang,Kalimantan Barat,0.9023,108.9861,0.251,0.274,0.222,28.3
2026-05-12,Singkawang,Kalimantan Barat,0.9023,108.9861,0.259,0.256,0.221,28.1
2026-05-13,Singkawang,Kalimantan Barat,0.9023,108.9861,0.263,0.255,0.22,27.8
2026-05-14,Singkawang,Kalimantan Barat,0.9023,108.9861,0.275,0.265,0.221,27.7
2026-05-15,Singkawang,Kalimantan Barat,0.9023,108.9861,0.307,0.291,0.226,27.2
2026-05-16,Singkawang,Kalimantan Barat,0.9023,108.9861,0.313,0.303,0.233,26.5
2026-05-17,Singkawang,Kalimantan Barat,0.9023,108.9861,0.321,0.326,0.26,26.9
2026-05-18,Singkawang,Kalimantan Barat,0.9023,108.9861,0.286,0.303,0.28,27.7
2026-05-19,Singkawang,Kalimantan Barat,0.9023,108.9861,0.26,0.283,0.28,28.7
2026-05-20,Singkawang,Kalimantan Barat,0.9023,108.9861,0.233,0.263,0.277,29.0
2026-05-21,Singkawang,Kalimantan Barat,0.9023,108.9861,0.225,0.246,0.274,28.6
2026-05-22,Singkawang,Kalimantan Barat,0.9023,108.9861,0.292,0.266,0.271,27.1
2026-05-23,Singkawang,Kalimantan Barat,0.9023,108.9861,0.268,0.28,0.27,27.5
2026-05-24,Singkawang,Kalimantan Barat,0.9023,108.9861,0.257,0.265,0.268,27.6
2026-05-25,Singkawang,Kalimantan Barat,0.9023,108.9861,0.293,0.271,0.267,26.3
2026-05-26,Singkawang,Kalimantan Barat,0.9023,108.9861,0.257,0.262,0.265,27.6
2026-05-27,Singkawang,Kalimantan Barat,0.9023,108.9861,0.227,0.253,0.263,28.1
2026-05-28,Singkawang,Kalimantan Barat,0.9023,108.9861,0.191,0.234,0.26,28.4
2026-05-29,Singkawang,Kalimantan Barat,0.9023,108.9861,0.183,0.217,0.257,28.2
2026-05-30,Singkawang,Kalimantan Barat,0.9023,108.9861,0.169,0.204,0.255,27.8
2026-05-31,Singkawang,Kalimantan Barat,0.9023,108.9861,0.155,0.197,0.251,28.4
2024-08-01,Sintang,Kalimantan Barat,0.0639,111.4732,0.358,0.318,0.324,27.1
2024-08-02,Sintang,Kalimantan Barat,0.0639,111.4732,0.411,0.386,0.322,25.2
2024-08-03,Sintang,Kalimantan Barat,0.0639,111.4732,0.388,0.389,0.328,25.9
2024-08-04,Sintang,Kalimantan Barat,0.0639,111.4732,0.365,0.372,0.328,27.0
2024-08-05,Sintang,Kalimantan Barat,0.0639,111.4732,0.348,0.357,0.325,27.1
2024-08-06,Sintang,Kalimantan Barat,0.0639,111.4732,0.331,0.34,0.32,26.6
2024-08-07,Sintang,Kalimantan Barat,0.0639,111.4732,0.404,0.374,0.32,25.6
2024-08-08,Sintang,Kalimantan Barat,0.0639,111.4732,0.393,0.384,0.32,25.9
2024-08-09,Sintang,Kalimantan Barat,0.0639,111.4732,0.384,0.375,0.321,26.5
2024-08-10,Sintang,Kalimantan Barat,0.0639,111.4732,0.357,0.36,0.321,27.4
2024-08-11,Sintang,Kalimantan Barat,0.0639,111.4732,0.381,0.356,0.321,26.7
2024-08-12,Sintang,Kalimantan Barat,0.0639,111.4732,0.376,0.357,0.321,26.4
2024-08-13,Sintang,Kalimantan Barat,0.0639,111.4732,0.356,0.347,0.321,27.1
2024-08-14,Sintang,Kalimantan Barat,0.0639,111.4732,0.39,0.352,0.321,26.4
2024-08-15,Sintang,Kalimantan Barat,0.0639,111.4732,0.401,0.381,0.32,26.3
2024-08-16,Sintang,Kalimantan Barat,0.0639,111.4732,0.414,0.409,0.33,26.0
2024-08-17,Sintang,Kalimantan Barat,0.0639,111.4732,0.406,0.401,0.339,26.5
2024-08-18,Sintang,Kalimantan Barat,0.0639,111.4732,0.405,0.393,0.341,26.6
2024-08-19,Sintang,Kalimantan Barat,0.0639,111.4732,0.402,0.394,0.345,26.5
2024-08-20,Sintang,Kalimantan Barat,0.0639,111.4732,0.406,0.395,0.347,26.4
2024-08-21,Sintang,Kalimantan Barat,0.0639,111.4732,0.426,0.419,0.36,25.7
2024-08-22,Sintang,Kalimantan Barat,0.0639,111.4732,0.418,0.418,0.385,25.4
2024-08-23,Sintang,Kalimantan Barat,0.0639,111.4732,0.407,0.406,0.39,25.4
2024-08-24,Sintang,Kalimantan Barat,0.0639,111.4732,0.419,0.408,0.389,25.4
2024-08-25,Sintang,Kalimantan Barat,0.0639,111.4732,0.421,0.422,0.403,25.7
2024-08-26,Sintang,Kalimantan Barat,0.0639,111.4732,0.414,0.411,0.404,26.2
2024-08-27,Sintang,Kalimantan Barat,0.0639,111.4732,0.418,0.418,0.402,25.9
2024-08-28,Sintang,Kalimantan Barat,0.0639,111.4732,0.422,0.422,0.408,25.3
2024-08-29,Sintang,Kalimantan Barat,0.0639,111.4732,0.423,0.424,0.421,25.6
2024-08-30,Sintang,Kalimantan Barat,0.0639,111.4732,0.412,0.417,0.421,26.3
2024-08-31,Sintang,Kalimantan Barat,0.0639,111.4732,0.4,0.402,0.416,27.1
2024-09-01,Sintang,Kalimantan Barat,0.0639,111.4732,0.389,0.392,0.412,26.5
2024-09-02,Sintang,Kalimantan Barat,0.0639,111.4732,0.371,0.38,0.407,27.4
2024-09-03,Sintang,Kalimantan Barat,0.0639,111.4732,0.356,0.37,0.402,28.2
2024-09-04,Sintang,Kalimantan Barat,0.0639,111.4732,0.357,0.359,0.394,27.1
2024-09-05,Sintang,Kalimantan Barat,0.0639,111.4732,0.345,0.353,0.387,27.0
2024-09-06,Sintang,Kalimantan Barat,0.0639,111.4732,0.332,0.346,0.382,27.8
2024-09-07,Sintang,Kalimantan Barat,0.0639,111.4732,0.333,0.339,0.377,28.3
2024-09-08,Sintang,Kalimantan Barat,0.0639,111.4732,0.41,0.399,0.374,26.9
2024-09-09,Sintang,Kalimantan Barat,0.0639,111.4732,0.426,0.424,0.383,25.1
2024-09-10,Sintang,Kalimantan Barat,0.0639,111.4732,0.409,0.411,0.39,26.2
2024-09-11,Sintang,Kalimantan Barat,0.0639,111.4732,0.407,0.407,0.393,26.0
2024-09-12,Sintang,Kalimantan Barat,0.0639,111.4732,0.388,0.396,0.394,26.8
2024-09-13,Sintang,Kalimantan Barat,0.0639,111.4732,0.374,0.383,0.391,27.1
2024-09-14,Sintang,Kalimantan Barat,0.0639,111.4732,0.363,0.374,0.386,27.3
2024-09-15,Sintang,Kalimantan Barat,0.0639,111.4732,0.353,0.365,0.383,27.2
2024-09-16,Sintang,Kalimantan Barat,0.0639,111.4732,0.338,0.352,0.378,27.4
2024-09-17,Sintang,Kalimantan Barat,0.0639,111.4732,0.327,0.341,0.373,27.9
2024-09-18,Sintang,Kalimantan Barat,0.0639,111.4732,0.328,0.335,0.368,26.4
2024-09-19,Sintang,Kalimantan Barat,0.0639,111.4732,0.32,0.331,0.367,27.4
2024-09-20,Sintang,Kalimantan Barat,0.0639,111.4732,0.311,0.326,0.365,28.1
2024-09-21,Sintang,Kalimantan Barat,0.0639,111.4732,0.301,0.318,0.359,28.4
2024-09-22,Sintang,Kalimantan Barat,0.0639,111.4732,0.329,0.314,0.353,28.0
2024-09-23,Sintang,Kalimantan Barat,0.0639,111.4732,0.36,0.318,0.354,26.0
2024-09-24,Sintang,Kalimantan Barat,0.0639,111.4732,0.329,0.318,0.352,27.7
2024-09-25,Sintang,Kalimantan Barat,0.0639,111.4732,0.415,0.384,0.348,25.4
2024-09-26,Sintang,Kalimantan Barat,0.0639,111.4732,0.388,0.389,0.347,26.7
2024-09-27,Sintang,Kalimantan Barat,0.0639,111.4732,0.398,0.393,0.348,26.8
2024-09-28,Sintang,Kalimantan Barat,0.0639,111.4732,0.39,0.388,0.35,27.2
2024-09-29,Sintang,Kalimantan Barat,0.0639,111.4732,0.425,0.416,0.357,26.3
2024-09-30,Sintang,Kalimantan Barat,0.0639,111.4732,0.421,0.418,0.371,26.0
2024-10-01,Sintang,Kalimantan Barat,0.0639,111.4732,0.409,0.408,0.375,26.7
2024-10-02,Sintang,Kalimantan Barat,0.0639,111.4732,0.424,0.424,0.388,25.0
2024-10-03,Sintang,Kalimantan Barat,0.0639,111.4732,0.401,0.405,0.392,26.6
2024-10-04,Sintang,Kalimantan Barat,0.0639,111.4732,0.417,0.415,0.398,25.7
2024-10-05,Sintang,Kalimantan Barat,0.0639,111.4732,0.42,0.421,0.409,26.0
2024-10-06,Sintang,Kalimantan Barat,0.0639,111.4732,0.415,0.418,0.411,26.1
2024-10-07,Sintang,Kalimantan Barat,0.0639,111.4732,0.418,0.419,0.412,25.7
2024-10-08,Sintang,Kalimantan Barat,0.0639,111.4732,0.419,0.422,0.418,26.4
2024-10-09,Sintang,Kalimantan Barat,0.0639,111.4732,0.411,0.415,0.419,26.8
2024-10-10,Sintang,Kalimantan Barat,0.0639,111.4732,0.401,0.402,0.415,26.9
2024-10-11,Sintang,Kalimantan Barat,0.0639,111.4732,0.414,0.411,0.413,26.3
2024-10-12,Sintang,Kalimantan Barat,0.0639,111.4732,0.409,0.413,0.413,27.2
2024-10-13,Sintang,Kalimantan Barat,0.0639,111.4732,0.42,0.418,0.412,26.8
2024-10-14,Sintang,Kalimantan Barat,0.0639,111.4732,0.421,0.421,0.414,26.0
2024-10-15,Sintang,Kalimantan Barat,0.0639,111.4732,0.425,0.426,0.418,25.3
2024-10-16,Sintang,Kalimantan Barat,0.0639,111.4732,0.423,0.425,0.421,26.1
2024-10-17,Sintang,Kalimantan Barat,0.0639,111.4732,0.422,0.425,0.428,25.8
2024-10-18,Sintang,Kalimantan Barat,0.0639,111.4732,0.414,0.415,0.423,26.5
2024-10-19,Sintang,Kalimantan Barat,0.0639,111.4732,0.42,0.422,0.42,26.4
2024-10-20,Sintang,Kalimantan Barat,0.0639,111.4732,0.409,0.41,0.418,26.8
2024-10-21,Sintang,Kalimantan Barat,0.0639,111.4732,0.405,0.408,0.413,26.1
2024-10-22,Sintang,Kalimantan Barat,0.0639,111.4732,0.38,0.39,0.41,27.6
2024-10-23,Sintang,Kalimantan Barat,0.0639,111.4732,0.368,0.379,0.407,28.2
2024-10-24,Sintang,Kalimantan Barat,0.0639,111.4732,0.357,0.37,0.403,28.6
2024-10-25,Sintang,Kalimantan Barat,0.0639,111.4732,0.344,0.36,0.397,28.2
2024-10-26,Sintang,Kalimantan Barat,0.0639,111.4732,0.337,0.353,0.392,28.0
2024-10-27,Sintang,Kalimantan Barat,0.0639,111.4732,0.333,0.348,0.39,28.1
2024-10-28,Sintang,Kalimantan Barat,0.0639,111.4732,0.327,0.342,0.386,28.4
2024-10-29,Sintang,Kalimantan Barat,0.0639,111.4732,0.376,0.374,0.384,27.8
2024-10-30,Sintang,Kalimantan Barat,0.0639,111.4732,0.383,0.385,0.384,28.4
2024-10-31,Sintang,Kalimantan Barat,0.0639,111.4732,0.418,0.407,0.383,26.6
2024-11-01,Sintang,Kalimantan Barat,0.0639,111.4732,0.41,0.408,0.384,26.5
2024-11-02,Sintang,Kalimantan Barat,0.0639,111.4732,0.413,0.41,0.384,26.8
2024-11-03,Sintang,Kalimantan Barat,0.0639,111.4732,0.419,0.413,0.384,26.5
2024-11-04,Sintang,Kalimantan Barat,0.0639,111.4732,0.408,0.411,0.389,26.6
2024-11-05,Sintang,Kalimantan Barat,0.0639,111.4732,0.403,0.398,0.389,26.8
2024-11-06,Sintang,Kalimantan Barat,0.0639,111.4732,0.425,0.423,0.399,25.1
2024-11-07,Sintang,Kalimantan Barat,0.0639,111.4732,0.419,0.418,0.404,26.0
2024-11-08,Sintang,Kalimantan Barat,0.0639,111.4732,0.413,0.414,0.407,26.7
2024-11-09,Sintang,Kalimantan Barat,0.0639,111.4732,0.415,0.416,0.408,26.3
2024-11-10,Sintang,Kalimantan Barat,0.0639,111.4732,0.412,0.414,0.409,26.8
2024-11-11,Sintang,Kalimantan Barat,0.0639,111.4732,0.42,0.42,0.412,25.6
2024-11-12,Sintang,Kalimantan Barat,0.0639,111.4732,0.407,0.41,0.406,26.9
2024-11-13,Sintang,Kalimantan Barat,0.0639,111.4732,0.419,0.414,0.375,26.7
2024-11-14,Sintang,Kalimantan Barat,0.0639,111.4732,0.423,0.42,0.384,26.5
2024-11-15,Sintang,Kalimantan Barat,0.0639,111.4732,0.419,0.419,0.395,26.4
2024-11-16,Sintang,Kalimantan Barat,0.0639,111.4732,0.41,0.408,0.396,26.7
2024-11-17,Sintang,Kalimantan Barat,0.0639,111.4732,0.418,0.416,0.399,26.9
2024-11-18,Sintang,Kalimantan Barat,0.0639,111.4732,0.419,0.419,0.405,26.9
2024-11-19,Sintang,Kalimantan Barat,0.0639,111.4732,0.423,0.423,0.408,26.7
2024-11-20,Sintang,Kalimantan Barat,0.0639,111.4732,0.426,0.427,0.424,26.0
2024-11-21,Sintang,Kalimantan Barat,0.0639,111.4732,0.421,0.422,0.423,26.7
2024-11-22,Sintang,Kalimantan Barat,0.0639,111.4732,0.421,0.422,0.422,26.5
2024-11-23,Sintang,Kalimantan Barat,0.0639,111.4732,0.416,0.419,0.421,26.6
2024-11-24,Sintang,Kalimantan Barat,0.0639,111.4732,0.411,0.412,0.42,26.8
2024-11-25,Sintang,Kalimantan Barat,0.0639,111.4732,0.414,0.415,0.417,26.5
2024-11-26,Sintang,Kalimantan Barat,0.0639,111.4732,0.412,0.412,0.408,27.1
2024-11-27,Sintang,Kalimantan Barat,0.0639,111.4732,0.412,0.411,0.402,26.8
2024-11-28,Sintang,Kalimantan Barat,0.0639,111.4732,0.416,0.415,0.402,26.8
2024-11-29,Sintang,Kalimantan Barat,0.0639,111.4732,0.418,0.419,0.407,26.6
2024-11-30,Sintang,Kalimantan Barat,0.0639,111.4732,0.42,0.42,0.41,26.0
2024-12-01,Sintang,Kalimantan Barat,0.0639,111.4732,0.411,0.413,0.411,26.8
2024-12-02,Sintang,Kalimantan Barat,0.0639,111.4732,0.41,0.415,0.411,26.8
2024-12-03,Sintang,Kalimantan Barat,0.0639,111.4732,0.407,0.406,0.409,26.8
2024-12-04,Sintang,Kalimantan Barat,0.0639,111.4732,0.408,0.409,0.406,26.9
2024-12-05,Sintang,Kalimantan Barat,0.0639,111.4732,0.416,0.412,0.404,26.0
2024-12-06,Sintang,Kalimantan Barat,0.0639,111.4732,0.409,0.411,0.407,26.5
2024-12-07,Sintang,Kalimantan Barat,0.0639,111.4732,0.39,0.394,0.406,27.1
2024-12-08,Sintang,Kalimantan Barat,0.0639,111.4732,0.376,0.372,0.395,27.2
2024-12-09,Sintang,Kalimantan Barat,0.0639,111.4732,0.41,0.394,0.391,26.8
2024-12-10,Sintang,Kalimantan Barat,0.0639,111.4732,0.415,0.412,0.392,26.5
2024-12-11,Sintang,Kalimantan Barat,0.0639,111.4732,0.421,0.42,0.399,26.7
2024-12-12,Sintang,Kalimantan Barat,0.0639,111.4732,0.426,0.425,0.409,26.6
2024-12-13,Sintang,Kalimantan Barat,0.0639,111.4732,0.418,0.422,0.421,26.5
2024-12-14,Sintang,Kalimantan Barat,0.0639,111.4732,0.406,0.412,0.419,27.1
2024-12-15,Sintang,Kalimantan Barat,0.0639,111.4732,0.397,0.401,0.416,27.6
2024-12-16,Sintang,Kalimantan Barat,0.0639,111.4732,0.412,0.407,0.419,27.3
2024-12-17,Sintang,Kalimantan Barat,0.0639,111.4732,0.418,0.421,0.419,26.7
2024-12-18,Sintang,Kalimantan Barat,0.0639,111.4732,0.418,0.418,0.419,26.5
2024-12-19,Sintang,Kalimantan Barat,0.0639,111.4732,0.412,0.409,0.412,26.3
2024-12-20,Sintang,Kalimantan Barat,0.0639,111.4732,0.41,0.406,0.409,26.2
2024-12-21,Sintang,Kalimantan Barat,0.0639,111.4732,0.409,0.41,0.405,26.2
2024-12-22,Sintang,Kalimantan Barat,0.0639,111.4732,0.401,0.394,0.401,26.1
2024-12-23,Sintang,Kalimantan Barat,0.0639,111.4732,0.393,0.385,0.398,26.9
2024-12-24,Sintang,Kalimantan Barat,0.0639,111.4732,0.409,0.399,0.395,26.2
2024-12-25,Sintang,Kalimantan Barat,0.0639,111.4732,0.387,0.392,0.392,26.7
2024-12-26,Sintang,Kalimantan Barat,0.0639,111.4732,0.393,0.38,0.39,27.0
2024-12-27,Sintang,Kalimantan Barat,0.0639,111.4732,0.405,0.399,0.387,26.2
2024-12-28,Sintang,Kalimantan Barat,0.0639,111.4732,0.395,0.391,0.387,26.9
2024-12-29,Sintang,Kalimantan Barat,0.0639,111.4732,0.401,0.393,0.386,26.8
2024-12-30,Sintang,Kalimantan Barat,0.0639,111.4732,0.387,0.39,0.386,27.1
2024-12-31,Sintang,Kalimantan Barat,0.0639,111.4732,0.381,0.379,0.386,26.7
2025-01-01,Sintang,Kalimantan Barat,0.0639,111.4732,0.412,0.409,0.389,26.7
2025-01-02,Sintang,Kalimantan Barat,0.0639,111.4732,0.403,0.403,0.394,27.2
2025-01-03,Sintang,Kalimantan Barat,0.0639,111.4732,0.392,0.391,0.396,27.2
2025-01-04,Sintang,Kalimantan Barat,0.0639,111.4732,0.403,0.396,0.394,26.2
2025-01-05,Sintang,Kalimantan Barat,0.0639,111.4732,0.406,0.405,0.394,26.1
2025-01-06,Sintang,Kalimantan Barat,0.0639,111.4732,0.395,0.394,0.395,26.4
2025-01-07,Sintang,Kalimantan Barat,0.0639,111.4732,0.4,0.392,0.396,25.8
2025-01-08,Sintang,Kalimantan Barat,0.0639,111.4732,0.416,0.414,0.397,26.0
2025-01-09,Sintang,Kalimantan Barat,0.0639,111.4732,0.423,0.423,0.407,26.1
2025-01-10,Sintang,Kalimantan Barat,0.0639,111.4732,0.415,0.417,0.409,26.7
2025-01-11,Sintang,Kalimantan Barat,0.0639,111.4732,0.424,0.424,0.413,26.5
2025-01-12,Sintang,Kalimantan Barat,0.0639,111.4732,0.417,0.42,0.419,26.4
2025-01-13,Sintang,Kalimantan Barat,0.0639,111.4732,0.42,0.422,0.421,26.3
2025-01-14,Sintang,Kalimantan Barat,0.0639,111.4732,0.42,0.423,0.424,25.3
2025-01-15,Sintang,Kalimantan Barat,0.0639,111.4732,0.419,0.42,0.422,26.3
2025-01-16,Sintang,Kalimantan Barat,0.0639,111.4732,0.412,0.413,0.416,25.9
2025-01-17,Sintang,Kalimantan Barat,0.0639,111.4732,0.395,0.397,0.407,27.0
2025-01-18,Sintang,Kalimantan Barat,0.0639,111.4732,0.398,0.39,0.402,27.0
2025-01-19,Sintang,Kalimantan Barat,0.0639,111.4732,0.423,0.413,0.397,25.3
2025-01-20,Sintang,Kalimantan Barat,0.0639,111.4732,0.412,0.412,0.4,25.8
2025-01-21,Sintang,Kalimantan Barat,0.0639,111.4732,0.422,0.422,0.404,26.3
2025-01-22,Sintang,Kalimantan Barat,0.0639,111.4732,0.424,0.423,0.411,26.0
2025-01-23,Sintang,Kalimantan Barat,0.0639,111.4732,0.424,0.425,0.418,26.0
2025-01-24,Sintang,Kalimantan Barat,0.0639,111.4732,0.414,0.417,0.418,26.6
2025-01-25,Sintang,Kalimantan Barat,0.0639,111.4732,0.424,0.423,0.417,26.5
2025-01-26,Sintang,Kalimantan Barat,0.0639,111.4732,0.428,0.428,0.423,25.2
2025-01-27,Sintang,Kalimantan Barat,0.0639,111.4732,0.42,0.421,0.422,25.8
2025-01-28,Sintang,Kalimantan Barat,0.0639,111.4732,0.423,0.423,0.422,24.8
2025-01-29,Sintang,Kalimantan Barat,0.0639,111.4732,0.427,0.427,0.422,24.4
2025-01-30,Sintang,Kalimantan Barat,0.0639,111.4732,0.426,0.427,0.427,24.6
2025-01-31,Sintang,Kalimantan Barat,0.0639,111.4732,0.419,0.423,0.426,25.0
2025-02-01,Sintang,Kalimantan Barat,0.0639,111.4732,0.418,0.421,0.426,24.4
2025-02-02,Sintang,Kalimantan Barat,0.0639,111.4732,0.402,0.404,0.42,25.4
2025-02-03,Sintang,Kalimantan Barat,0.0639,111.4732,0.415,0.412,0.417,25.8
2025-02-04,Sintang,Kalimantan Barat,0.0639,111.4732,0.422,0.42,0.412,25.8
2025-02-05,Sintang,Kalimantan Barat,0.0639,111.4732,0.423,0.422,0.413,25.7
2025-02-06,Sintang,Kalimantan Barat,0.0639,111.4732,0.417,0.419,0.414,25.4
2025-02-07,Sintang,Kalimantan Barat,0.0639,111.4732,0.4,0.4,0.408,26.3
2025-02-08,Sintang,Kalimantan Barat,0.0639,111.4732,0.411,0.408,0.403,26.2
2025-02-09,Sintang,Kalimantan Barat,0.0639,111.4732,0.409,0.408,0.395,26.3
2025-02-10,Sintang,Kalimantan Barat,0.0639,111.4732,0.399,0.4,0.386,26.5
2025-02-11,Sintang,Kalimantan Barat,0.0639,111.4732,0.374,0.381,0.379,26.9
2025-02-12,Sintang,Kalimantan Barat,0.0639,111.4732,0.354,0.364,0.373,27.2
2025-02-13,Sintang,Kalimantan Barat,0.0639,111.4732,0.341,0.351,0.367,27.5
2025-02-14,Sintang,Kalimantan Barat,0.0639,111.4732,0.323,0.335,0.358,27.4
2025-02-15,Sintang,Kalimantan Barat,0.0639,111.4732,0.307,0.323,0.356,27.7
2025-02-16,Sintang,Kalimantan Barat,0.0639,111.4732,0.292,0.313,0.353,27.5
2025-02-17,Sintang,Kalimantan Barat,0.0639,111.4732,0.294,0.299,0.34,27.0
2025-02-18,Sintang,Kalimantan Barat,0.0639,111.4732,0.353,0.302,0.315,26.5
2025-02-19,Sintang,Kalimantan Barat,0.0639,111.4732,0.344,0.315,0.307,26.4
2025-02-20,Sintang,Kalimantan Barat,0.0639,111.4732,0.325,0.309,0.304,26.6
2025-02-21,Sintang,Kalimantan Barat,0.0639,111.4732,0.355,0.316,0.301,26.7
2025-02-22,Sintang,Kalimantan Barat,0.0639,111.4732,0.39,0.361,0.298,26.9
2025-02-23,Sintang,Kalimantan Barat,0.0639,111.4732,0.395,0.376,0.301,26.3
2025-02-24,Sintang,Kalimantan Barat,0.0639,111.4732,0.392,0.387,0.309,26.4
2025-02-25,Sintang,Kalimantan Barat,0.0639,111.4732,0.41,0.391,0.314,26.5
2025-02-26,Sintang,Kalimantan Barat,0.0639,111.4732,0.398,0.395,0.32,26.2
2025-02-27,Sintang,Kalimantan Barat,0.0639,111.4732,0.389,0.385,0.325,27.0
2025-02-28,Sintang,Kalimantan Barat,0.0639,111.4732,0.415,0.41,0.335,26.2
2025-03-01,Sintang,Kalimantan Barat,0.0639,111.4732,0.397,0.391,0.339,26.7
2025-03-02,Sintang,Kalimantan Barat,0.0639,111.4732,0.413,0.404,0.347,26.4
2025-03-03,Sintang,Kalimantan Barat,0.0639,111.4732,0.419,0.411,0.355,26.0
2025-03-04,Sintang,Kalimantan Barat,0.0639,111.4732,0.426,0.423,0.369,25.6
2025-03-05,Sintang,Kalimantan Barat,0.0639,111.4732,0.414,0.413,0.381,26.6
2025-03-06,Sintang,Kalimantan Barat,0.0639,111.4732,0.418,0.416,0.386,26.9
2025-03-07,Sintang,Kalimantan Barat,0.0639,111.4732,0.427,0.427,0.409,25.1
2025-03-08,Sintang,Kalimantan Barat,0.0639,111.4732,0.408,0.413,0.414,26.5
2025-03-09,Sintang,Kalimantan Barat,0.0639,111.4732,0.407,0.407,0.413,26.8
2025-03-10,Sintang,Kalimantan Barat,0.0639,111.4732,0.417,0.42,0.415,26.8
2025-03-11,Sintang,Kalimantan Barat,0.0639,111.4732,0.402,0.409,0.416,27.7
2025-03-12,Sintang,Kalimantan Barat,0.0639,111.4732,0.416,0.415,0.413,26.9
2025-03-13,Sintang,Kalimantan Barat,0.0639,111.4732,0.42,0.423,0.419,26.6
2025-03-14,Sintang,Kalimantan Barat,0.0639,111.4732,0.417,0.415,0.417,26.8
2025-03-15,Sintang,Kalimantan Barat,0.0639,111.4732,0.421,0.424,0.423,26.0
2025-03-16,Sintang,Kalimantan Barat,0.0639,111.4732,0.412,0.413,0.422,26.9
2025-03-17,Sintang,Kalimantan Barat,0.0639,111.4732,0.417,0.413,0.417,26.3
2025-03-18,Sintang,Kalimantan Barat,0.0639,111.4732,0.42,0.421,0.412,26.4
2025-03-19,Sintang,Kalimantan Barat,0.0639,111.4732,0.423,0.424,0.42,26.0
2025-03-20,Sintang,Kalimantan Barat,0.0639,111.4732,0.427,0.428,0.427,25.4
2025-03-21,Sintang,Kalimantan Barat,0.0639,111.4732,0.418,0.422,0.427,25.3
2025-03-22,Sintang,Kalimantan Barat,0.0639,111.4732,0.417,0.418,0.423,26.4
2025-03-23,Sintang,Kalimantan Barat,0.0639,111.4732,0.42,0.421,0.424,26.6
2025-03-24,Sintang,Kalimantan Barat,0.0639,111.4732,0.408,0.411,0.423,26.8
2025-03-25,Sintang,Kalimantan Barat,0.0639,111.4732,0.397,0.402,0.416,27.4
2025-03-26,Sintang,Kalimantan Barat,0.0639,111.4732,0.382,0.389,0.41,28.1
2025-03-27,Sintang,Kalimantan Barat,0.0639,111.4732,0.359,0.373,0.4,28.3
2025-03-28,Sintang,Kalimantan Barat,0.0639,111.4732,0.34,0.36,0.396,28.4
2025-03-29,Sintang,Kalimantan Barat,0.0639,111.4732,0.352,0.35,0.392,27.7
2025-03-30,Sintang,Kalimantan Barat,0.0639,111.4732,0.399,0.388,0.388,27.1
2025-03-31,Sintang,Kalimantan Barat,0.0639,111.4732,0.41,0.406,0.387,26.8
2025-04-01,Sintang,Kalimantan Barat,0.0639,111.4732,0.424,0.421,0.396,26.1
2025-04-02,Sintang,Kalimantan Barat,0.0639,111.4732,0.412,0.412,0.4,26.7
2025-04-03,Sintang,Kalimantan Barat,0.0639,111.4732,0.409,0.41,0.401,26.5
2025-04-04,Sintang,Kalimantan Barat,0.0639,111.4732,0.415,0.41,0.402,26.6
2025-04-05,Sintang,Kalimantan Barat,0.0639,111.4732,0.413,0.412,0.404,26.9
2025-04-06,Sintang,Kalimantan Barat,0.0639,111.4732,0.422,0.422,0.408,26.5
2025-04-07,Sintang,Kalimantan Barat,0.0639,111.4732,0.412,0.412,0.411,26.9
2025-04-08,Sintang,Kalimantan Barat,0.0639,111.4732,0.423,0.422,0.412,26.3
2025-04-09,Sintang,Kalimantan Barat,0.0639,111.4732,0.417,0.419,0.415,26.2
2025-04-10,Sintang,Kalimantan Barat,0.0639,111.4732,0.411,0.412,0.414,27.1
2025-04-11,Sintang,Kalimantan Barat,0.0639,111.4732,0.42,0.421,0.414,26.1
2025-04-12,Sintang,Kalimantan Barat,0.0639,111.4732,0.419,0.422,0.417,26.5
2025-04-13,Sintang,Kalimantan Barat,0.0639,111.4732,0.416,0.413,0.414,26.7
2025-04-14,Sintang,Kalimantan Barat,0.0639,111.4732,0.417,0.416,0.414,26.4
2025-04-15,Sintang,Kalimantan Barat,0.0639,111.4732,0.415,0.42,0.419,26.2
2025-04-16,Sintang,Kalimantan Barat,0.0639,111.4732,0.407,0.41,0.417,27.2
2025-04-17,Sintang,Kalimantan Barat,0.0639,111.4732,0.422,0.422,0.417,25.9
2025-04-18,Sintang,Kalimantan Barat,0.0639,111.4732,0.399,0.404,0.415,26.9
2025-04-19,Sintang,Kalimantan Barat,0.0639,111.4732,0.389,0.391,0.411,27.5
2025-04-20,Sintang,Kalimantan Barat,0.0639,111.4732,0.415,0.405,0.412,27.0
2025-04-21,Sintang,Kalimantan Barat,0.0639,111.4732,0.412,0.408,0.414,26.2
2025-04-22,Sintang,Kalimantan Barat,0.0639,111.4732,0.409,0.413,0.413,27.1
2025-04-23,Sintang,Kalimantan Barat,0.0639,111.4732,0.402,0.401,0.412,27.1
2025-04-24,Sintang,Kalimantan Barat,0.0639,111.4732,0.411,0.409,0.411,25.7
2025-04-25,Sintang,Kalimantan Barat,0.0639,111.4732,0.387,0.395,0.409,27.3
2025-04-26,Sintang,Kalimantan Barat,0.0639,111.4732,0.405,0.402,0.409,27.1
2025-04-27,Sintang,Kalimantan Barat,0.0639,111.4732,0.403,0.404,0.404,26.9
2025-04-28,Sintang,Kalimantan Barat,0.0639,111.4732,0.388,0.384,0.395,27.4
2025-04-29,Sintang,Kalimantan Barat,0.0639,111.4732,0.39,0.387,0.391,27.0
2025-04-30,Sintang,Kalimantan Barat,0.0639,111.4732,0.386,0.387,0.385,27.1
2025-05-01,Sintang,Kalimantan Barat,0.0639,111.4732,0.377,0.369,0.373,27.5
2025-05-02,Sintang,Kalimantan Barat,0.0639,111.4732,0.391,0.379,0.364,27.3
2025-05-03,Sintang,Kalimantan Barat,0.0639,111.4732,0.363,0.372,0.363,28.1
2025-05-04,Sintang,Kalimantan Barat,0.0639,111.4732,0.375,0.367,0.361,27.9
2025-05-05,Sintang,Kalimantan Barat,0.0639,111.4732,0.372,0.36,0.358,27.5
2025-05-06,Sintang,Kalimantan Barat,0.0639,111.4732,0.372,0.356,0.35,27.2
2025-05-07,Sintang,Kalimantan Barat,0.0639,111.4732,0.351,0.346,0.348,27.9
2025-05-08,Sintang,Kalimantan Barat,0.0639,111.4732,0.381,0.357,0.34,27.7
2025-05-09,Sintang,Kalimantan Barat,0.0639,111.4732,0.353,0.346,0.33,27.5
2025-05-10,Sintang,Kalimantan Barat,0.0639,111.4732,0.34,0.332,0.325,27.9
2025-05-11,Sintang,Kalimantan Barat,0.0639,111.4732,0.392,0.352,0.321,27.0
2025-05-12,Sintang,Kalimantan Barat,0.0639,111.4732,0.382,0.376,0.324,27.1
2025-05-13,Sintang,Kalimantan Barat,0.0639,111.4732,0.379,0.373,0.325,27.7
2025-05-14,Sintang,Kalimantan Barat,0.0639,111.4732,0.399,0.394,0.329,26.7
2025-05-15,Sintang,Kalimantan Barat,0.0639,111.4732,0.394,0.384,0.332,27.3
2025-05-16,Sintang,Kalimantan Barat,0.0639,111.4732,0.392,0.378,0.333,27.4
2025-05-17,Sintang,Kalimantan Barat,0.0639,111.4732,0.405,0.39,0.331,26.4
2025-05-18,Sintang,Kalimantan Barat,0.0639,111.4732,0.389,0.382,0.332,27.5
2025-05-19,Sintang,Kalimantan Barat,0.0639,111.4732,0.415,0.4,0.335,27.2
2025-05-20,Sintang,Kalimantan Barat,0.0639,111.4732,0.401,0.4,0.337,27.0
2025-05-21,Sintang,Kalimantan Barat,0.0639,111.4732,0.37,0.379,0.338,27.9
2025-05-22,Sintang,Kalimantan Barat,0.0639,111.4732,0.372,0.362,0.336,27.4
2025-05-23,Sintang,Kalimantan Barat,0.0639,111.4732,0.384,0.375,0.336,27.1
2025-05-24,Sintang,Kalimantan Barat,0.0639,111.4732,0.361,0.366,0.336,28.0
2025-05-25,Sintang,Kalimantan Barat,0.0639,111.4732,0.347,0.35,0.334,28.3
2025-05-26,Sintang,Kalimantan Barat,0.0639,111.4732,0.4,0.37,0.332,27.5
2025-05-27,Sintang,Kalimantan Barat,0.0639,111.4732,0.398,0.389,0.332,27.0
2025-05-28,Sintang,Kalimantan Barat,0.0639,111.4732,0.38,0.377,0.333,27.4
2025-05-29,Sintang,Kalimantan Barat,0.0639,111.4732,0.39,0.382,0.334,27.5
2025-05-30,Sintang,Kalimantan Barat,0.0639,111.4732,0.397,0.389,0.334,26.9
2025-05-31,Sintang,Kalimantan Barat,0.0639,111.4732,0.38,0.378,0.335,26.5
2025-06-01,Sintang,Kalimantan Barat,0.0639,111.4732,0.387,0.37,0.335,26.4
2025-06-02,Sintang,Kalimantan Barat,0.0639,111.4732,0.402,0.385,0.336,25.6
2025-06-03,Sintang,Kalimantan Barat,0.0639,111.4732,0.38,0.376,0.336,26.8
2025-06-04,Sintang,Kalimantan Barat,0.0639,111.4732,0.388,0.379,0.337,26.8
2025-06-05,Sintang,Kalimantan Barat,0.0639,111.4732,0.385,0.374,0.338,27.1
2025-06-06,Sintang,Kalimantan Barat,0.0639,111.4732,0.393,0.378,0.338,26.9
2025-06-07,Sintang,Kalimantan Barat,0.0639,111.4732,0.373,0.361,0.334,26.4
2025-06-08,Sintang,Kalimantan Barat,0.0639,111.4732,0.339,0.349,0.332,27.4
2025-06-09,Sintang,Kalimantan Barat,0.0639,111.4732,0.326,0.333,0.328,27.7
2025-06-10,Sintang,Kalimantan Barat,0.0639,111.4732,0.327,0.319,0.324,27.2
2025-06-11,Sintang,Kalimantan Barat,0.0639,111.4732,0.389,0.355,0.321,26.6
2025-06-12,Sintang,Kalimantan Barat,0.0639,111.4732,0.357,0.357,0.315,27.7
2025-06-13,Sintang,Kalimantan Barat,0.0639,111.4732,0.356,0.348,0.314,28.0
2025-06-14,Sintang,Kalimantan Barat,0.0639,111.4732,0.33,0.33,0.308,28.3
2025-06-15,Sintang,Kalimantan Barat,0.0639,111.4732,0.312,0.318,0.303,28.0
2025-06-16,Sintang,Kalimantan Barat,0.0639,111.4732,0.361,0.331,0.306,26.8
2025-06-17,Sintang,Kalimantan Barat,0.0639,111.4732,0.368,0.351,0.309,27.1
2025-06-18,Sintang,Kalimantan Barat,0.0639,111.4732,0.388,0.37,0.31,26.5
2025-06-19,Sintang,Kalimantan Barat,0.0639,111.4732,0.422,0.417,0.32,24.8
2025-06-20,Sintang,Kalimantan Barat,0.0639,111.4732,0.392,0.396,0.33,25.5
2025-06-21,Sintang,Kalimantan Barat,0.0639,111.4732,0.368,0.378,0.332,27.0
2025-06-22,Sintang,Kalimantan Barat,0.0639,111.4732,0.382,0.372,0.333,26.9
2025-06-23,Sintang,Kalimantan Barat,0.0639,111.4732,0.344,0.353,0.332,27.7
2025-06-24,Sintang,Kalimantan Barat,0.0639,111.4732,0.368,0.35,0.331,26.8
2025-06-25,Sintang,Kalimantan Barat,0.0639,111.4732,0.358,0.349,0.328,27.1
2025-06-26,Sintang,Kalimantan Barat,0.0639,111.4732,0.328,0.337,0.326,27.7
2025-06-27,Sintang,Kalimantan Barat,0.0639,111.4732,0.335,0.316,0.32,27.1
2025-06-28,Sintang,Kalimantan Barat,0.0639,111.4732,0.384,0.339,0.315,25.9
2025-06-29,Sintang,Kalimantan Barat,0.0639,111.4732,0.371,0.354,0.315,26.7
2025-06-30,Sintang,Kalimantan Barat,0.0639,111.4732,0.368,0.354,0.314,26.0
2025-07-01,Sintang,Kalimantan Barat,0.0639,111.4732,0.329,0.336,0.313,27.1
2025-07-02,Sintang,Kalimantan Barat,0.0639,111.4732,0.319,0.325,0.312,27.7
2025-07-03,Sintang,Kalimantan Barat,0.0639,111.4732,0.367,0.322,0.311,26.9
2025-07-04,Sintang,Kalimantan Barat,0.0639,111.4732,0.343,0.319,0.309,26.9
2025-07-05,Sintang,Kalimantan Barat,0.0639,111.4732,0.309,0.305,0.306,27.4
2025-07-06,Sintang,Kalimantan Barat,0.0639,111.4732,0.325,0.307,0.302,27.2
2025-07-07,Sintang,Kalimantan Barat,0.0639,111.4732,0.354,0.316,0.302,25.6
2025-07-08,Sintang,Kalimantan Barat,0.0639,111.4732,0.331,0.316,0.304,27.1
2025-07-09,Sintang,Kalimantan Barat,0.0639,111.4732,0.315,0.31,0.302,27.2
2025-07-10,Sintang,Kalimantan Barat,0.0639,111.4732,0.339,0.307,0.3,26.6
2025-07-11,Sintang,Kalimantan Barat,0.0639,111.4732,0.309,0.302,0.299,27.2
2025-07-12,Sintang,Kalimantan Barat,0.0639,111.4732,0.3,0.299,0.301,27.7
2025-07-13,Sintang,Kalimantan Barat,0.0639,111.4732,0.293,0.293,0.3,27.8
2025-07-14,Sintang,Kalimantan Barat,0.0639,111.4732,0.37,0.313,0.298,26.5
2025-07-15,Sintang,Kalimantan Barat,0.0639,111.4732,0.34,0.305,0.296,27.1
2025-07-16,Sintang,Kalimantan Barat,0.0639,111.4732,0.373,0.327,0.295,26.6
2025-07-17,Sintang,Kalimantan Barat,0.0639,111.4732,0.385,0.349,0.292,26.5
2025-07-18,Sintang,Kalimantan Barat,0.0639,111.4732,0.387,0.371,0.293,26.0
2025-07-19,Sintang,Kalimantan Barat,0.0639,111.4732,0.363,0.364,0.295,26.8
2025-07-20,Sintang,Kalimantan Barat,0.0639,111.4732,0.338,0.349,0.295,27.2
2025-07-21,Sintang,Kalimantan Barat,0.0639,111.4732,0.321,0.334,0.294,27.3
2025-07-22,Sintang,Kalimantan Barat,0.0639,111.4732,0.309,0.323,0.293,27.4
2025-07-23,Sintang,Kalimantan Barat,0.0639,111.4732,0.286,0.307,0.289,28.0
2025-07-24,Sintang,Kalimantan Barat,0.0639,111.4732,0.267,0.294,0.287,28.4
2025-07-25,Sintang,Kalimantan Barat,0.0639,111.4732,0.261,0.284,0.286,28.3
2025-07-26,Sintang,Kalimantan Barat,0.0639,111.4732,0.248,0.272,0.284,28.5
2025-07-27,Sintang,Kalimantan Barat,0.0639,111.4732,0.257,0.261,0.281,27.8
2025-07-28,Sintang,Kalimantan Barat,0.0639,111.4732,0.225,0.251,0.278,28.4
2025-07-29,Sintang,Kalimantan Barat,0.0639,111.4732,0.208,0.242,0.276,28.9
2025-07-30,Sintang,Kalimantan Barat,0.0639,111.4732,0.199,0.235,0.277,28.9
2025-07-31,Sintang,Kalimantan Barat,0.0639,111.4732,0.22,0.229,0.276,28.0
2025-08-01,Sintang,Kalimantan Barat,0.0639,111.4732,0.214,0.223,0.272,28.6
2025-08-02,Sintang,Kalimantan Barat,0.0639,111.4732,0.329,0.231,0.264,27.0
2025-08-03,Sintang,Kalimantan Barat,0.0639,111.4732,0.349,0.252,0.263,27.1
2025-08-04,Sintang,Kalimantan Barat,0.0639,111.4732,0.401,0.34,0.263,25.6
2025-08-05,Sintang,Kalimantan Barat,0.0639,111.4732,0.361,0.36,0.265,26.7
2025-08-06,Sintang,Kalimantan Barat,0.0639,111.4732,0.34,0.346,0.265,27.0
2025-08-07,Sintang,Kalimantan Barat,0.0639,111.4732,0.324,0.33,0.263,27.8
2025-08-08,Sintang,Kalimantan Barat,0.0639,111.4732,0.313,0.315,0.26,27.2
2025-08-09,Sintang,Kalimantan Barat,0.0639,111.4732,0.36,0.324,0.259,25.5
2025-08-10,Sintang,Kalimantan Barat,0.0639,111.4732,0.358,0.319,0.26,26.3
2025-08-11,Sintang,Kalimantan Barat,0.0639,111.4732,0.383,0.345,0.26,25.1
2025-08-12,Sintang,Kalimantan Barat,0.0639,111.4732,0.402,0.372,0.26,25.6
2025-08-13,Sintang,Kalimantan Barat,0.0639,111.4732,0.409,0.397,0.267,25.7
2025-08-14,Sintang,Kalimantan Barat,0.0639,111.4732,0.404,0.401,0.278,25.3
2025-08-15,Sintang,Kalimantan Barat,0.0639,111.4732,0.382,0.383,0.285,26.2
2025-08-16,Sintang,Kalimantan Barat,0.0639,111.4732,0.365,0.364,0.288,26.4
2025-08-17,Sintang,Kalimantan Barat,0.0639,111.4732,0.353,0.347,0.288,26.3
2025-08-18,Sintang,Kalimantan Barat,0.0639,111.4732,0.352,0.337,0.289,26.7
2025-08-19,Sintang,Kalimantan Barat,0.0639,111.4732,0.381,0.348,0.288,26.3
2025-08-20,Sintang,Kalimantan Barat,0.0639,111.4732,0.421,0.413,0.301,24.5
2025-08-21,Sintang,Kalimantan Barat,0.0639,111.4732,0.407,0.404,0.317,25.1
2025-08-22,Sintang,Kalimantan Barat,0.0639,111.4732,0.384,0.385,0.322,26.4
2025-08-23,Sintang,Kalimantan Barat,0.0639,111.4732,0.391,0.378,0.322,26.4
2025-08-24,Sintang,Kalimantan Barat,0.0639,111.4732,0.418,0.415,0.333,25.3
2025-08-25,Sintang,Kalimantan Barat,0.0639,111.4732,0.411,0.406,0.344,25.2
2025-08-26,Sintang,Kalimantan Barat,0.0639,111.4732,0.38,0.387,0.348,26.5
2025-08-27,Sintang,Kalimantan Barat,0.0639,111.4732,0.356,0.367,0.347,27.0
2025-08-28,Sintang,Kalimantan Barat,0.0639,111.4732,0.336,0.348,0.346,27.3
2025-08-29,Sintang,Kalimantan Barat,0.0639,111.4732,0.355,0.347,0.345,26.6
2025-08-30,Sintang,Kalimantan Barat,0.0639,111.4732,0.334,0.334,0.341,27.3
2025-08-31,Sintang,Kalimantan Barat,0.0639,111.4732,0.376,0.35,0.337,25.7
2025-09-01,Sintang,Kalimantan Barat,0.0639,111.4732,0.348,0.341,0.337,26.9
2025-09-02,Sintang,Kalimantan Barat,0.0639,111.4732,0.339,0.334,0.336,26.7
2025-09-03,Sintang,Kalimantan Barat,0.0639,111.4732,0.364,0.341,0.331,26.3
2025-09-04,Sintang,Kalimantan Barat,0.0639,111.4732,0.34,0.33,0.33,26.2
2025-09-05,Sintang,Kalimantan Barat,0.0639,111.4732,0.337,0.323,0.328,25.8
2025-09-06,Sintang,Kalimantan Barat,0.0639,111.4732,0.402,0.367,0.328,25.6
2025-09-07,Sintang,Kalimantan Barat,0.0639,111.4732,0.396,0.392,0.333,26.1
2025-09-08,Sintang,Kalimantan Barat,0.0639,111.4732,0.402,0.393,0.335,25.4
2025-09-09,Sintang,Kalimantan Barat,0.0639,111.4732,0.395,0.386,0.336,25.5
2025-09-10,Sintang,Kalimantan Barat,0.0639,111.4732,0.419,0.407,0.337,25.6
2025-09-11,Sintang,Kalimantan Barat,0.0639,111.4732,0.407,0.409,0.349,26.2
2025-09-12,Sintang,Kalimantan Barat,0.0639,111.4732,0.407,0.405,0.355,26.0
2025-09-13,Sintang,Kalimantan Barat,0.0639,111.4732,0.424,0.419,0.364,25.5
2025-09-14,Sintang,Kalimantan Barat,0.0639,111.4732,0.406,0.409,0.375,25.6
2025-09-15,Sintang,Kalimantan Barat,0.0639,111.4732,0.412,0.408,0.375,26.4
2025-09-16,Sintang,Kalimantan Barat,0.0639,111.4732,0.416,0.415,0.38,25.7
2025-09-17,Sintang,Kalimantan Barat,0.0639,111.4732,0.414,0.413,0.384,26.0
2025-09-18,Sintang,Kalimantan Barat,0.0639,111.4732,0.412,0.414,0.391,25.7
2025-09-19,Sintang,Kalimantan Barat,0.0639,111.4732,0.395,0.403,0.395,27.0
2025-09-20,Sintang,Kalimantan Barat,0.0639,111.4732,0.393,0.395,0.394,26.5
2025-09-21,Sintang,Kalimantan Barat,0.0639,111.4732,0.368,0.382,0.391,27.6
2025-09-22,Sintang,Kalimantan Barat,0.0639,111.4732,0.357,0.37,0.389,27.7
2025-09-23,Sintang,Kalimantan Barat,0.0639,111.4732,0.336,0.356,0.385,27.9
2025-09-24,Sintang,Kalimantan Barat,0.0639,111.4732,0.327,0.348,0.384,28.1
2025-09-25,Sintang,Kalimantan Barat,0.0639,111.4732,0.301,0.33,0.379,27.9
2025-09-26,Sintang,Kalimantan Barat,0.0639,111.4732,0.285,0.318,0.375,28.1
2025-09-27,Sintang,Kalimantan Barat,0.0639,111.4732,0.276,0.311,0.372,28.6
2025-09-28,Sintang,Kalimantan Barat,0.0639,111.4732,0.288,0.306,0.369,28.5
2025-09-29,Sintang,Kalimantan Barat,0.0639,111.4732,0.386,0.379,0.368,25.6
2025-09-30,Sintang,Kalimantan Barat,0.0639,111.4732,0.395,0.401,0.375,26.5
2025-10-01,Sintang,Kalimantan Barat,0.0639,111.4732,0.391,0.391,0.372,26.0
2025-10-02,Sintang,Kalimantan Barat,0.0639,111.4732,0.361,0.378,0.364,27.6
2025-10-03,Sintang,Kalimantan Barat,0.0639,111.4732,0.369,0.369,0.361,27.3
2025-10-04,Sintang,Kalimantan Barat,0.0639,111.4732,0.373,0.366,0.357,25.8
2025-10-05,Sintang,Kalimantan Barat,0.0639,111.4732,0.39,0.381,0.356,25.6
2025-10-06,Sintang,Kalimantan Barat,0.0639,111.4732,0.371,0.372,0.349,26.0
2025-10-07,Sintang,Kalimantan Barat,0.0639,111.4732,0.375,0.363,0.346,26.0
2025-10-08,Sintang,Kalimantan Barat,0.0639,111.4732,0.366,0.358,0.344,26.2
2025-10-09,Sintang,Kalimantan Barat,0.0639,111.4732,0.37,0.358,0.342,26.9
2025-10-10,Sintang,Kalimantan Barat,0.0639,111.4732,0.376,0.369,0.343,26.6
2025-10-11,Sintang,Kalimantan Barat,0.0639,111.4732,0.361,0.365,0.343,27.0
2025-10-12,Sintang,Kalimantan Barat,0.0639,111.4732,0.373,0.355,0.342,27.4
2025-10-13,Sintang,Kalimantan Barat,0.0639,111.4732,0.397,0.386,0.341,26.2
2025-10-14,Sintang,Kalimantan Barat,0.0639,111.4732,0.383,0.388,0.34,27.2
2025-10-15,Sintang,Kalimantan Barat,0.0639,111.4732,0.397,0.391,0.34,27.5
2025-10-16,Sintang,Kalimantan Barat,0.0639,111.4732,0.396,0.389,0.34,27.2
2025-10-17,Sintang,Kalimantan Barat,0.0639,111.4732,0.425,0.423,0.358,25.1
2025-10-18,Sintang,Kalimantan Barat,0.0639,111.4732,0.393,0.402,0.365,26.7
2025-10-19,Sintang,Kalimantan Barat,0.0639,111.4732,0.379,0.384,0.366,27.8
2025-10-20,Sintang,Kalimantan Barat,0.0639,111.4732,0.411,0.401,0.366,26.1
2025-10-21,Sintang,Kalimantan Barat,0.0639,111.4732,0.402,0.401,0.367,26.6
2025-10-22,Sintang,Kalimantan Barat,0.0639,111.4732,0.407,0.404,0.37,26.3
2025-10-23,Sintang,Kalimantan Barat,0.0639,111.4732,0.414,0.414,0.375,26.5
2025-10-24,Sintang,Kalimantan Barat,0.0639,111.4732,0.408,0.41,0.382,26.2
2025-10-25,Sintang,Kalimantan Barat,0.0639,111.4732,0.407,0.408,0.383,26.0
2025-10-26,Sintang,Kalimantan Barat,0.0639,111.4732,0.418,0.418,0.388,25.4
2025-10-27,Sintang,Kalimantan Barat,0.0639,111.4732,0.391,0.4,0.389,26.2
2025-10-28,Sintang,Kalimantan Barat,0.0639,111.4732,0.382,0.386,0.388,27.0
2025-10-29,Sintang,Kalimantan Barat,0.0639,111.4732,0.379,0.383,0.386,27.6
2025-10-30,Sintang,Kalimantan Barat,0.0639,111.4732,0.349,0.362,0.384,28.4
2025-10-31,Sintang,Kalimantan Barat,0.0639,111.4732,0.33,0.347,0.38,27.4
2025-11-01,Sintang,Kalimantan Barat,0.0639,111.4732,0.312,0.332,0.372,28.5
2025-11-02,Sintang,Kalimantan Barat,0.0639,111.4732,0.365,0.331,0.366,27.6
2025-11-03,Sintang,Kalimantan Barat,0.0639,111.4732,0.352,0.329,0.364,28.1
2025-11-04,Sintang,Kalimantan Barat,0.0639,111.4732,0.398,0.366,0.357,26.9
2025-11-05,Sintang,Kalimantan Barat,0.0639,111.4732,0.408,0.399,0.353,26.5
2025-11-06,Sintang,Kalimantan Barat,0.0639,111.4732,0.396,0.394,0.351,26.8
2025-11-07,Sintang,Kalimantan Barat,0.0639,111.4732,0.376,0.378,0.352,26.9
2025-11-08,Sintang,Kalimantan Barat,0.0639,111.4732,0.36,0.367,0.352,27.9
2025-11-09,Sintang,Kalimantan Barat,0.0639,111.4732,0.377,0.361,0.35,26.8
2025-11-10,Sintang,Kalimantan Barat,0.0639,111.4732,0.356,0.356,0.348,27.2
2025-11-11,Sintang,Kalimantan Barat,0.0639,111.4732,0.361,0.345,0.349,27.4
2025-11-12,Sintang,Kalimantan Barat,0.0639,111.4732,0.356,0.341,0.345,26.4
2025-11-13,Sintang,Kalimantan Barat,0.0639,111.4732,0.383,0.383,0.345,26.1
2025-11-14,Sintang,Kalimantan Barat,0.0639,111.4732,0.36,0.366,0.342,27.0
2025-11-15,Sintang,Kalimantan Barat,0.0639,111.4732,0.349,0.344,0.339,27.3
2025-11-16,Sintang,Kalimantan Barat,0.0639,111.4732,0.374,0.343,0.336,26.6
2025-11-17,Sintang,Kalimantan Barat,0.0639,111.4732,0.382,0.359,0.336,26.8
2025-11-18,Sintang,Kalimantan Barat,0.0639,111.4732,0.408,0.379,0.335,26.2
2025-11-19,Sintang,Kalimantan Barat,0.0639,111.4732,0.405,0.402,0.343,26.9
2025-11-20,Sintang,Kalimantan Barat,0.0639,111.4732,0.406,0.406,0.351,26.6
2025-11-21,Sintang,Kalimantan Barat,0.0639,111.4732,0.413,0.409,0.359,26.7
2025-11-22,Sintang,Kalimantan Barat,0.0639,111.4732,0.412,0.413,0.367,26.5
2025-11-23,Sintang,Kalimantan Barat,0.0639,111.4732,0.407,0.406,0.37,26.1
2025-11-24,Sintang,Kalimantan Barat,0.0639,111.4732,0.399,0.396,0.371,26.7
2025-11-25,Sintang,Kalimantan Barat,0.0639,111.4732,0.407,0.405,0.372,26.6
2025-11-26,Sintang,Kalimantan Barat,0.0639,111.4732,0.402,0.408,0.378,26.7
2025-11-27,Sintang,Kalimantan Barat,0.0639,111.4732,0.39,0.391,0.376,27.3
2025-11-28,Sintang,Kalimantan Barat,0.0639,111.4732,0.398,0.391,0.375,26.8
2025-11-29,Sintang,Kalimantan Barat,0.0639,111.4732,0.41,0.403,0.374,25.4
2025-11-30,Sintang,Kalimantan Barat,0.0639,111.4732,0.402,0.405,0.378,26.6
2025-12-01,Sintang,Kalimantan Barat,0.0639,111.4732,0.395,0.397,0.377,26.8
2025-12-02,Sintang,Kalimantan Barat,0.0639,111.4732,0.416,0.416,0.383,26.3
2025-12-03,Sintang,Kalimantan Barat,0.0639,111.4732,0.407,0.406,0.386,26.5
2025-12-04,Sintang,Kalimantan Barat,0.0639,111.4732,0.413,0.412,0.388,26.1
2025-12-05,Sintang,Kalimantan Barat,0.0639,111.4732,0.413,0.416,0.393,26.2
2025-12-06,Sintang,Kalimantan Barat,0.0639,111.4732,0.415,0.416,0.395,26.5
2025-12-07,Sintang,Kalimantan Barat,0.0639,111.4732,0.396,0.404,0.396,26.7
2025-12-08,Sintang,Kalimantan Barat,0.0639,111.4732,0.407,0.41,0.396,25.5
2025-12-09,Sintang,Kalimantan Barat,0.0639,111.4732,0.41,0.413,0.399,25.5
2025-12-10,Sintang,Kalimantan Barat,0.0639,111.4732,0.397,0.403,0.399,26.5
2025-12-11,Sintang,Kalimantan Barat,0.0639,111.4732,0.396,0.395,0.397,26.7
2025-12-12,Sintang,Kalimantan Barat,0.0639,111.4732,0.42,0.417,0.401,25.8
2025-12-13,Sintang,Kalimantan Barat,0.0639,111.4732,0.418,0.419,0.409,25.8
2025-12-14,Sintang,Kalimantan Barat,0.0639,111.4732,0.42,0.423,0.411,26.3
2025-12-15,Sintang,Kalimantan Barat,0.0639,111.4732,0.42,0.422,0.419,26.1
2025-12-16,Sintang,Kalimantan Barat,0.0639,111.4732,0.413,0.413,0.415,26.5
2025-12-17,Sintang,Kalimantan Barat,0.0639,111.4732,0.397,0.405,0.412,27.1
2025-12-18,Sintang,Kalimantan Barat,0.0639,111.4732,0.405,0.407,0.409,27.0
2025-12-19,Sintang,Kalimantan Barat,0.0639,111.4732,0.412,0.415,0.408,26.7
2025-12-20,Sintang,Kalimantan Barat,0.0639,111.4732,0.419,0.419,0.409,26.5
2025-12-21,Sintang,Kalimantan Barat,0.0639,111.4732,0.423,0.422,0.41,26.0
2025-12-22,Sintang,Kalimantan Barat,0.0639,111.4732,0.416,0.417,0.411,26.4
2025-12-23,Sintang,Kalimantan Barat,0.0639,111.4732,0.409,0.414,0.41,26.6
2025-12-24,Sintang,Kalimantan Barat,0.0639,111.4732,0.398,0.402,0.407,27.1
2025-12-25,Sintang,Kalimantan Barat,0.0639,111.4732,0.396,0.399,0.405,27.4
2025-12-26,Sintang,Kalimantan Barat,0.0639,111.4732,0.418,0.417,0.405,26.6
2025-12-27,Sintang,Kalimantan Barat,0.0639,111.4732,0.421,0.423,0.414,26.2
2025-12-28,Sintang,Kalimantan Barat,0.0639,111.4732,0.413,0.416,0.414,26.7
2025-12-29,Sintang,Kalimantan Barat,0.0639,111.4732,0.41,0.415,0.414,26.6
2025-12-30,Sintang,Kalimantan Barat,0.0639,111.4732,0.407,0.408,0.411,26.9
2025-12-31,Sintang,Kalimantan Barat,0.0639,111.4732,0.422,0.424,0.416,26.1
2026-01-01,Sintang,Kalimantan Barat,0.0639,111.4732,0.422,0.424,0.422,25.6
2026-01-02,Sintang,Kalimantan Barat,0.0639,111.4732,0.411,0.417,0.422,26.0
2026-01-03,Sintang,Kalimantan Barat,0.0639,111.4732,0.412,0.414,0.418,25.5
2026-01-04,Sintang,Kalimantan Barat,0.0639,111.4732,0.419,0.422,0.419,25.8
2026-01-05,Sintang,Kalimantan Barat,0.0639,111.4732,0.4,0.408,0.416,26.8
2026-01-06,Sintang,Kalimantan Barat,0.0639,111.4732,0.395,0.397,0.412,26.7
2026-01-07,Sintang,Kalimantan Barat,0.0639,111.4732,0.413,0.409,0.41,26.1
2026-01-08,Sintang,Kalimantan Barat,0.0639,111.4732,0.422,0.423,0.414,25.9
2026-01-09,Sintang,Kalimantan Barat,0.0639,111.4732,0.428,0.428,0.421,24.8
2026-01-10,Sintang,Kalimantan Barat,0.0639,111.4732,0.424,0.425,0.426,25.0
2026-01-11,Sintang,Kalimantan Barat,0.0639,111.4732,0.427,0.428,0.427,24.9
2026-01-12,Sintang,Kalimantan Barat,0.0639,111.4732,0.413,0.417,0.423,25.9
2026-01-13,Sintang,Kalimantan Barat,0.0639,111.4732,0.407,0.408,0.419,26.3
2026-01-14,Sintang,Kalimantan Barat,0.0639,111.4732,0.387,0.398,0.415,26.2
2026-01-15,Sintang,Kalimantan Barat,0.0639,111.4732,0.371,0.387,0.411,26.7
2026-01-16,Sintang,Kalimantan Barat,0.0639,111.4732,0.361,0.376,0.407,26.9
2026-01-17,Sintang,Kalimantan Barat,0.0639,111.4732,0.345,0.364,0.402,27.0
2026-01-18,Sintang,Kalimantan Barat,0.0639,111.4732,0.335,0.355,0.397,26.5
2026-01-19,Sintang,Kalimantan Barat,0.0639,111.4732,0.323,0.345,0.392,26.5
2026-01-20,Sintang,Kalimantan Barat,0.0639,111.4732,0.308,0.334,0.387,26.7
2026-01-21,Sintang,Kalimantan Barat,0.0639,111.4732,0.299,0.326,0.382,26.4
2026-01-22,Sintang,Kalimantan Barat,0.0639,111.4732,0.294,0.321,0.376,26.6
2026-01-23,Sintang,Kalimantan Barat,0.0639,111.4732,0.291,0.313,0.368,26.3
2026-01-24,Sintang,Kalimantan Barat,0.0639,111.4732,0.279,0.301,0.358,26.9
2026-01-25,Sintang,Kalimantan Barat,0.0639,111.4732,0.271,0.291,0.347,26.8
2026-01-26,Sintang,Kalimantan Barat,0.0639,111.4732,0.267,0.285,0.337,26.8
2026-01-27,Sintang,Kalimantan Barat,0.0639,111.4732,0.261,0.28,0.335,27.2
2026-01-28,Sintang,Kalimantan Barat,0.0639,111.4732,0.252,0.273,0.331,27.1
2026-01-29,Sintang,Kalimantan Barat,0.0639,111.4732,0.238,0.267,0.327,27.6
2026-01-30,Sintang,Kalimantan Barat,0.0639,111.4732,0.227,0.256,0.317,27.5
2026-01-31,Sintang,Kalimantan Barat,0.0639,111.4732,0.245,0.242,0.302,26.9
2026-02-01,Sintang,Kalimantan Barat,0.0639,111.4732,0.294,0.246,0.303,26.2
2026-02-02,Sintang,Kalimantan Barat,0.0639,111.4732,0.301,0.253,0.309,26.7
2026-02-03,Sintang,Kalimantan Barat,0.0639,111.4732,0.331,0.255,0.305,26.6
2026-02-04,Sintang,Kalimantan Barat,0.0639,111.4732,0.389,0.319,0.3,25.4
2026-02-05,Sintang,Kalimantan Barat,0.0639,111.4732,0.364,0.341,0.299,26.4
2026-02-06,Sintang,Kalimantan Barat,0.0639,111.4732,0.349,0.333,0.298,26.1
2026-02-07,Sintang,Kalimantan Barat,0.0639,111.4732,0.364,0.34,0.298,26.3
2026-02-08,Sintang,Kalimantan Barat,0.0639,111.4732,0.326,0.331,0.297,26.9
2026-02-09,Sintang,Kalimantan Barat,0.0639,111.4732,0.299,0.315,0.296,26.8
2026-02-10,Sintang,Kalimantan Barat,0.0639,111.4732,0.283,0.304,0.295,27.0
2026-02-11,Sintang,Kalimantan Barat,0.0639,111.4732,0.278,0.297,0.294,27.5
2026-02-12,Sintang,Kalimantan Barat,0.0639,111.4732,0.333,0.294,0.292,27.2
2026-02-13,Sintang,Kalimantan Barat,0.0639,111.4732,0.394,0.34,0.292,25.7
2026-02-14,Sintang,Kalimantan Barat,0.0639,111.4732,0.389,0.369,0.295,26.4
2026-02-15,Sintang,Kalimantan Barat,0.0639,111.4732,0.391,0.382,0.299,26.5
2026-02-16,Sintang,Kalimantan Barat,0.0639,111.4732,0.399,0.394,0.303,26.9
2026-02-17,Sintang,Kalimantan Barat,0.0639,111.4732,0.409,0.396,0.307,26.4
2026-02-18,Sintang,Kalimantan Barat,0.0639,111.4732,0.415,0.416,0.328,26.4
2026-02-19,Sintang,Kalimantan Barat,0.0639,111.4732,0.422,0.415,0.341,25.7
2026-02-20,Sintang,Kalimantan Barat,0.0639,111.4732,0.415,0.412,0.354,25.8
2026-02-21,Sintang,Kalimantan Barat,0.0639,111.4732,0.412,0.412,0.371,25.6
2026-02-22,Sintang,Kalimantan Barat,0.0639,111.4732,0.404,0.402,0.377,26.7
2026-02-23,Sintang,Kalimantan Barat,0.0639,111.4732,0.424,0.42,0.384,25.7
2026-02-24,Sintang,Kalimantan Barat,0.0639,111.4732,0.424,0.422,0.399,25.8
2026-02-25,Sintang,Kalimantan Barat,0.0639,111.4732,0.416,0.42,0.411,26.2
2026-02-26,Sintang,Kalimantan Barat,0.0639,111.4732,0.413,0.417,0.414,26.4
2026-02-27,Sintang,Kalimantan Barat,0.0639,111.4732,0.404,0.408,0.411,26.6
2026-02-28,Sintang,Kalimantan Barat,0.0639,111.4732,0.406,0.408,0.409,26.6
2026-03-01,Sintang,Kalimantan Barat,0.0639,111.4732,0.388,0.395,0.406,27.6
2026-03-02,Sintang,Kalimantan Barat,0.0639,111.4732,0.374,0.384,0.403,27.5
2026-03-03,Sintang,Kalimantan Barat,0.0639,111.4732,0.36,0.37,0.399,27.6
2026-03-04,Sintang,Kalimantan Barat,0.0639,111.4732,0.346,0.36,0.395,27.7
2026-03-05,Sintang,Kalimantan Barat,0.0639,111.4732,0.38,0.367,0.392,26.8
2026-03-06,Sintang,Kalimantan Barat,0.0639,111.4732,0.392,0.378,0.39,26.2
2026-03-07,Sintang,Kalimantan Barat,0.0639,111.4732,0.4,0.387,0.389,25.7
2026-03-08,Sintang,Kalimantan Barat,0.0639,111.4732,0.409,0.41,0.391,26.3
2026-03-09,Sintang,Kalimantan Barat,0.0639,111.4732,0.415,0.417,0.394,26.0
2026-03-10,Sintang,Kalimantan Barat,0.0639,111.4732,0.418,0.417,0.398,25.8
2026-03-11,Sintang,Kalimantan Barat,0.0639,111.4732,0.425,0.425,0.41,25.7
2026-03-12,Sintang,Kalimantan Barat,0.0639,111.4732,0.416,0.42,0.417,26.0
2026-03-13,Sintang,Kalimantan Barat,0.0639,111.4732,0.394,0.406,0.415,27.1
2026-03-14,Sintang,Kalimantan Barat,0.0639,111.4732,0.381,0.391,0.41,27.6
2026-03-15,Sintang,Kalimantan Barat,0.0639,111.4732,0.384,0.383,0.406,27.2
2026-03-16,Sintang,Kalimantan Barat,0.0639,111.4732,0.41,0.399,0.404,26.1
2026-03-17,Sintang,Kalimantan Barat,0.0639,111.4732,0.401,0.398,0.401,26.5
2026-03-18,Sintang,Kalimantan Barat,0.0639,111.4732,0.416,0.422,0.408,26.5
2026-03-19,Sintang,Kalimantan Barat,0.0639,111.4732,0.415,0.42,0.416,26.5
2026-03-20,Sintang,Kalimantan Barat,0.0639,111.4732,0.405,0.408,0.414,26.9
2026-03-21,Sintang,Kalimantan Barat,0.0639,111.4732,0.393,0.399,0.41,27.2
2026-03-22,Sintang,Kalimantan Barat,0.0639,111.4732,0.368,0.382,0.406,27.6
2026-03-23,Sintang,Kalimantan Barat,0.0639,111.4732,0.354,0.37,0.402,27.6
2026-03-24,Sintang,Kalimantan Barat,0.0639,111.4732,0.343,0.359,0.397,27.4
2026-03-25,Sintang,Kalimantan Barat,0.0639,111.4732,0.329,0.349,0.393,27.5
2026-03-26,Sintang,Kalimantan Barat,0.0639,111.4732,0.323,0.344,0.39,28.0
2026-03-27,Sintang,Kalimantan Barat,0.0639,111.4732,0.317,0.338,0.388,28.5
2026-03-28,Sintang,Kalimantan Barat,0.0639,111.4732,0.331,0.331,0.388,28.1
2026-03-29,Sintang,Kalimantan Barat,0.0639,111.4732,0.338,0.323,0.384,27.5
2026-03-30,Sintang,Kalimantan Barat,0.0639,111.4732,0.368,0.338,0.38,26.3
2026-03-31,Sintang,Kalimantan Barat,0.0639,111.4732,0.39,0.375,0.378,26.9
2026-04-01,Sintang,Kalimantan Barat,0.0639,111.4732,0.378,0.366,0.376,27.6
2026-04-02,Sintang,Kalimantan Barat,0.0639,111.4732,0.419,0.411,0.379,26.2
2026-04-03,Sintang,Kalimantan Barat,0.0639,111.4732,0.407,0.408,0.388,26.3
2026-04-04,Sintang,Kalimantan Barat,0.0639,111.4732,0.404,0.403,0.389,26.7
2026-04-05,Sintang,Kalimantan Barat,0.0639,111.4732,0.404,0.407,0.391,26.5
2026-04-06,Sintang,Kalimantan Barat,0.0639,111.4732,0.4,0.399,0.39,27.1
2026-04-07,Sintang,Kalimantan Barat,0.0639,111.4732,0.395,0.398,0.39,27.0
2026-04-08,Sintang,Kalimantan Barat,0.0639,111.4732,0.403,0.401,0.389,26.4
2026-04-09,Sintang,Kalimantan Barat,0.0639,111.4732,0.404,0.407,0.392,26.9
2026-04-10,Sintang,Kalimantan Barat,0.0639,111.4732,0.414,0.41,0.393,26.4
2026-04-11,Sintang,Kalimantan Barat,0.0639,111.4732,0.407,0.413,0.397,26.8
2026-04-12,Sintang,Kalimantan Barat,0.0639,111.4732,0.388,0.398,0.398,27.6
2026-04-13,Sintang,Kalimantan Barat,0.0639,111.4732,0.386,0.389,0.396,27.4
2026-04-14,Sintang,Kalimantan Barat,0.0639,111.4732,0.398,0.396,0.396,27.2
2026-04-15,Sintang,Kalimantan Barat,0.0639,111.4732,0.415,0.415,0.398,26.5
2026-04-16,Sintang,Kalimantan Barat,0.0639,111.4732,0.414,0.417,0.405,26.7
2026-04-17,Sintang,Kalimantan Barat,0.0639,111.4732,0.406,0.412,0.406,27.3
2026-04-18,Sintang,Kalimantan Barat,0.0639,111.4732,0.412,0.414,0.406,27.0
2026-04-19,Sintang,Kalimantan Barat,0.0639,111.4732,0.416,0.421,0.41,26.8
2026-04-20,Sintang,Kalimantan Barat,0.0639,111.4732,0.407,0.413,0.412,27.3
2026-04-21,Sintang,Kalimantan Barat,0.0639,111.4732,0.407,0.408,0.41,26.9
2026-04-22,Sintang,Kalimantan Barat,0.0639,111.4732,0.409,0.416,0.411,26.4
2026-04-23,Sintang,Kalimantan Barat,0.0639,111.4732,0.398,0.404,0.41,27.5
2026-04-24,Sintang,Kalimantan Barat,0.0639,111.4732,0.393,0.402,0.408,27.8
2026-04-25,Sintang,Kalimantan Barat,0.0639,111.4732,0.399,0.397,0.406,27.5
2026-04-26,Sintang,Kalimantan Barat,0.0639,111.4732,0.371,0.387,0.404,27.8
2026-04-27,Sintang,Kalimantan Barat,0.0639,111.4732,0.398,0.395,0.402,27.4
2026-04-28,Sintang,Kalimantan Barat,0.0639,111.4732,0.409,0.408,0.401,27.4
2026-04-29,Sintang,Kalimantan Barat,0.0639,111.4732,0.412,0.412,0.402,27.5
2026-04-30,Sintang,Kalimantan Barat,0.0639,111.4732,0.417,0.419,0.406,26.5
2026-05-01,Sintang,Kalimantan Barat,0.0639,111.4732,0.412,0.415,0.41,27.0
2026-05-02,Sintang,Kalimantan Barat,0.0639,111.4732,0.42,0.423,0.415,27.2
2026-05-03,Sintang,Kalimantan Barat,0.0639,111.4732,0.412,0.417,0.417,27.0
2026-05-04,Sintang,Kalimantan Barat,0.0639,111.4732,0.417,0.416,0.416,26.6
2026-05-05,Sintang,Kalimantan Barat,0.0639,111.4732,0.415,0.422,0.419,27.0
2026-05-06,Sintang,Kalimantan Barat,0.0639,111.4732,0.409,0.414,0.417,27.6
2026-05-07,Sintang,Kalimantan Barat,0.0639,111.4732,0.419,0.422,0.417,27.3
2026-05-08,Sintang,Kalimantan Barat,0.0639,111.4732,0.423,0.424,0.419,26.7
2026-05-09,Sintang,Kalimantan Barat,0.0639,111.4732,0.421,0.422,0.42,26.5
2026-05-10,Sintang,Kalimantan Barat,0.0639,111.4732,0.41,0.42,0.423,27.7
2026-05-11,Sintang,Kalimantan Barat,0.0639,111.4732,0.408,0.414,0.42,27.5
2026-05-12,Sintang,Kalimantan Barat,0.0639,111.4732,0.416,0.421,0.423,27.4
2026-05-13,Sintang,Kalimantan Barat,0.0639,111.4732,0.424,0.424,0.427,27.7
2026-05-14,Sintang,Kalimantan Barat,0.0639,111.4732,0.419,0.423,0.427,27.6
2026-05-15,Sintang,Kalimantan Barat,0.0639,111.4732,0.424,0.426,0.428,26.5
2026-05-16,Sintang,Kalimantan Barat,0.0639,111.4732,0.418,0.421,0.426,27.3
2026-05-17,Sintang,Kalimantan Barat,0.0639,111.4732,0.425,0.427,0.428,26.6
2026-05-18,Sintang,Kalimantan Barat,0.0639,111.4732,0.418,0.422,0.428,27.9
2026-05-19,Sintang,Kalimantan Barat,0.0639,111.4732,0.402,0.411,0.422,28.5
2026-05-20,Sintang,Kalimantan Barat,0.0639,111.4732,0.39,0.399,0.416,28.9
2026-05-21,Sintang,Kalimantan Barat,0.0639,111.4732,0.397,0.4,0.411,28.5
2026-05-22,Sintang,Kalimantan Barat,0.0639,111.4732,0.419,0.421,0.409,27.2
2026-05-23,Sintang,Kalimantan Barat,0.0639,111.4732,0.421,0.425,0.421,27.0
2026-05-24,Sintang,Kalimantan Barat,0.0639,111.4732,0.412,0.413,0.42,27.7
2026-05-25,Sintang,Kalimantan Barat,0.0639,111.4732,0.411,0.408,0.416,27.2
2026-05-26,Sintang,Kalimantan Barat,0.0639,111.4732,0.42,0.418,0.413,27.2
2026-05-27,Sintang,Kalimantan Barat,0.0639,111.4732,0.418,0.42,0.411,27.1
2026-05-28,Sintang,Kalimantan Barat,0.0639,111.4732,0.399,0.408,0.409,27.9
2026-05-29,Sintang,Kalimantan Barat,0.0639,111.4732,0.394,0.396,0.405,28.0
2026-05-30,Sintang,Kalimantan Barat,0.0639,111.4732,0.386,0.388,0.401,27.9
2026-05-31,Sintang,Kalimantan Barat,0.0639,111.4732,0.376,0.378,0.398,28.4
2024-08-01,Tanjung Selor,Kalimantan Utara,2.838,117.3735,0.413,0.404,0.383,26.8
2024-08-02,Tanjung Selor,Kalimantan Utara,2.838,117.3735,0.415,0.414,0.386,26.3
2024-08-03,Tanjung Selor,Kalimantan Utara,2.838,117.3735,0.416,0.416,0.39,25.8
2024-08-04,Tanjung Selor,Kalimantan Utara,2.838,117.3735,0.4,0.397,0.389,26.8
2024-08-05,Tanjung Selor,Kalimantan Utara,2.838,117.3735,0.418,0.416,0.391,26.2
2024-08-06,Tanjung Selor,Kalimantan Utara,2.838,117.3735,0.405,0.408,0.394,27.1
2024-08-07,Tanjung Selor,Kalimantan Utara,2.838,117.3735,0.407,0.408,0.396,27.0
2024-08-08,Tanjung Selor,Kalimantan Utara,2.838,117.3735,0.398,0.4,0.397,26.4
2024-08-09,Tanjung Selor,Kalimantan Utara,2.838,117.3735,0.397,0.393,0.397,26.5
2024-08-10,Tanjung Selor,Kalimantan Utara,2.838,117.3735,0.38,0.385,0.395,27.0
2024-08-11,Tanjung Selor,Kalimantan Utara,2.838,117.3735,0.397,0.391,0.392,27.2
2024-08-12,Tanjung Selor,Kalimantan Utara,2.838,117.3735,0.388,0.39,0.39,27.0
2024-08-13,Tanjung Selor,Kalimantan Utara,2.838,117.3735,0.404,0.395,0.389,26.7
2024-08-14,Tanjung Selor,Kalimantan Utara,2.838,117.3735,0.411,0.412,0.393,25.8
2024-08-15,Tanjung Selor,Kalimantan Utara,2.838,117.3735,0.398,0.399,0.394,26.7
2024-08-16,Tanjung Selor,Kalimantan Utara,2.838,117.3735,0.38,0.387,0.393,27.4
2024-08-17,Tanjung Selor,Kalimantan Utara,2.838,117.3735,0.389,0.382,0.391,26.9
2024-08-18,Tanjung Selor,Kalimantan Utara,2.838,117.3735,0.381,0.377,0.39,26.6
2024-08-19,Tanjung Selor,Kalimantan Utara,2.838,117.3735,0.392,0.38,0.388,27.0
2024-08-20,Tanjung Selor,Kalimantan Utara,2.838,117.3735,0.406,0.399,0.387,26.5
2024-08-21,Tanjung Selor,Kalimantan Utara,2.838,117.3735,0.417,0.415,0.392,25.7
2024-08-22,Tanjung Selor,Kalimantan Utara,2.838,117.3735,0.422,0.419,0.398,25.4
2024-08-23,Tanjung Selor,Kalimantan Utara,2.838,117.3735,0.417,0.42,0.409,25.8
2024-08-24,Tanjung Selor,Kalimantan Utara,2.838,117.3735,0.41,0.411,0.41,26.4
2024-08-25,Tanjung Selor,Kalimantan Utara,2.838,117.3735,0.41,0.413,0.412,26.2
2024-08-26,Tanjung Selor,Kalimantan Utara,2.838,117.3735,0.412,0.413,0.411,26.6
2024-08-27,Tanjung Selor,Kalimantan Utara,2.838,117.3735,0.422,0.424,0.417,25.8
2024-08-28,Tanjung Selor,Kalimantan Utara,2.838,117.3735,0.4,0.407,0.415,27.1
2024-08-29,Tanjung Selor,Kalimantan Utara,2.838,117.3735,0.412,0.408,0.411,26.4
2024-08-30,Tanjung Selor,Kalimantan Utara,2.838,117.3735,0.403,0.405,0.409,26.0
2024-08-31,Tanjung Selor,Kalimantan Utara,2.838,117.3735,0.405,0.405,0.41,26.3
2024-09-01,Tanjung Selor,Kalimantan Utara,2.838,117.3735,0.41,0.413,0.411,25.7
2024-09-02,Tanjung Selor,Kalimantan Utara,2.838,117.3735,0.404,0.405,0.411,27.2
2024-09-03,Tanjung Selor,Kalimantan Utara,2.838,117.3735,0.419,0.418,0.41,26.6
2024-09-04,Tanjung Selor,Kalimantan Utara,2.838,117.3735,0.418,0.419,0.412,27.1
2024-09-05,Tanjung Selor,Kalimantan Utara,2.838,117.3735,0.414,0.417,0.414,26.9
2024-09-06,Tanjung Selor,Kalimantan Utara,2.838,117.3735,0.395,0.403,0.413,27.8
2024-09-07,Tanjung Selor,Kalimantan Utara,2.838,117.3735,0.394,0.392,0.411,27.5
2024-09-08,Tanjung Selor,Kalimantan Utara,2.838,117.3735,0.395,0.396,0.408,27.6
2024-09-09,Tanjung Selor,Kalimantan Utara,2.838,117.3735,0.391,0.392,0.404,27.6
2024-09-10,Tanjung Selor,Kalimantan Utara,2.838,117.3735,0.411,0.404,0.399,27.1
2024-09-11,Tanjung Selor,Kalimantan Utara,2.838,117.3735,0.418,0.417,0.398,26.9
2024-09-12,Tanjung Selor,Kalimantan Utara,2.838,117.3735,0.401,0.407,0.4,26.6
2024-09-13,Tanjung Selor,Kalimantan Utara,2.838,117.3735,0.381,0.39,0.392,27.3
2024-09-14,Tanjung Selor,Kalimantan Utara,2.838,117.3735,0.368,0.377,0.387,27.9
2024-09-15,Tanjung Selor,Kalimantan Utara,2.838,117.3735,0.356,0.366,0.382,28.5
2024-09-16,Tanjung Selor,Kalimantan Utara,2.838,117.3735,0.347,0.357,0.378,28.4
2024-09-17,Tanjung Selor,Kalimantan Utara,2.838,117.3735,0.341,0.352,0.375,28.4
2024-09-18,Tanjung Selor,Kalimantan Utara,2.838,117.3735,0.348,0.352,0.372,28.4
2024-09-19,Tanjung Selor,Kalimantan Utara,2.838,117.3735,0.354,0.348,0.367,27.9
2024-09-20,Tanjung Selor,Kalimantan Utara,2.838,117.3735,0.4,0.362,0.363,26.9
2024-09-21,Tanjung Selor,Kalimantan Utara,2.838,117.3735,0.416,0.414,0.365,25.6
2024-09-22,Tanjung Selor,Kalimantan Utara,2.838,117.3735,0.391,0.396,0.367,27.3
2024-09-23,Tanjung Selor,Kalimantan Utara,2.838,117.3735,0.372,0.379,0.364,27.5
2024-09-24,Tanjung Selor,Kalimantan Utara,2.838,117.3735,0.389,0.383,0.365,27.4
2024-09-25,Tanjung Selor,Kalimantan Utara,2.838,117.3735,0.41,0.401,0.368,26.2
2024-09-26,Tanjung Selor,Kalimantan Utara,2.838,117.3735,0.392,0.39,0.37,26.2
2024-09-27,Tanjung Selor,Kalimantan Utara,2.838,117.3735,0.41,0.407,0.373,26.7
2024-09-28,Tanjung Selor,Kalimantan Utara,2.838,117.3735,0.394,0.395,0.374,27.1
2024-09-29,Tanjung Selor,Kalimantan Utara,2.838,117.3735,0.377,0.383,0.374,27.7
2024-09-30,Tanjung Selor,Kalimantan Utara,2.838,117.3735,0.388,0.38,0.373,27.0
2024-10-01,Tanjung Selor,Kalimantan Utara,2.838,117.3735,0.411,0.404,0.374,26.6
2024-10-02,Tanjung Selor,Kalimantan Utara,2.838,117.3735,0.413,0.409,0.378,26.7
2024-10-03,Tanjung Selor,Kalimantan Utara,2.838,117.3735,0.404,0.403,0.381,26.6
2024-10-04,Tanjung Selor,Kalimantan Utara,2.838,117.3735,0.386,0.391,0.381,27.0
2024-10-05,Tanjung Selor,Kalimantan Utara,2.838,117.3735,0.405,0.4,0.38,26.6
2024-10-06,Tanjung Selor,Kalimantan Utara,2.838,117.3735,0.403,0.401,0.382,26.7
2024-10-07,Tanjung Selor,Kalimantan Utara,2.838,117.3735,0.414,0.412,0.384,26.7
2024-10-08,Tanjung Selor,Kalimantan Utara,2.838,117.3735,0.405,0.408,0.389,26.9
2024-10-09,Tanjung Selor,Kalimantan Utara,2.838,117.3735,0.417,0.416,0.395,27.1
2024-10-10,Tanjung Selor,Kalimantan Utara,2.838,117.3735,0.404,0.407,0.4,27.6
2024-10-11,Tanjung Selor,Kalimantan Utara,2.838,117.3735,0.416,0.416,0.401,26.9
2024-10-12,Tanjung Selor,Kalimantan Utara,2.838,117.3735,0.398,0.403,0.401,27.7
2024-10-13,Tanjung Selor,Kalimantan Utara,2.838,117.3735,0.393,0.396,0.399,27.5
2024-10-14,Tanjung Selor,Kalimantan Utara,2.838,117.3735,0.409,0.404,0.399,26.2
2024-10-15,Tanjung Selor,Kalimantan Utara,2.838,117.3735,0.4,0.397,0.396,27.2
2024-10-16,Tanjung Selor,Kalimantan Utara,2.838,117.3735,0.42,0.418,0.398,26.5
2024-10-17,Tanjung Selor,Kalimantan Utara,2.838,117.3735,0.418,0.417,0.401,26.5
2024-10-18,Tanjung Selor,Kalimantan Utara,2.838,117.3735,0.421,0.423,0.411,26.2
2024-10-19,Tanjung Selor,Kalimantan Utara,2.838,117.3735,0.416,0.417,0.41,26.3
2024-10-20,Tanjung Selor,Kalimantan Utara,2.838,117.3735,0.403,0.409,0.41,26.9
2024-10-21,Tanjung Selor,Kalimantan Utara,2.838,117.3735,0.398,0.397,0.407,26.4
2024-10-22,Tanjung Selor,Kalimantan Utara,2.838,117.3735,0.382,0.39,0.405,27.2
2024-10-23,Tanjung Selor,Kalimantan Utara,2.838,117.3735,0.374,0.384,0.404,28.1
2024-10-24,Tanjung Selor,Kalimantan Utara,2.838,117.3735,0.362,0.374,0.4,28.6
2024-10-25,Tanjung Selor,Kalimantan Utara,2.838,117.3735,0.351,0.362,0.395,28.9
2024-10-26,Tanjung Selor,Kalimantan Utara,2.838,117.3735,0.342,0.355,0.39,28.9
2024-10-27,Tanjung Selor,Kalimantan Utara,2.838,117.3735,0.363,0.367,0.387,28.2
2024-10-28,Tanjung Selor,Kalimantan Utara,2.838,117.3735,0.398,0.386,0.381,27.8
2024-10-29,Tanjung Selor,Kalimantan Utara,2.838,117.3735,0.417,0.414,0.383,26.6
2024-10-30,Tanjung Selor,Kalimantan Utara,2.838,117.3735,0.412,0.407,0.384,27.0
2024-10-31,Tanjung Selor,Kalimantan Utara,2.838,117.3735,0.414,0.409,0.388,26.9
2024-11-01,Tanjung Selor,Kalimantan Utara,2.838,117.3735,0.405,0.406,0.39,26.9
2024-11-02,Tanjung Selor,Kalimantan Utara,2.838,117.3735,0.385,0.392,0.389,27.4
2024-11-03,Tanjung Selor,Kalimantan Utara,2.838,117.3735,0.403,0.39,0.389,26.1
2024-11-04,Tanjung Selor,Kalimantan Utara,2.838,117.3735,0.412,0.408,0.39,26.4
2024-11-05,Tanjung Selor,Kalimantan Utara,2.838,117.3735,0.412,0.411,0.394,26.5
2024-11-06,Tanjung Selor,Kalimantan Utara,2.838,117.3735,0.418,0.421,0.405,26.2
2024-11-07,Tanjung Selor,Kalimantan Utara,2.838,117.3735,0.412,0.412,0.406,26.5
2024-11-08,Tanjung Selor,Kalimantan Utara,2.838,117.3735,0.396,0.399,0.405,27.3
2024-11-09,Tanjung Selor,Kalimantan Utara,2.838,117.3735,0.407,0.404,0.402,26.4
2024-11-10,Tanjung Selor,Kalimantan Utara,2.838,117.3735,0.407,0.411,0.403,27.0
2024-11-11,Tanjung Selor,Kalimantan Utara,2.838,117.3735,0.407,0.409,0.402,27.1
2024-11-12,Tanjung Selor,Kalimantan Utara,2.838,117.3735,0.396,0.399,0.398,27.5
2024-11-13,Tanjung Selor,Kalimantan Utara,2.838,117.3735,0.38,0.376,0.374,27.4
2024-11-14,Tanjung Selor,Kalimantan Utara,2.838,117.3735,0.338,0.357,0.366,27.5
2024-11-15,Tanjung Selor,Kalimantan Utara,2.838,117.3735,0.333,0.347,0.363,28.1
2024-11-16,Tanjung Selor,Kalimantan Utara,2.838,117.3735,0.32,0.337,0.361,28.2
2024-11-17,Tanjung Selor,Kalimantan Utara,2.838,117.3735,0.347,0.329,0.356,27.2
2024-11-18,Tanjung Selor,Kalimantan Utara,2.838,117.3735,0.38,0.339,0.348,26.7
2024-11-19,Tanjung Selor,Kalimantan Utara,2.838,117.3735,0.42,0.406,0.347,25.6
2024-11-20,Tanjung Selor,Kalimantan Utara,2.838,117.3735,0.397,0.399,0.355,26.9
2024-11-21,Tanjung Selor,Kalimantan Utara,2.838,117.3735,0.384,0.384,0.355,27.5
2024-11-22,Tanjung Selor,Kalimantan Utara,2.838,117.3735,0.392,0.383,0.355,27.1
2024-11-23,Tanjung Selor,Kalimantan Utara,2.838,117.3735,0.402,0.389,0.355,26.9
2024-11-24,Tanjung Selor,Kalimantan Utara,2.838,117.3735,0.415,0.407,0.359,25.7
2024-11-25,Tanjung Selor,Kalimantan Utara,2.838,117.3735,0.421,0.418,0.372,26.1
2024-11-26,Tanjung Selor,Kalimantan Utara,2.838,117.3735,0.411,0.406,0.377,25.6
2024-11-27,Tanjung Selor,Kalimantan Utara,2.838,117.3735,0.411,0.412,0.384,26.3
2024-11-28,Tanjung Selor,Kalimantan Utara,2.838,117.3735,0.399,0.395,0.382,27.1
2024-11-29,Tanjung Selor,Kalimantan Utara,2.838,117.3735,0.414,0.408,0.384,26.8
2024-11-30,Tanjung Selor,Kalimantan Utara,2.838,117.3735,0.415,0.415,0.388,27.0
2024-12-01,Tanjung Selor,Kalimantan Utara,2.838,117.3735,0.412,0.411,0.387,26.2
2024-12-02,Tanjung Selor,Kalimantan Utara,2.838,117.3735,0.403,0.401,0.386,27.0
2024-12-03,Tanjung Selor,Kalimantan Utara,2.838,117.3735,0.414,0.411,0.384,26.8
2024-12-04,Tanjung Selor,Kalimantan Utara,2.838,117.3735,0.417,0.413,0.388,26.7
2024-12-05,Tanjung Selor,Kalimantan Utara,2.838,117.3735,0.42,0.415,0.392,25.6
2024-12-06,Tanjung Selor,Kalimantan Utara,2.838,117.3735,0.387,0.387,0.387,27.1
2024-12-07,Tanjung Selor,Kalimantan Utara,2.838,117.3735,0.411,0.41,0.389,26.9
2024-12-08,Tanjung Selor,Kalimantan Utara,2.838,117.3735,0.405,0.402,0.389,26.6
2024-12-09,Tanjung Selor,Kalimantan Utara,2.838,117.3735,0.391,0.392,0.387,27.9
2024-12-10,Tanjung Selor,Kalimantan Utara,2.838,117.3735,0.411,0.401,0.383,27.5
2024-12-11,Tanjung Selor,Kalimantan Utara,2.838,117.3735,0.417,0.415,0.385,26.6
2024-12-12,Tanjung Selor,Kalimantan Utara,2.838,117.3735,0.415,0.412,0.386,26.6
2024-12-13,Tanjung Selor,Kalimantan Utara,2.838,117.3735,0.42,0.416,0.388,26.7
2024-12-14,Tanjung Selor,Kalimantan Utara,2.838,117.3735,0.423,0.425,0.401,25.4
2024-12-15,Tanjung Selor,Kalimantan Utara,2.838,117.3735,0.412,0.413,0.406,26.6
2024-12-16,Tanjung Selor,Kalimantan Utara,2.838,117.3735,0.397,0.403,0.404,27.5
2024-12-17,Tanjung Selor,Kalimantan Utara,2.838,117.3735,0.409,0.407,0.402,27.4
2024-12-18,Tanjung Selor,Kalimantan Utara,2.838,117.3735,0.407,0.407,0.39,26.8
2024-12-19,Tanjung Selor,Kalimantan Utara,2.838,117.3735,0.394,0.394,0.383,27.5
2024-12-20,Tanjung Selor,Kalimantan Utara,2.838,117.3735,0.408,0.405,0.379,27.0
2024-12-21,Tanjung Selor,Kalimantan Utara,2.838,117.3735,0.416,0.412,0.381,27.2
2024-12-22,Tanjung Selor,Kalimantan Utara,2.838,117.3735,0.414,0.415,0.39,26.2
2024-12-23,Tanjung Selor,Kalimantan Utara,2.838,117.3735,0.393,0.399,0.39,27.6
2024-12-24,Tanjung Selor,Kalimantan Utara,2.838,117.3735,0.417,0.408,0.388,26.5
2024-12-25,Tanjung Selor,Kalimantan Utara,2.838,117.3735,0.396,0.396,0.387,26.6
2024-12-26,Tanjung Selor,Kalimantan Utara,2.838,117.3735,0.419,0.416,0.387,25.6
2024-12-27,Tanjung Selor,Kalimantan Utara,2.838,117.3735,0.405,0.404,0.388,26.7
2024-12-28,Tanjung Selor,Kalimantan Utara,2.838,117.3735,0.407,0.401,0.388,27.2
2024-12-29,Tanjung Selor,Kalimantan Utara,2.838,117.3735,0.402,0.398,0.385,26.7
2024-12-30,Tanjung Selor,Kalimantan Utara,2.838,117.3735,0.396,0.392,0.378,27.8
2024-12-31,Tanjung Selor,Kalimantan Utara,2.838,117.3735,0.413,0.406,0.377,26.8
2025-01-01,Tanjung Selor,Kalimantan Utara,2.838,117.3735,0.415,0.414,0.383,27.3
2025-01-02,Tanjung Selor,Kalimantan Utara,2.838,117.3735,0.408,0.411,0.388,27.2
2025-01-03,Tanjung Selor,Kalimantan Utara,2.838,117.3735,0.396,0.398,0.39,27.8
2025-01-04,Tanjung Selor,Kalimantan Utara,2.838,117.3735,0.416,0.418,0.392,26.3
2025-01-05,Tanjung Selor,Kalimantan Utara,2.838,117.3735,0.402,0.403,0.393,27.1
2025-01-06,Tanjung Selor,Kalimantan Utara,2.838,117.3735,0.406,0.403,0.393,27.2
2025-01-07,Tanjung Selor,Kalimantan Utara,2.838,117.3735,0.405,0.402,0.386,26.9
2025-01-08,Tanjung Selor,Kalimantan Utara,2.838,117.3735,0.423,0.419,0.392,26.2
2025-01-09,Tanjung Selor,Kalimantan Utara,2.838,117.3735,0.411,0.41,0.397,27.1
2025-01-10,Tanjung Selor,Kalimantan Utara,2.838,117.3735,0.414,0.415,0.402,27.2
2025-01-11,Tanjung Selor,Kalimantan Utara,2.838,117.3735,0.417,0.415,0.406,26.6
2025-01-12,Tanjung Selor,Kalimantan Utara,2.838,117.3735,0.417,0.419,0.413,26.7
2025-01-13,Tanjung Selor,Kalimantan Utara,2.838,117.3735,0.42,0.416,0.41,26.3
2025-01-14,Tanjung Selor,Kalimantan Utara,2.838,117.3735,0.422,0.422,0.409,25.8
2025-01-15,Tanjung Selor,Kalimantan Utara,2.838,117.3735,0.421,0.418,0.409,25.1
2025-01-16,Tanjung Selor,Kalimantan Utara,2.838,117.3735,0.421,0.42,0.41,25.8
2025-01-17,Tanjung Selor,Kalimantan Utara,2.838,117.3735,0.426,0.426,0.418,26.2
2025-01-18,Tanjung Selor,Kalimantan Utara,2.838,117.3735,0.423,0.425,0.421,26.1
2025-01-19,Tanjung Selor,Kalimantan Utara,2.838,117.3735,0.41,0.414,0.418,26.1
2025-01-20,Tanjung Selor,Kalimantan Utara,2.838,117.3735,0.424,0.424,0.419,25.8
2025-01-21,Tanjung Selor,Kalimantan Utara,2.838,117.3735,0.409,0.413,0.418,26.7
2025-01-22,Tanjung Selor,Kalimantan Utara,2.838,117.3735,0.417,0.42,0.418,26.6
2025-01-23,Tanjung Selor,Kalimantan Utara,2.838,117.3735,0.426,0.426,0.423,25.7
2025-01-24,Tanjung Selor,Kalimantan Utara,2.838,117.3735,0.425,0.426,0.425,26.0
2025-01-25,Tanjung Selor,Kalimantan Utara,2.838,117.3735,0.415,0.415,0.419,26.8
2025-01-26,Tanjung Selor,Kalimantan Utara,2.838,117.3735,0.425,0.426,0.42,25.4
2025-01-27,Tanjung Selor,Kalimantan Utara,2.838,117.3735,0.415,0.418,0.416,26.2
2025-01-28,Tanjung Selor,Kalimantan Utara,2.838,117.3735,0.426,0.426,0.42,25.4
2025-01-29,Tanjung Selor,Kalimantan Utara,2.838,117.3735,0.426,0.428,0.428,24.5
2025-01-30,Tanjung Selor,Kalimantan Utara,2.838,117.3735,0.419,0.422,0.427,25.6
2025-01-31,Tanjung Selor,Kalimantan Utara,2.838,117.3735,0.421,0.419,0.424,25.9
2025-02-01,Tanjung Selor,Kalimantan Utara,2.838,117.3735,0.42,0.418,0.418,25.4
2025-02-02,Tanjung Selor,Kalimantan Utara,2.838,117.3735,0.416,0.416,0.419,26.3
2025-02-03,Tanjung Selor,Kalimantan Utara,2.838,117.3735,0.419,0.418,0.415,25.8
2025-02-04,Tanjung Selor,Kalimantan Utara,2.838,117.3735,0.41,0.409,0.411,26.3
2025-02-05,Tanjung Selor,Kalimantan Utara,2.838,117.3735,0.409,0.408,0.404,26.2
2025-02-06,Tanjung Selor,Kalimantan Utara,2.838,117.3735,0.416,0.414,0.403,26.3
2025-02-07,Tanjung Selor,Kalimantan Utara,2.838,117.3735,0.415,0.417,0.41,26.6
2025-02-08,Tanjung Selor,Kalimantan Utara,2.838,117.3735,0.418,0.417,0.415,26.6
2025-02-09,Tanjung Selor,Kalimantan Utara,2.838,117.3735,0.413,0.412,0.41,26.4
2025-02-10,Tanjung Selor,Kalimantan Utara,2.838,117.3735,0.407,0.401,0.403,26.8
2025-02-11,Tanjung Selor,Kalimantan Utara,2.838,117.3735,0.416,0.418,0.406,25.4
2025-02-12,Tanjung Selor,Kalimantan Utara,2.838,117.3735,0.415,0.411,0.401,26.9
2025-02-13,Tanjung Selor,Kalimantan Utara,2.838,117.3735,0.409,0.411,0.397,26.2
2025-02-14,Tanjung Selor,Kalimantan Utara,2.838,117.3735,0.394,0.399,0.398,27.2
2025-02-15,Tanjung Selor,Kalimantan Utara,2.838,117.3735,0.384,0.388,0.398,27.5
2025-02-16,Tanjung Selor,Kalimantan Utara,2.838,117.3735,0.385,0.378,0.392,27.3
2025-02-17,Tanjung Selor,Kalimantan Utara,2.838,117.3735,0.409,0.399,0.389,25.5
2025-02-18,Tanjung Selor,Kalimantan Utara,2.838,117.3735,0.412,0.413,0.395,26.2
2025-02-19,Tanjung Selor,Kalimantan Utara,2.838,117.3735,0.412,0.41,0.399,26.7
2025-02-20,Tanjung Selor,Kalimantan Utara,2.838,117.3735,0.415,0.414,0.405,27.0
2025-02-21,Tanjung Selor,Kalimantan Utara,2.838,117.3735,0.409,0.412,0.408,26.5
2025-02-22,Tanjung Selor,Kalimantan Utara,2.838,117.3735,0.408,0.403,0.406,25.9
2025-02-23,Tanjung Selor,Kalimantan Utara,2.838,117.3735,0.426,0.423,0.409,25.0
2025-02-24,Tanjung Selor,Kalimantan Utara,2.838,117.3735,0.417,0.418,0.414,25.8
2025-02-25,Tanjung Selor,Kalimantan Utara,2.838,117.3735,0.409,0.41,0.414,26.4
2025-02-26,Tanjung Selor,Kalimantan Utara,2.838,117.3735,0.42,0.42,0.413,25.6
2025-02-27,Tanjung Selor,Kalimantan Utara,2.838,117.3735,0.411,0.415,0.415,26.3
2025-02-28,Tanjung Selor,Kalimantan Utara,2.838,117.3735,0.416,0.413,0.413,26.1
2025-03-01,Tanjung Selor,Kalimantan Utara,2.838,117.3735,0.424,0.423,0.418,26.1
2025-03-02,Tanjung Selor,Kalimantan Utara,2.838,117.3735,0.415,0.417,0.418,26.3
2025-03-03,Tanjung Selor,Kalimantan Utara,2.838,117.3735,0.41,0.411,0.41,26.6
2025-03-04,Tanjung Selor,Kalimantan Utara,2.838,117.3735,0.408,0.41,0.404,27.3
2025-03-05,Tanjung Selor,Kalimantan Utara,2.838,117.3735,0.418,0.414,0.4,26.8
2025-03-06,Tanjung Selor,Kalimantan Utara,2.838,117.3735,0.42,0.416,0.399,26.1
2025-03-07,Tanjung Selor,Kalimantan Utara,2.838,117.3735,0.422,0.419,0.399,25.7
2025-03-08,Tanjung Selor,Kalimantan Utara,2.838,117.3735,0.421,0.42,0.405,25.5
2025-03-09,Tanjung Selor,Kalimantan Utara,2.838,117.3735,0.421,0.419,0.407,25.3
2025-03-10,Tanjung Selor,Kalimantan Utara,2.838,117.3735,0.409,0.411,0.409,26.1
2025-03-11,Tanjung Selor,Kalimantan Utara,2.838,117.3735,0.421,0.42,0.41,25.3
2025-03-12,Tanjung Selor,Kalimantan Utara,2.838,117.3735,0.416,0.417,0.412,26.1
2025-03-13,Tanjung Selor,Kalimantan Utara,2.838,117.3735,0.407,0.413,0.415,26.9
2025-03-14,Tanjung Selor,Kalimantan Utara,2.838,117.3735,0.388,0.396,0.409,27.6
2025-03-15,Tanjung Selor,Kalimantan Utara,2.838,117.3735,0.395,0.391,0.396,27.3
2025-03-16,Tanjung Selor,Kalimantan Utara,2.838,117.3735,0.424,0.413,0.391,25.9
2025-03-17,Tanjung Selor,Kalimantan Utara,2.838,117.3735,0.422,0.421,0.394,25.6
2025-03-18,Tanjung Selor,Kalimantan Utara,2.838,117.3735,0.412,0.413,0.4,26.2
2025-03-19,Tanjung Selor,Kalimantan Utara,2.838,117.3735,0.421,0.422,0.406,26.2
2025-03-20,Tanjung Selor,Kalimantan Utara,2.838,117.3735,0.413,0.414,0.408,26.5
2025-03-21,Tanjung Selor,Kalimantan Utara,2.838,117.3735,0.411,0.408,0.406,25.9
2025-03-22,Tanjung Selor,Kalimantan Utara,2.838,117.3735,0.411,0.411,0.402,26.3
2025-03-23,Tanjung Selor,Kalimantan Utara,2.838,117.3735,0.396,0.399,0.396,26.6
2025-03-24,Tanjung Selor,Kalimantan Utara,2.838,117.3735,0.388,0.378,0.389,27.1
2025-03-25,Tanjung Selor,Kalimantan Utara,2.838,117.3735,0.419,0.416,0.394,26.0
2025-03-26,Tanjung Selor,Kalimantan Utara,2.838,117.3735,0.406,0.409,0.402,27.3
2025-03-27,Tanjung Selor,Kalimantan Utara,2.838,117.3735,0.408,0.408,0.399,27.2
2025-03-28,Tanjung Selor,Kalimantan Utara,2.838,117.3735,0.417,0.416,0.394,26.7
2025-03-29,Tanjung Selor,Kalimantan Utara,2.838,117.3735,0.401,0.4,0.39,27.0
2025-03-30,Tanjung Selor,Kalimantan Utara,2.838,117.3735,0.403,0.398,0.385,27.1
2025-03-31,Tanjung Selor,Kalimantan Utara,2.838,117.3735,0.413,0.411,0.388,26.3
2025-04-01,Tanjung Selor,Kalimantan Utara,2.838,117.3735,0.403,0.402,0.389,27.0
2025-04-02,Tanjung Selor,Kalimantan Utara,2.838,117.3735,0.421,0.415,0.388,26.2
2025-04-03,Tanjung Selor,Kalimantan Utara,2.838,117.3735,0.409,0.407,0.391,26.7
2025-04-04,Tanjung Selor,Kalimantan Utara,2.838,117.3735,0.407,0.404,0.39,26.2
2025-04-05,Tanjung Selor,Kalimantan Utara,2.838,117.3735,0.392,0.399,0.39,27.2
2025-04-06,Tanjung Selor,Kalimantan Utara,2.838,117.3735,0.392,0.39,0.388,26.8
2025-04-07,Tanjung Selor,Kalimantan Utara,2.838,117.3735,0.373,0.38,0.386,27.3
2025-04-08,Tanjung Selor,Kalimantan Utara,2.838,117.3735,0.396,0.388,0.388,27.1
2025-04-09,Tanjung Selor,Kalimantan Utara,2.838,117.3735,0.417,0.416,0.391,26.8
2025-04-10,Tanjung Selor,Kalimantan Utara,2.838,117.3735,0.406,0.408,0.39,27.5
2025-04-11,Tanjung Selor,Kalimantan Utara,2.838,117.3735,0.417,0.416,0.392,26.3
2025-04-12,Tanjung Selor,Kalimantan Utara,2.838,117.3735,0.403,0.405,0.393,27.3
2025-04-13,Tanjung Selor,Kalimantan Utara,2.838,117.3735,0.402,0.397,0.392,27.5
2025-04-14,Tanjung Selor,Kalimantan Utara,2.838,117.3735,0.407,0.403,0.39,27.1
2025-04-15,Tanjung Selor,Kalimantan Utara,2.838,117.3735,0.412,0.412,0.392,27.0
2025-04-16,Tanjung Selor,Kalimantan Utara,2.838,117.3735,0.414,0.415,0.397,26.5
2025-04-17,Tanjung Selor,Kalimantan Utara,2.838,117.3735,0.42,0.417,0.398,26.8
2025-04-18,Tanjung Selor,Kalimantan Utara,2.838,117.3735,0.404,0.411,0.402,27.2
2025-04-19,Tanjung Selor,Kalimantan Utara,2.838,117.3735,0.387,0.398,0.403,27.7
2025-04-20,Tanjung Selor,Kalimantan Utara,2.838,117.3735,0.373,0.384,0.406,28.1
2025-04-21,Tanjung Selor,Kalimantan Utara,2.838,117.3735,0.386,0.38,0.406,27.6
2025-04-22,Tanjung Selor,Kalimantan Utara,2.838,117.3735,0.401,0.393,0.401,27.6
2025-04-23,Tanjung Selor,Kalimantan Utara,2.838,117.3735,0.416,0.415,0.402,26.7
2025-04-24,Tanjung Selor,Kalimantan Utara,2.838,117.3735,0.423,0.423,0.408,26.5
2025-04-25,Tanjung Selor,Kalimantan Utara,2.838,117.3735,0.411,0.415,0.411,26.2
2025-04-26,Tanjung Selor,Kalimantan Utara,2.838,117.3735,0.396,0.399,0.408,27.1
2025-04-27,Tanjung Selor,Kalimantan Utara,2.838,117.3735,0.386,0.38,0.404,27.6
2025-04-28,Tanjung Selor,Kalimantan Utara,2.838,117.3735,0.405,0.402,0.402,26.8
2025-04-29,Tanjung Selor,Kalimantan Utara,2.838,117.3735,0.414,0.409,0.401,26.8
2025-04-30,Tanjung Selor,Kalimantan Utara,2.838,117.3735,0.42,0.421,0.405,26.9
2025-05-01,Tanjung Selor,Kalimantan Utara,2.838,117.3735,0.417,0.416,0.411,27.1
2025-05-02,Tanjung Selor,Kalimantan Utara,2.838,117.3735,0.419,0.42,0.413,26.9
2025-05-03,Tanjung Selor,Kalimantan Utara,2.838,117.3735,0.401,0.405,0.411,27.8
2025-05-04,Tanjung Selor,Kalimantan Utara,2.838,117.3735,0.408,0.413,0.412,27.4
2025-05-05,Tanjung Selor,Kalimantan Utara,2.838,117.3735,0.416,0.415,0.413,27.4
2025-05-06,Tanjung Selor,Kalimantan Utara,2.838,117.3735,0.421,0.421,0.414,27.2
2025-05-07,Tanjung Selor,Kalimantan Utara,2.838,117.3735,0.414,0.417,0.418,27.6
2025-05-08,Tanjung Selor,Kalimantan Utara,2.838,117.3735,0.407,0.41,0.416,27.4
2025-05-09,Tanjung Selor,Kalimantan Utara,2.838,117.3735,0.398,0.401,0.413,27.8
2025-05-10,Tanjung Selor,Kalimantan Utara,2.838,117.3735,0.407,0.408,0.409,27.1
2025-05-11,Tanjung Selor,Kalimantan Utara,2.838,117.3735,0.417,0.414,0.408,26.9
2025-05-12,Tanjung Selor,Kalimantan Utara,2.838,117.3735,0.416,0.415,0.411,26.7
2025-05-13,Tanjung Selor,Kalimantan Utara,2.838,117.3735,0.405,0.405,0.405,26.7
2025-05-14,Tanjung Selor,Kalimantan Utara,2.838,117.3735,0.407,0.404,0.404,27.0
2025-05-15,Tanjung Selor,Kalimantan Utara,2.838,117.3735,0.396,0.403,0.403,27.6
2025-05-16,Tanjung Selor,Kalimantan Utara,2.838,117.3735,0.409,0.404,0.402,27.2
2025-05-17,Tanjung Selor,Kalimantan Utara,2.838,117.3735,0.413,0.415,0.405,27.3
2025-05-18,Tanjung Selor,Kalimantan Utara,2.838,117.3735,0.412,0.416,0.409,27.0
2025-05-19,Tanjung Selor,Kalimantan Utara,2.838,117.3735,0.419,0.418,0.412,27.0
2025-05-20,Tanjung Selor,Kalimantan Utara,2.838,117.3735,0.419,0.421,0.416,27.0
2025-05-21,Tanjung Selor,Kalimantan Utara,2.838,117.3735,0.424,0.425,0.421,25.7
2025-05-22,Tanjung Selor,Kalimantan Utara,2.838,117.3735,0.416,0.419,0.419,27.0
2025-05-23,Tanjung Selor,Kalimantan Utara,2.838,117.3735,0.42,0.421,0.42,27.2
2025-05-24,Tanjung Selor,Kalimantan Utara,2.838,117.3735,0.423,0.425,0.422,26.5
2025-05-25,Tanjung Selor,Kalimantan Utara,2.838,117.3735,0.411,0.416,0.423,27.4
2025-05-26,Tanjung Selor,Kalimantan Utara,2.838,117.3735,0.392,0.403,0.419,28.1
2025-05-27,Tanjung Selor,Kalimantan Utara,2.838,117.3735,0.409,0.409,0.416,26.7
2025-05-28,Tanjung Selor,Kalimantan Utara,2.838,117.3735,0.396,0.404,0.414,27.2
2025-05-29,Tanjung Selor,Kalimantan Utara,2.838,117.3735,0.391,0.396,0.413,27.2
2025-05-30,Tanjung Selor,Kalimantan Utara,2.838,117.3735,0.384,0.392,0.411,28.1
2025-05-31,Tanjung Selor,Kalimantan Utara,2.838,117.3735,0.417,0.412,0.409,27.2
2025-06-01,Tanjung Selor,Kalimantan Utara,2.838,117.3735,0.421,0.422,0.414,26.1
2025-06-02,Tanjung Selor,Kalimantan Utara,2.838,117.3735,0.41,0.412,0.413,26.2
2025-06-03,Tanjung Selor,Kalimantan Utara,2.838,117.3735,0.404,0.406,0.412,26.4
2025-06-04,Tanjung Selor,Kalimantan Utara,2.838,117.3735,0.398,0.402,0.411,26.6
2025-06-05,Tanjung Selor,Kalimantan Utara,2.838,117.3735,0.402,0.403,0.41,27.1
2025-06-06,Tanjung Selor,Kalimantan Utara,2.838,117.3735,0.414,0.411,0.408,26.8
2025-06-07,Tanjung Selor,Kalimantan Utara,2.838,117.3735,0.42,0.422,0.411,26.8
2025-06-08,Tanjung Selor,Kalimantan Utara,2.838,117.3735,0.405,0.408,0.41,27.7
2025-06-09,Tanjung Selor,Kalimantan Utara,2.838,117.3735,0.415,0.418,0.413,26.6
2025-06-10,Tanjung Selor,Kalimantan Utara,2.838,117.3735,0.405,0.411,0.413,27.7
2025-06-11,Tanjung Selor,Kalimantan Utara,2.838,117.3735,0.401,0.402,0.411,27.5
2025-06-12,Tanjung Selor,Kalimantan Utara,2.838,117.3735,0.409,0.409,0.41,27.3
2025-06-13,Tanjung Selor,Kalimantan Utara,2.838,117.3735,0.401,0.408,0.408,27.4
2025-06-14,Tanjung Selor,Kalimantan Utara,2.838,117.3735,0.39,0.394,0.406,27.3
2025-06-15,Tanjung Selor,Kalimantan Utara,2.838,117.3735,0.388,0.387,0.403,27.3
2025-06-16,Tanjung Selor,Kalimantan Utara,2.838,117.3735,0.381,0.383,0.401,27.4
2025-06-17,Tanjung Selor,Kalimantan Utara,2.838,117.3735,0.379,0.383,0.399,27.7
2025-06-18,Tanjung Selor,Kalimantan Utara,2.838,117.3735,0.403,0.39,0.397,26.6
2025-06-19,Tanjung Selor,Kalimantan Utara,2.838,117.3735,0.412,0.406,0.396,26.3
2025-06-20,Tanjung Selor,Kalimantan Utara,2.838,117.3735,0.415,0.416,0.401,26.0
2025-06-21,Tanjung Selor,Kalimantan Utara,2.838,117.3735,0.407,0.411,0.404,25.8
2025-06-22,Tanjung Selor,Kalimantan Utara,2.838,117.3735,0.422,0.421,0.407,25.2
2025-06-23,Tanjung Selor,Kalimantan Utara,2.838,117.3735,0.401,0.406,0.406,26.5
2025-06-24,Tanjung Selor,Kalimantan Utara,2.838,117.3735,0.4,0.405,0.406,27.3
2025-06-25,Tanjung Selor,Kalimantan Utara,2.838,117.3735,0.393,0.399,0.404,27.3
2025-06-26,Tanjung Selor,Kalimantan Utara,2.838,117.3735,0.391,0.389,0.401,27.1
2025-06-27,Tanjung Selor,Kalimantan Utara,2.838,117.3735,0.408,0.408,0.4,27.2
2025-06-28,Tanjung Selor,Kalimantan Utara,2.838,117.3735,0.391,0.399,0.398,27.8
2025-06-29,Tanjung Selor,Kalimantan Utara,2.838,117.3735,0.415,0.415,0.4,27.2
2025-06-30,Tanjung Selor,Kalimantan Utara,2.838,117.3735,0.416,0.417,0.404,25.9
2025-07-01,Tanjung Selor,Kalimantan Utara,2.838,117.3735,0.398,0.403,0.403,27.0
2025-07-02,Tanjung Selor,Kalimantan Utara,2.838,117.3735,0.398,0.397,0.401,27.3
2025-07-03,Tanjung Selor,Kalimantan Utara,2.838,117.3735,0.404,0.409,0.402,27.5
2025-07-04,Tanjung Selor,Kalimantan Utara,2.838,117.3735,0.413,0.415,0.405,27.0
2025-07-05,Tanjung Selor,Kalimantan Utara,2.838,117.3735,0.412,0.413,0.406,27.1
2025-07-06,Tanjung Selor,Kalimantan Utara,2.838,117.3735,0.411,0.412,0.408,27.0
2025-07-07,Tanjung Selor,Kalimantan Utara,2.838,117.3735,0.421,0.418,0.408,25.3
2025-07-08,Tanjung Selor,Kalimantan Utara,2.838,117.3735,0.408,0.413,0.409,26.9
2025-07-09,Tanjung Selor,Kalimantan Utara,2.838,117.3735,0.408,0.411,0.409,27.2
2025-07-10,Tanjung Selor,Kalimantan Utara,2.838,117.3735,0.413,0.417,0.411,26.4
2025-07-11,Tanjung Selor,Kalimantan Utara,2.838,117.3735,0.398,0.405,0.41,27.3
2025-07-12,Tanjung Selor,Kalimantan Utara,2.838,117.3735,0.41,0.409,0.408,26.6
2025-07-13,Tanjung Selor,Kalimantan Utara,2.838,117.3735,0.404,0.406,0.408,27.5
2025-07-14,Tanjung Selor,Kalimantan Utara,2.838,117.3735,0.402,0.404,0.406,27.4
2025-07-15,Tanjung Selor,Kalimantan Utara,2.838,117.3735,0.416,0.415,0.406,26.9
2025-07-16,Tanjung Selor,Kalimantan Utara,2.838,117.3735,0.411,0.414,0.408,26.6
2025-07-17,Tanjung Selor,Kalimantan Utara,2.838,117.3735,0.423,0.424,0.415,25.5
2025-07-18,Tanjung Selor,Kalimantan Utara,2.838,117.3735,0.404,0.41,0.414,26.0
2025-07-19,Tanjung Selor,Kalimantan Utara,2.838,117.3735,0.389,0.398,0.411,27.3
2025-07-20,Tanjung Selor,Kalimantan Utara,2.838,117.3735,0.375,0.387,0.408,27.9
2025-07-21,Tanjung Selor,Kalimantan Utara,2.838,117.3735,0.363,0.377,0.405,28.1
2025-07-22,Tanjung Selor,Kalimantan Utara,2.838,117.3735,0.374,0.374,0.402,28.0
2025-07-23,Tanjung Selor,Kalimantan Utara,2.838,117.3735,0.349,0.364,0.399,28.7
2025-07-24,Tanjung Selor,Kalimantan Utara,2.838,117.3735,0.347,0.359,0.396,28.7
2025-07-25,Tanjung Selor,Kalimantan Utara,2.838,117.3735,0.352,0.359,0.391,28.5
2025-07-26,Tanjung Selor,Kalimantan Utara,2.838,117.3735,0.352,0.358,0.388,29.0
2025-07-27,Tanjung Selor,Kalimantan Utara,2.838,117.3735,0.396,0.386,0.39,28.0
2025-07-28,Tanjung Selor,Kalimantan Utara,2.838,117.3735,0.385,0.384,0.39,28.2
2025-07-29,Tanjung Selor,Kalimantan Utara,2.838,117.3735,0.36,0.374,0.389,28.4
2025-07-30,Tanjung Selor,Kalimantan Utara,2.838,117.3735,0.352,0.366,0.39,28.5
2025-07-31,Tanjung Selor,Kalimantan Utara,2.838,117.3735,0.343,0.356,0.387,28.4
2025-08-01,Tanjung Selor,Kalimantan Utara,2.838,117.3735,0.331,0.348,0.383,28.5
2025-08-02,Tanjung Selor,Kalimantan Utara,2.838,117.3735,0.322,0.34,0.381,28.4
2025-08-03,Tanjung Selor,Kalimantan Utara,2.838,117.3735,0.345,0.331,0.376,27.1
2025-08-04,Tanjung Selor,Kalimantan Utara,2.838,117.3735,0.398,0.37,0.369,26.9
2025-08-05,Tanjung Selor,Kalimantan Utara,2.838,117.3735,0.399,0.38,0.364,27.1
2025-08-06,Tanjung Selor,Kalimantan Utara,2.838,117.3735,0.409,0.395,0.36,25.3
2025-08-07,Tanjung Selor,Kalimantan Utara,2.838,117.3735,0.39,0.386,0.361,26.3
2025-08-08,Tanjung Selor,Kalimantan Utara,2.838,117.3735,0.375,0.38,0.36,27.0
2025-08-09,Tanjung Selor,Kalimantan Utara,2.838,117.3735,0.395,0.387,0.36,27.0
2025-08-10,Tanjung Selor,Kalimantan Utara,2.838,117.3735,0.413,0.409,0.363,26.2
2025-08-11,Tanjung Selor,Kalimantan Utara,2.838,117.3735,0.416,0.412,0.369,26.7
2025-08-12,Tanjung Selor,Kalimantan Utara,2.838,117.3735,0.419,0.418,0.379,26.0
2025-08-13,Tanjung Selor,Kalimantan Utara,2.838,117.3735,0.402,0.406,0.385,26.0
2025-08-14,Tanjung Selor,Kalimantan Utara,2.838,117.3735,0.398,0.398,0.387,26.7
2025-08-15,Tanjung Selor,Kalimantan Utara,2.838,117.3735,0.382,0.388,0.386,27.5
2025-08-16,Tanjung Selor,Kalimantan Utara,2.838,117.3735,0.405,0.391,0.385,26.8
2025-08-17,Tanjung Selor,Kalimantan Utara,2.838,117.3735,0.41,0.403,0.385,26.1
2025-08-18,Tanjung Selor,Kalimantan Utara,2.838,117.3735,0.412,0.411,0.387,26.3
2025-08-19,Tanjung Selor,Kalimantan Utara,2.838,117.3735,0.411,0.409,0.39,26.3
2025-08-20,Tanjung Selor,Kalimantan Utara,2.838,117.3735,0.413,0.413,0.392,26.0
2025-08-21,Tanjung Selor,Kalimantan Utara,2.838,117.3735,0.417,0.414,0.395,25.6
2025-08-22,Tanjung Selor,Kalimantan Utara,2.838,117.3735,0.409,0.41,0.399,25.5
2025-08-23,Tanjung Selor,Kalimantan Utara,2.838,117.3735,0.395,0.402,0.4,26.7
2025-08-24,Tanjung Selor,Kalimantan Utara,2.838,117.3735,0.389,0.391,0.398,26.7
2025-08-25,Tanjung Selor,Kalimantan Utara,2.838,117.3735,0.393,0.394,0.396,26.5
2025-08-26,Tanjung Selor,Kalimantan Utara,2.838,117.3735,0.402,0.408,0.398,26.4
2025-08-27,Tanjung Selor,Kalimantan Utara,2.838,117.3735,0.401,0.403,0.4,26.6
2025-08-28,Tanjung Selor,Kalimantan Utara,2.838,117.3735,0.406,0.41,0.401,27.0
2025-08-29,Tanjung Selor,Kalimantan Utara,2.838,117.3735,0.413,0.416,0.402,27.1
2025-08-30,Tanjung Selor,Kalimantan Utara,2.838,117.3735,0.415,0.417,0.408,26.8
2025-08-31,Tanjung Selor,Kalimantan Utara,2.838,117.3735,0.42,0.422,0.412,25.5
2025-09-01,Tanjung Selor,Kalimantan Utara,2.838,117.3735,0.412,0.412,0.412,26.8
2025-09-02,Tanjung Selor,Kalimantan Utara,2.838,117.3735,0.41,0.412,0.411,26.8
2025-09-03,Tanjung Selor,Kalimantan Utara,2.838,117.3735,0.399,0.403,0.409,27.5
2025-09-04,Tanjung Selor,Kalimantan Utara,2.838,117.3735,0.397,0.401,0.408,27.4
2025-09-05,Tanjung Selor,Kalimantan Utara,2.838,117.3735,0.406,0.408,0.407,26.8
2025-09-06,Tanjung Selor,Kalimantan Utara,2.838,117.3735,0.406,0.405,0.407,26.3
2025-09-07,Tanjung Selor,Kalimantan Utara,2.838,117.3735,0.408,0.407,0.407,26.5
2025-09-08,Tanjung Selor,Kalimantan Utara,2.838,117.3735,0.417,0.416,0.407,26.5
2025-09-09,Tanjung Selor,Kalimantan Utara,2.838,117.3735,0.407,0.41,0.408,26.8
2025-09-10,Tanjung Selor,Kalimantan Utara,2.838,117.3735,0.396,0.402,0.406,26.7
2025-09-11,Tanjung Selor,Kalimantan Utara,2.838,117.3735,0.409,0.412,0.407,27.3
2025-09-12,Tanjung Selor,Kalimantan Utara,2.838,117.3735,0.415,0.417,0.411,27.4
2025-09-13,Tanjung Selor,Kalimantan Utara,2.838,117.3735,0.423,0.425,0.419,26.3
2025-09-14,Tanjung Selor,Kalimantan Utara,2.838,117.3735,0.417,0.419,0.422,26.2
2025-09-15,Tanjung Selor,Kalimantan Utara,2.838,117.3735,0.414,0.419,0.423,26.4
2025-09-16,Tanjung Selor,Kalimantan Utara,2.838,117.3735,0.411,0.414,0.42,26.7
2025-09-17,Tanjung Selor,Kalimantan Utara,2.838,117.3735,0.413,0.416,0.421,26.4
2025-09-18,Tanjung Selor,Kalimantan Utara,2.838,117.3735,0.411,0.409,0.419,26.6
2025-09-19,Tanjung Selor,Kalimantan Utara,2.838,117.3735,0.416,0.42,0.418,27.0
2025-09-20,Tanjung Selor,Kalimantan Utara,2.838,117.3735,0.405,0.408,0.416,27.8
2025-09-21,Tanjung Selor,Kalimantan Utara,2.838,117.3735,0.409,0.413,0.416,27.1
2025-09-22,Tanjung Selor,Kalimantan Utara,2.838,117.3735,0.388,0.4,0.417,28.1
2025-09-23,Tanjung Selor,Kalimantan Utara,2.838,117.3735,0.377,0.389,0.413,28.2
2025-09-24,Tanjung Selor,Kalimantan Utara,2.838,117.3735,0.373,0.383,0.411,28.2
2025-09-25,Tanjung Selor,Kalimantan Utara,2.838,117.3735,0.4,0.397,0.41,27.6
2025-09-26,Tanjung Selor,Kalimantan Utara,2.838,117.3735,0.398,0.402,0.408,27.8
2025-09-27,Tanjung Selor,Kalimantan Utara,2.838,117.3735,0.395,0.397,0.408,27.8
2025-09-28,Tanjung Selor,Kalimantan Utara,2.838,117.3735,0.409,0.406,0.406,26.6
2025-09-29,Tanjung Selor,Kalimantan Utara,2.838,117.3735,0.411,0.413,0.406,26.6
2025-09-30,Tanjung Selor,Kalimantan Utara,2.838,117.3735,0.405,0.407,0.406,26.4
2025-10-01,Tanjung Selor,Kalimantan Utara,2.838,117.3735,0.38,0.396,0.404,27.2
2025-10-02,Tanjung Selor,Kalimantan Utara,2.838,117.3735,0.389,0.399,0.402,27.7
2025-10-03,Tanjung Selor,Kalimantan Utara,2.838,117.3735,0.41,0.413,0.402,27.0
2025-10-04,Tanjung Selor,Kalimantan Utara,2.838,117.3735,0.422,0.423,0.408,25.5
2025-10-05,Tanjung Selor,Kalimantan Utara,2.838,117.3735,0.415,0.418,0.412,26.0
2025-10-06,Tanjung Selor,Kalimantan Utara,2.838,117.3735,0.418,0.423,0.419,25.2
2025-10-07,Tanjung Selor,Kalimantan Utara,2.838,117.3735,0.402,0.411,0.418,26.0
2025-10-08,Tanjung Selor,Kalimantan Utara,2.838,117.3735,0.404,0.408,0.416,26.8
2025-10-09,Tanjung Selor,Kalimantan Utara,2.838,117.3735,0.412,0.412,0.414,26.2
2025-10-10,Tanjung Selor,Kalimantan Utara,2.838,117.3735,0.417,0.415,0.413,26.3
2025-10-11,Tanjung Selor,Kalimantan Utara,2.838,117.3735,0.416,0.419,0.416,26.6
2025-10-12,Tanjung Selor,Kalimantan Utara,2.838,117.3735,0.41,0.417,0.417,27.1
2025-10-13,Tanjung Selor,Kalimantan Utara,2.838,117.3735,0.405,0.406,0.415,26.9
2025-10-14,Tanjung Selor,Kalimantan Utara,2.838,117.3735,0.39,0.4,0.413,27.5
2025-10-15,Tanjung Selor,Kalimantan Utara,2.838,117.3735,0.383,0.394,0.411,27.9
2025-10-16,Tanjung Selor,Kalimantan Utara,2.838,117.3735,0.384,0.386,0.407,27.4
2025-10-17,Tanjung Selor,Kalimantan Utara,2.838,117.3735,0.364,0.374,0.403,28.3
2025-10-18,Tanjung Selor,Kalimantan Utara,2.838,117.3735,0.361,0.366,0.4,28.6
2025-10-19,Tanjung Selor,Kalimantan Utara,2.838,117.3735,0.414,0.412,0.399,27.1
2025-10-20,Tanjung Selor,Kalimantan Utara,2.838,117.3735,0.4,0.406,0.398,27.7
2025-10-21,Tanjung Selor,Kalimantan Utara,2.838,117.3735,0.389,0.399,0.398,28.0
2025-10-22,Tanjung Selor,Kalimantan Utara,2.838,117.3735,0.4,0.397,0.397,27.6
2025-10-23,Tanjung Selor,Kalimantan Utara,2.838,117.3735,0.387,0.396,0.397,27.6
2025-10-24,Tanjung Selor,Kalimantan Utara,2.838,117.3735,0.428,0.425,0.404,25.7
2025-10-25,Tanjung Selor,Kalimantan Utara,2.838,117.3735,0.421,0.422,0.411,27.0
2025-10-26,Tanjung Selor,Kalimantan Utara,2.838,117.3735,0.42,0.423,0.421,26.5
2025-10-27,Tanjung Selor,Kalimantan Utara,2.838,117.3735,0.414,0.417,0.42,26.5
2025-10-28,Tanjung Selor,Kalimantan Utara,2.838,117.3735,0.393,0.402,0.416,28.0
2025-10-29,Tanjung Selor,Kalimantan Utara,2.838,117.3735,0.421,0.419,0.415,26.4
2025-10-30,Tanjung Selor,Kalimantan Utara,2.838,117.3735,0.416,0.419,0.416,26.6
2025-10-31,Tanjung Selor,Kalimantan Utara,2.838,117.3735,0.413,0.419,0.416,26.1
2025-11-01,Tanjung Selor,Kalimantan Utara,2.838,117.3735,0.391,0.403,0.414,27.7
2025-11-02,Tanjung Selor,Kalimantan Utara,2.838,117.3735,0.392,0.4,0.411,28.0
2025-11-03,Tanjung Selor,Kalimantan Utara,2.838,117.3735,0.409,0.411,0.41,27.4
2025-11-04,Tanjung Selor,Kalimantan Utara,2.838,117.3735,0.408,0.407,0.408,27.1
2025-11-05,Tanjung Selor,Kalimantan Utara,2.838,117.3735,0.387,0.396,0.406,27.6
2025-11-06,Tanjung Selor,Kalimantan Utara,2.838,117.3735,0.396,0.395,0.404,27.5
2025-11-07,Tanjung Selor,Kalimantan Utara,2.838,117.3735,0.412,0.412,0.403,26.3
2025-11-08,Tanjung Selor,Kalimantan Utara,2.838,117.3735,0.392,0.398,0.401,27.7
2025-11-09,Tanjung Selor,Kalimantan Utara,2.838,117.3735,0.381,0.387,0.398,27.8
2025-11-10,Tanjung Selor,Kalimantan Utara,2.838,117.3735,0.39,0.386,0.396,27.5
2025-11-11,Tanjung Selor,Kalimantan Utara,2.838,117.3735,0.408,0.407,0.396,27.4
2025-11-12,Tanjung Selor,Kalimantan Utara,2.838,117.3735,0.413,0.419,0.405,26.9
2025-11-13,Tanjung Selor,Kalimantan Utara,2.838,117.3735,0.419,0.417,0.407,26.8
2025-11-14,Tanjung Selor,Kalimantan Utara,2.838,117.3735,0.407,0.415,0.409,26.7
2025-11-15,Tanjung Selor,Kalimantan Utara,2.838,117.3735,0.392,0.402,0.407,28.0
2025-11-16,Tanjung Selor,Kalimantan Utara,2.838,117.3735,0.416,0.419,0.409,27.0
2025-11-17,Tanjung Selor,Kalimantan Utara,2.838,117.3735,0.403,0.411,0.411,27.4
2025-11-18,Tanjung Selor,Kalimantan Utara,2.838,117.3735,0.42,0.422,0.416,27.1
2025-11-19,Tanjung Selor,Kalimantan Utara,2.838,117.3735,0.408,0.415,0.417,26.9
2025-11-20,Tanjung Selor,Kalimantan Utara,2.838,117.3735,0.425,0.424,0.417,26.2
2025-11-21,Tanjung Selor,Kalimantan Utara,2.838,117.3735,0.42,0.424,0.425,26.2
2025-11-22,Tanjung Selor,Kalimantan Utara,2.838,117.3735,0.411,0.413,0.423,26.8
2025-11-23,Tanjung Selor,Kalimantan Utara,2.838,117.3735,0.391,0.401,0.419,27.0
2025-11-24,Tanjung Selor,Kalimantan Utara,2.838,117.3735,0.405,0.408,0.415,27.3
2025-11-25,Tanjung Selor,Kalimantan Utara,2.838,117.3735,0.408,0.412,0.414,27.4
2025-11-26,Tanjung Selor,Kalimantan Utara,2.838,117.3735,0.398,0.41,0.414,28.1
2025-11-27,Tanjung Selor,Kalimantan Utara,2.838,117.3735,0.402,0.408,0.413,27.6
2025-11-28,Tanjung Selor,Kalimantan Utara,2.838,117.3735,0.398,0.4,0.409,27.8
2025-11-29,Tanjung Selor,Kalimantan Utara,2.838,117.3735,0.423,0.422,0.411,25.9
2025-11-30,Tanjung Selor,Kalimantan Utara,2.838,117.3735,0.408,0.417,0.417,26.4
2025-12-01,Tanjung Selor,Kalimantan Utara,2.838,117.3735,0.416,0.421,0.418,27.0
2025-12-02,Tanjung Selor,Kalimantan Utara,2.838,117.3735,0.41,0.417,0.419,26.8
2025-12-03,Tanjung Selor,Kalimantan Utara,2.838,117.3735,0.401,0.406,0.416,27.2
2025-12-04,Tanjung Selor,Kalimantan Utara,2.838,117.3735,0.417,0.422,0.42,26.4
2025-12-05,Tanjung Selor,Kalimantan Utara,2.838,117.3735,0.422,0.423,0.422,26.6
2025-12-06,Tanjung Selor,Kalimantan Utara,2.838,117.3735,0.415,0.422,0.424,26.4
2025-12-07,Tanjung Selor,Kalimantan Utara,2.838,117.3735,0.412,0.416,0.422,26.5
2025-12-08,Tanjung Selor,Kalimantan Utara,2.838,117.3735,0.396,0.401,0.418,27.2
2025-12-09,Tanjung Selor,Kalimantan Utara,2.838,117.3735,0.411,0.416,0.417,27.0
2025-12-10,Tanjung Selor,Kalimantan Utara,2.838,117.3735,0.406,0.413,0.417,26.8
2025-12-11,Tanjung Selor,Kalimantan Utara,2.838,117.3735,0.396,0.403,0.414,27.3
2025-12-12,Tanjung Selor,Kalimantan Utara,2.838,117.3735,0.417,0.417,0.416,26.2
2025-12-13,Tanjung Selor,Kalimantan Utara,2.838,117.3735,0.413,0.414,0.416,26.9
2025-12-14,Tanjung Selor,Kalimantan Utara,2.838,117.3735,0.395,0.405,0.414,27.1
2025-12-15,Tanjung Selor,Kalimantan Utara,2.838,117.3735,0.404,0.402,0.411,26.9
2025-12-16,Tanjung Selor,Kalimantan Utara,2.838,117.3735,0.402,0.403,0.409,26.5
2025-12-17,Tanjung Selor,Kalimantan Utara,2.838,117.3735,0.41,0.411,0.408,26.7
2025-12-18,Tanjung Selor,Kalimantan Utara,2.838,117.3735,0.414,0.42,0.415,26.2
2025-12-19,Tanjung Selor,Kalimantan Utara,2.838,117.3735,0.41,0.413,0.416,26.4
2025-12-20,Tanjung Selor,Kalimantan Utara,2.838,117.3735,0.409,0.416,0.416,26.1
2025-12-21,Tanjung Selor,Kalimantan Utara,2.838,117.3735,0.419,0.421,0.417,26.2
2025-12-22,Tanjung Selor,Kalimantan Utara,2.838,117.3735,0.417,0.421,0.422,26.4
2025-12-23,Tanjung Selor,Kalimantan Utara,2.838,117.3735,0.421,0.424,0.425,26.3
2025-12-24,Tanjung Selor,Kalimantan Utara,2.838,117.3735,0.411,0.416,0.424,27.0
2025-12-25,Tanjung Selor,Kalimantan Utara,2.838,117.3735,0.407,0.414,0.422,27.1
2025-12-26,Tanjung Selor,Kalimantan Utara,2.838,117.3735,0.393,0.403,0.419,27.2
2025-12-27,Tanjung Selor,Kalimantan Utara,2.838,117.3735,0.394,0.403,0.416,27.2
2025-12-28,Tanjung Selor,Kalimantan Utara,2.838,117.3735,0.4,0.406,0.413,27.0
2025-12-29,Tanjung Selor,Kalimantan Utara,2.838,117.3735,0.411,0.418,0.414,27.0
2025-12-30,Tanjung Selor,Kalimantan Utara,2.838,117.3735,0.415,0.421,0.42,26.5
2025-12-31,Tanjung Selor,Kalimantan Utara,2.838,117.3735,0.406,0.411,0.419,27.1
2026-01-01,Tanjung Selor,Kalimantan Utara,2.838,117.3735,0.424,0.426,0.423,26.2
2026-01-02,Tanjung Selor,Kalimantan Utara,2.838,117.3735,0.414,0.42,0.424,27.0
2026-01-03,Tanjung Selor,Kalimantan Utara,2.838,117.3735,0.423,0.426,0.426,26.1
2026-01-04,Tanjung Selor,Kalimantan Utara,2.838,117.3735,0.419,0.42,0.424,26.3
2026-01-05,Tanjung Selor,Kalimantan Utara,2.838,117.3735,0.424,0.425,0.425,26.4
2026-01-06,Tanjung Selor,Kalimantan Utara,2.838,117.3735,0.424,0.427,0.429,25.3
2026-01-07,Tanjung Selor,Kalimantan Utara,2.838,117.3735,0.421,0.421,0.426,25.4
2026-01-08,Tanjung Selor,Kalimantan Utara,2.838,117.3735,0.413,0.418,0.424,26.5
2026-01-09,Tanjung Selor,Kalimantan Utara,2.838,117.3735,0.424,0.425,0.421,26.5
2026-01-10,Tanjung Selor,Kalimantan Utara,2.838,117.3735,0.405,0.415,0.421,27.2
2026-01-11,Tanjung Selor,Kalimantan Utara,2.838,117.3735,0.403,0.406,0.419,26.5
2026-01-12,Tanjung Selor,Kalimantan Utara,2.838,117.3735,0.39,0.397,0.414,27.1
2026-01-13,Tanjung Selor,Kalimantan Utara,2.838,117.3735,0.402,0.405,0.408,27.2
2026-01-14,Tanjung Selor,Kalimantan Utara,2.838,117.3735,0.377,0.393,0.404,27.7
2026-01-15,Tanjung Selor,Kalimantan Utara,2.838,117.3735,0.368,0.381,0.4,27.6
2026-01-16,Tanjung Selor,Kalimantan Utara,2.838,117.3735,0.38,0.375,0.397,27.5
2026-01-17,Tanjung Selor,Kalimantan Utara,2.838,117.3735,0.384,0.381,0.395,27.5
2026-01-18,Tanjung Selor,Kalimantan Utara,2.838,117.3735,0.38,0.379,0.394,27.8
2026-01-19,Tanjung Selor,Kalimantan Utara,2.838,117.3735,0.409,0.406,0.392,27.1
2026-01-20,Tanjung Selor,Kalimantan Utara,2.838,117.3735,0.402,0.406,0.392,27.3
2026-01-21,Tanjung Selor,Kalimantan Utara,2.838,117.3735,0.384,0.392,0.391,27.7
2026-01-22,Tanjung Selor,Kalimantan Utara,2.838,117.3735,0.38,0.384,0.389,27.3
2026-01-23,Tanjung Selor,Kalimantan Utara,2.838,117.3735,0.374,0.379,0.388,27.1
2026-01-24,Tanjung Selor,Kalimantan Utara,2.838,117.3735,0.361,0.371,0.386,27.2
2026-01-25,Tanjung Selor,Kalimantan Utara,2.838,117.3735,0.353,0.361,0.384,27.3
2026-01-26,Tanjung Selor,Kalimantan Utara,2.838,117.3735,0.355,0.357,0.381,26.9
2026-01-27,Tanjung Selor,Kalimantan Utara,2.838,117.3735,0.347,0.351,0.378,27.5
2026-01-28,Tanjung Selor,Kalimantan Utara,2.838,117.3735,0.349,0.345,0.374,27.7
2026-01-29,Tanjung Selor,Kalimantan Utara,2.838,117.3735,0.394,0.372,0.373,26.3
2026-01-30,Tanjung Selor,Kalimantan Utara,2.838,117.3735,0.409,0.405,0.372,25.7
2026-01-31,Tanjung Selor,Kalimantan Utara,2.838,117.3735,0.406,0.404,0.374,25.6
2026-02-01,Tanjung Selor,Kalimantan Utara,2.838,117.3735,0.388,0.392,0.375,27.0
2026-02-02,Tanjung Selor,Kalimantan Utara,2.838,117.3735,0.409,0.407,0.375,26.8
2026-02-03,Tanjung Selor,Kalimantan Utara,2.838,117.3735,0.411,0.412,0.379,26.7
2026-02-04,Tanjung Selor,Kalimantan Utara,2.838,117.3735,0.41,0.406,0.382,26.6
2026-02-05,Tanjung Selor,Kalimantan Utara,2.838,117.3735,0.415,0.417,0.388,25.9
2026-02-06,Tanjung Selor,Kalimantan Utara,2.838,117.3735,0.409,0.414,0.391,26.3
2026-02-07,Tanjung Selor,Kalimantan Utara,2.838,117.3735,0.415,0.413,0.394,26.5
2026-02-08,Tanjung Selor,Kalimantan Utara,2.838,117.3735,0.397,0.402,0.395,26.7
2026-02-09,Tanjung Selor,Kalimantan Utara,2.838,117.3735,0.385,0.394,0.394,27.2
2026-02-10,Tanjung Selor,Kalimantan Utara,2.838,117.3735,0.42,0.416,0.396,26.5
2026-02-11,Tanjung Selor,Kalimantan Utara,2.838,117.3735,0.411,0.414,0.4,27.0
2026-02-12,Tanjung Selor,Kalimantan Utara,2.838,117.3735,0.414,0.411,0.402,26.5
2026-02-13,Tanjung Selor,Kalimantan Utara,2.838,117.3735,0.413,0.415,0.403,26.3
2026-02-14,Tanjung Selor,Kalimantan Utara,2.838,117.3735,0.4,0.402,0.403,26.3
2026-02-15,Tanjung Selor,Kalimantan Utara,2.838,117.3735,0.391,0.393,0.401,26.6
2026-02-16,Tanjung Selor,Kalimantan Utara,2.838,117.3735,0.383,0.389,0.399,27.1
2026-02-17,Tanjung Selor,Kalimantan Utara,2.838,117.3735,0.396,0.394,0.398,27.2
2026-02-18,Tanjung Selor,Kalimantan Utara,2.838,117.3735,0.386,0.392,0.396,27.0
2026-02-19,Tanjung Selor,Kalimantan Utara,2.838,117.3735,0.426,0.422,0.399,25.4
2026-02-20,Tanjung Selor,Kalimantan Utara,2.838,117.3735,0.42,0.42,0.408,25.5
2026-02-21,Tanjung Selor,Kalimantan Utara,2.838,117.3735,0.42,0.421,0.414,25.7
2026-02-22,Tanjung Selor,Kalimantan Utara,2.838,117.3735,0.409,0.414,0.415,26.0
2026-02-23,Tanjung Selor,Kalimantan Utara,2.838,117.3735,0.406,0.411,0.413,26.8
2026-02-24,Tanjung Selor,Kalimantan Utara,2.838,117.3735,0.416,0.413,0.411,26.1
2026-02-25,Tanjung Selor,Kalimantan Utara,2.838,117.3735,0.416,0.418,0.411,26.4
2026-02-26,Tanjung Selor,Kalimantan Utara,2.838,117.3735,0.415,0.417,0.413,26.2
2026-02-27,Tanjung Selor,Kalimantan Utara,2.838,117.3735,0.408,0.408,0.412,26.9
2026-02-28,Tanjung Selor,Kalimantan Utara,2.838,117.3735,0.421,0.423,0.415,25.6
2026-03-01,Tanjung Selor,Kalimantan Utara,2.838,117.3735,0.4,0.407,0.414,27.1
2026-03-02,Tanjung Selor,Kalimantan Utara,2.838,117.3735,0.404,0.408,0.413,27.2
2026-03-03,Tanjung Selor,Kalimantan Utara,2.838,117.3735,0.418,0.416,0.412,26.1
2026-03-04,Tanjung Selor,Kalimantan Utara,2.838,117.3735,0.406,0.406,0.41,27.0
2026-03-05,Tanjung Selor,Kalimantan Utara,2.838,117.3735,0.414,0.421,0.417,25.8
2026-03-06,Tanjung Selor,Kalimantan Utara,2.838,117.3735,0.409,0.415,0.417,26.4
2026-03-07,Tanjung Selor,Kalimantan Utara,2.838,117.3735,0.424,0.424,0.419,25.0
2026-03-08,Tanjung Selor,Kalimantan Utara,2.838,117.3735,0.404,0.411,0.417,26.0
2026-03-09,Tanjung Selor,Kalimantan Utara,2.838,117.3735,0.397,0.402,0.415,27.0
2026-03-10,Tanjung Selor,Kalimantan Utara,2.838,117.3735,0.381,0.391,0.411,27.6
2026-03-11,Tanjung Selor,Kalimantan Utara,2.838,117.3735,0.409,0.406,0.409,26.6
2026-03-12,Tanjung Selor,Kalimantan Utara,2.838,117.3735,0.414,0.419,0.412,26.3
2026-03-13,Tanjung Selor,Kalimantan Utara,2.838,117.3735,0.419,0.42,0.413,26.0
2026-03-14,Tanjung Selor,Kalimantan Utara,2.838,117.3735,0.411,0.417,0.416,26.7
2026-03-15,Tanjung Selor,Kalimantan Utara,2.838,117.3735,0.405,0.405,0.414,26.7
2026-03-16,Tanjung Selor,Kalimantan Utara,2.838,117.3735,0.396,0.396,0.411,26.7
2026-03-17,Tanjung Selor,Kalimantan Utara,2.838,117.3735,0.392,0.388,0.408,26.5
2026-03-18,Tanjung Selor,Kalimantan Utara,2.838,117.3735,0.401,0.396,0.405,25.9
2026-03-19,Tanjung Selor,Kalimantan Utara,2.838,117.3735,0.391,0.394,0.403,26.3
2026-03-20,Tanjung Selor,Kalimantan Utara,2.838,117.3735,0.412,0.407,0.402,26.4
2026-03-21,Tanjung Selor,Kalimantan Utara,2.838,117.3735,0.41,0.414,0.405,26.2
2026-03-22,Tanjung Selor,Kalimantan Utara,2.838,117.3735,0.399,0.403,0.405,27.0
2026-03-23,Tanjung Selor,Kalimantan Utara,2.838,117.3735,0.382,0.391,0.403,27.3
2026-03-24,Tanjung Selor,Kalimantan Utara,2.838,117.3735,0.368,0.381,0.4,27.4
2026-03-25,Tanjung Selor,Kalimantan Utara,2.838,117.3735,0.354,0.367,0.396,27.4
2026-03-26,Tanjung Selor,Kalimantan Utara,2.838,117.3735,0.361,0.363,0.393,27.3
2026-03-27,Tanjung Selor,Kalimantan Utara,2.838,117.3735,0.342,0.353,0.389,27.6
2026-03-28,Tanjung Selor,Kalimantan Utara,2.838,117.3735,0.322,0.341,0.385,28.1
2026-03-29,Tanjung Selor,Kalimantan Utara,2.838,117.3735,0.307,0.33,0.378,27.9
2026-03-30,Tanjung Selor,Kalimantan Utara,2.838,117.3735,0.301,0.321,0.367,27.8
2026-03-31,Tanjung Selor,Kalimantan Utara,2.838,117.3735,0.303,0.316,0.364,26.9
2026-04-01,Tanjung Selor,Kalimantan Utara,2.838,117.3735,0.331,0.318,0.365,27.5
2026-04-02,Tanjung Selor,Kalimantan Utara,2.838,117.3735,0.376,0.336,0.363,26.4
2026-04-03,Tanjung Selor,Kalimantan Utara,2.838,117.3735,0.366,0.361,0.362,26.7
2026-04-04,Tanjung Selor,Kalimantan Utara,2.838,117.3735,0.349,0.351,0.36,27.0
2026-04-05,Tanjung Selor,Kalimantan Utara,2.838,117.3735,0.359,0.344,0.356,27.1
2026-04-06,Tanjung Selor,Kalimantan Utara,2.838,117.3735,0.331,0.335,0.353,27.7
2026-04-07,Tanjung Selor,Kalimantan Utara,2.838,117.3735,0.341,0.329,0.351,27.6
2026-04-08,Tanjung Selor,Kalimantan Utara,2.838,117.3735,0.363,0.33,0.347,27.5
2026-04-09,Tanjung Selor,Kalimantan Utara,2.838,117.3735,0.349,0.327,0.343,27.8
2026-04-10,Tanjung Selor,Kalimantan Utara,2.838,117.3735,0.338,0.322,0.338,27.6
2026-04-11,Tanjung Selor,Kalimantan Utara,2.838,117.3735,0.352,0.317,0.334,27.5
2026-04-12,Tanjung Selor,Kalimantan Utara,2.838,117.3735,0.389,0.337,0.332,27.7
2026-04-13,Tanjung Selor,Kalimantan Utara,2.838,117.3735,0.373,0.356,0.331,27.1
2026-04-14,Tanjung Selor,Kalimantan Utara,2.838,117.3735,0.365,0.359,0.332,27.2
2026-04-15,Tanjung Selor,Kalimantan Utara,2.838,117.3735,0.365,0.353,0.33,27.5
2026-04-16,Tanjung Selor,Kalimantan Utara,2.838,117.3735,0.341,0.342,0.328,27.4
2026-04-17,Tanjung Selor,Kalimantan Utara,2.838,117.3735,0.332,0.334,0.325,27.4
2026-04-18,Tanjung Selor,Kalimantan Utara,2.838,117.3735,0.348,0.335,0.327,26.8
2026-04-19,Tanjung Selor,Kalimantan Utara,2.838,117.3735,0.352,0.345,0.33,27.4
2026-04-20,Tanjung Selor,Kalimantan Utara,2.838,117.3735,0.333,0.338,0.33,27.2
2026-04-21,Tanjung Selor,Kalimantan Utara,2.838,117.3735,0.358,0.331,0.327,26.1
2026-04-22,Tanjung Selor,Kalimantan Utara,2.838,117.3735,0.387,0.35,0.325,25.8
2026-04-23,Tanjung Selor,Kalimantan Utara,2.838,117.3735,0.389,0.375,0.325,26.6
2026-04-24,Tanjung Selor,Kalimantan Utara,2.838,117.3735,0.368,0.368,0.327,27.5
2026-04-25,Tanjung Selor,Kalimantan Utara,2.838,117.3735,0.356,0.358,0.328,27.6
2026-04-26,Tanjung Selor,Kalimantan Utara,2.838,117.3735,0.342,0.35,0.329,27.9
2026-04-27,Tanjung Selor,Kalimantan Utara,2.838,117.3735,0.335,0.34,0.33,28.1
2026-04-28,Tanjung Selor,Kalimantan Utara,2.838,117.3735,0.305,0.325,0.33,28.1
2026-04-29,Tanjung Selor,Kalimantan Utara,2.838,117.3735,0.296,0.315,0.328,28.1
2026-04-30,Tanjung Selor,Kalimantan Utara,2.838,117.3735,0.314,0.307,0.327,28.2
2026-05-01,Tanjung Selor,Kalimantan Utara,2.838,117.3735,0.307,0.298,0.324,28.1
2026-05-02,Tanjung Selor,Kalimantan Utara,2.838,117.3735,0.302,0.296,0.326,28.4
2026-05-03,Tanjung Selor,Kalimantan Utara,2.838,117.3735,0.273,0.285,0.321,28.8
2026-05-04,Tanjung Selor,Kalimantan Utara,2.838,117.3735,0.267,0.273,0.317,28.7
2026-05-05,Tanjung Selor,Kalimantan Utara,2.838,117.3735,0.295,0.264,0.313,27.7
2026-05-06,Tanjung Selor,Kalimantan Utara,2.838,117.3735,0.292,0.256,0.311,27.3
2026-05-07,Tanjung Selor,Kalimantan Utara,2.838,117.3735,0.294,0.254,0.31,27.5
2026-05-08,Tanjung Selor,Kalimantan Utara,2.838,117.3735,0.283,0.249,0.309,28.1
2026-05-09,Tanjung Selor,Kalimantan Utara,2.838,117.3735,0.25,0.244,0.308,28.4
2026-05-10,Tanjung Selor,Kalimantan Utara,2.838,117.3735,0.24,0.24,0.306,27.9
2026-05-11,Tanjung Selor,Kalimantan Utara,2.838,117.3735,0.23,0.235,0.304,29.2
2026-05-12,Tanjung Selor,Kalimantan Utara,2.838,117.3735,0.259,0.276,0.322,29.0
2026-05-13,Tanjung Selor,Kalimantan Utara,2.838,117.3735,0.38,0.348,0.343,27.9
2026-05-14,Tanjung Selor,Kalimantan Utara,2.838,117.3735,0.365,0.353,0.34,28.7
2026-05-15,Tanjung Selor,Kalimantan Utara,2.838,117.3735,0.402,0.378,0.337,27.1
2026-05-16,Tanjung Selor,Kalimantan Utara,2.838,117.3735,0.398,0.387,0.342,28.1
2026-05-17,Tanjung Selor,Kalimantan Utara,2.838,117.3735,0.422,0.417,0.354,27.0
2026-05-18,Tanjung Selor,Kalimantan Utara,2.838,117.3735,0.401,0.407,0.368,28.2
2026-05-19,Tanjung Selor,Kalimantan Utara,2.838,117.3735,0.398,0.399,0.369,27.9
2026-05-20,Tanjung Selor,Kalimantan Utara,2.838,117.3735,0.402,0.405,0.374,27.9
2026-05-21,Tanjung Selor,Kalimantan Utara,2.838,117.3735,0.386,0.392,0.374,28.3
2026-05-22,Tanjung Selor,Kalimantan Utara,2.838,117.3735,0.379,0.382,0.375,28.8
2026-05-23,Tanjung Selor,Kalimantan Utara,2.838,117.3735,0.369,0.373,0.374,28.9
2026-05-24,Tanjung Selor,Kalimantan Utara,2.838,117.3735,0.403,0.397,0.374,28.0
2026-05-25,Tanjung Selor,Kalimantan Utara,2.838,117.3735,0.412,0.41,0.379,27.1
2026-05-26,Tanjung Selor,Kalimantan Utara,2.838,117.3735,0.423,0.423,0.392,27.3
2026-05-27,Tanjung Selor,Kalimantan Utara,2.838,117.3735,0.416,0.421,0.409,27.2
2026-05-28,Tanjung Selor,Kalimantan Utara,2.838,117.3735,0.402,0.407,0.408,28.2
2026-05-29,Tanjung Selor,Kalimantan Utara,2.838,117.3735,0.422,0.42,0.41,27.4
2026-05-30,Tanjung Selor,Kalimantan Utara,2.838,117.3735,0.416,0.421,0.418,27.4
2026-05-31,Tanjung Selor,Kalimantan Utara,2.838,117.3735,0.407,0.411,0.417,27.7
2024-08-01,Tarakan,Kalimantan Utara,3.3002,117.5765,0.403,0.395,0.373,27.6
2024-08-02,Tarakan,Kalimantan Utara,3.3002,117.5765,0.4,0.396,0.371,27.0
2024-08-03,Tarakan,Kalimantan Utara,3.3002,117.5765,0.419,0.423,0.375,25.8
2024-08-04,Tarakan,Kalimantan Utara,3.3002,117.5765,0.393,0.397,0.373,27.4
2024-08-05,Tarakan,Kalimantan Utara,3.3002,117.5765,0.415,0.422,0.379,26.8
2024-08-06,Tarakan,Kalimantan Utara,3.3002,117.5765,0.392,0.404,0.381,27.6
2024-08-07,Tarakan,Kalimantan Utara,3.3002,117.5765,0.407,0.409,0.382,27.4
2024-08-08,Tarakan,Kalimantan Utara,3.3002,117.5765,0.416,0.422,0.387,26.7
2024-08-09,Tarakan,Kalimantan Utara,3.3002,117.5765,0.417,0.423,0.397,27.0
2024-08-10,Tarakan,Kalimantan Utara,3.3002,117.5765,0.404,0.414,0.401,27.5
2024-08-11,Tarakan,Kalimantan Utara,3.3002,117.5765,0.382,0.395,0.399,28.1
2024-08-12,Tarakan,Kalimantan Utara,3.3002,117.5765,0.379,0.384,0.396,28.0
2024-08-13,Tarakan,Kalimantan Utara,3.3002,117.5765,0.383,0.378,0.394,27.7
2024-08-14,Tarakan,Kalimantan Utara,3.3002,117.5765,0.394,0.385,0.391,26.9
2024-08-15,Tarakan,Kalimantan Utara,3.3002,117.5765,0.377,0.384,0.389,27.6
2024-08-16,Tarakan,Kalimantan Utara,3.3002,117.5765,0.37,0.376,0.387,28.1
2024-08-17,Tarakan,Kalimantan Utara,3.3002,117.5765,0.368,0.369,0.384,28.0
2024-08-18,Tarakan,Kalimantan Utara,3.3002,117.5765,0.386,0.368,0.381,27.4
2024-08-19,Tarakan,Kalimantan Utara,3.3002,117.5765,0.382,0.368,0.378,27.8
2024-08-20,Tarakan,Kalimantan Utara,3.3002,117.5765,0.4,0.376,0.376,27.5
2024-08-21,Tarakan,Kalimantan Utara,3.3002,117.5765,0.407,0.394,0.375,26.6
2024-08-22,Tarakan,Kalimantan Utara,3.3002,117.5765,0.425,0.426,0.39,26.2
2024-08-23,Tarakan,Kalimantan Utara,3.3002,117.5765,0.404,0.419,0.405,26.5
2024-08-24,Tarakan,Kalimantan Utara,3.3002,117.5765,0.396,0.407,0.406,27.3
2024-08-25,Tarakan,Kalimantan Utara,3.3002,117.5765,0.418,0.425,0.413,26.6
2024-08-26,Tarakan,Kalimantan Utara,3.3002,117.5765,0.42,0.423,0.417,27.1
2024-08-27,Tarakan,Kalimantan Utara,3.3002,117.5765,0.421,0.43,0.424,26.0
2024-08-28,Tarakan,Kalimantan Utara,3.3002,117.5765,0.389,0.405,0.416,27.8
2024-08-29,Tarakan,Kalimantan Utara,3.3002,117.5765,0.404,0.412,0.414,27.3
2024-08-30,Tarakan,Kalimantan Utara,3.3002,117.5765,0.414,0.405,0.413,26.3
2024-08-31,Tarakan,Kalimantan Utara,3.3002,117.5765,0.4,0.401,0.411,26.8
2024-09-01,Tarakan,Kalimantan Utara,3.3002,117.5765,0.404,0.413,0.411,26.5
2024-09-02,Tarakan,Kalimantan Utara,3.3002,117.5765,0.38,0.393,0.408,28.3
2024-09-03,Tarakan,Kalimantan Utara,3.3002,117.5765,0.417,0.42,0.409,27.4
2024-09-04,Tarakan,Kalimantan Utara,3.3002,117.5765,0.408,0.418,0.416,27.6
2024-09-05,Tarakan,Kalimantan Utara,3.3002,117.5765,0.403,0.416,0.419,27.6
2024-09-06,Tarakan,Kalimantan Utara,3.3002,117.5765,0.381,0.398,0.417,28.7
2024-09-07,Tarakan,Kalimantan Utara,3.3002,117.5765,0.387,0.386,0.414,28.4
2024-09-08,Tarakan,Kalimantan Utara,3.3002,117.5765,0.371,0.376,0.411,28.3
2024-09-09,Tarakan,Kalimantan Utara,3.3002,117.5765,0.359,0.367,0.407,28.4
2024-09-10,Tarakan,Kalimantan Utara,3.3002,117.5765,0.387,0.363,0.404,27.8
2024-09-11,Tarakan,Kalimantan Utara,3.3002,117.5765,0.41,0.406,0.401,27.3
2024-09-12,Tarakan,Kalimantan Utara,3.3002,117.5765,0.392,0.402,0.4,27.1
2024-09-13,Tarakan,Kalimantan Utara,3.3002,117.5765,0.376,0.394,0.399,28.2
2024-09-14,Tarakan,Kalimantan Utara,3.3002,117.5765,0.36,0.38,0.396,28.8
2024-09-15,Tarakan,Kalimantan Utara,3.3002,117.5765,0.347,0.367,0.392,29.3
2024-09-16,Tarakan,Kalimantan Utara,3.3002,117.5765,0.335,0.355,0.388,29.2
2024-09-17,Tarakan,Kalimantan Utara,3.3002,117.5765,0.327,0.345,0.384,29.2
2024-09-18,Tarakan,Kalimantan Utara,3.3002,117.5765,0.328,0.336,0.38,29.1
2024-09-19,Tarakan,Kalimantan Utara,3.3002,117.5765,0.371,0.338,0.377,28.3
2024-09-20,Tarakan,Kalimantan Utara,3.3002,117.5765,0.406,0.381,0.374,27.5
2024-09-21,Tarakan,Kalimantan Utara,3.3002,117.5765,0.424,0.423,0.379,25.9
2024-09-22,Tarakan,Kalimantan Utara,3.3002,117.5765,0.401,0.409,0.384,27.6
2024-09-23,Tarakan,Kalimantan Utara,3.3002,117.5765,0.382,0.395,0.383,28.2
2024-09-24,Tarakan,Kalimantan Utara,3.3002,117.5765,0.386,0.387,0.382,28.1
2024-09-25,Tarakan,Kalimantan Utara,3.3002,117.5765,0.409,0.406,0.381,26.9
2024-09-26,Tarakan,Kalimantan Utara,3.3002,117.5765,0.382,0.39,0.379,27.2
2024-09-27,Tarakan,Kalimantan Utara,3.3002,117.5765,0.4,0.393,0.378,27.6
2024-09-28,Tarakan,Kalimantan Utara,3.3002,117.5765,0.382,0.388,0.377,27.6
2024-09-29,Tarakan,Kalimantan Utara,3.3002,117.5765,0.367,0.378,0.375,28.3
2024-09-30,Tarakan,Kalimantan Utara,3.3002,117.5765,0.368,0.37,0.372,27.9
2024-10-01,Tarakan,Kalimantan Utara,3.3002,117.5765,0.402,0.394,0.371,27.6
2024-10-02,Tarakan,Kalimantan Utara,3.3002,117.5765,0.415,0.413,0.376,27.6
2024-10-03,Tarakan,Kalimantan Utara,3.3002,117.5765,0.415,0.422,0.387,26.5
2024-10-04,Tarakan,Kalimantan Utara,3.3002,117.5765,0.398,0.407,0.391,27.4
2024-10-05,Tarakan,Kalimantan Utara,3.3002,117.5765,0.403,0.407,0.392,27.5
2024-10-06,Tarakan,Kalimantan Utara,3.3002,117.5765,0.411,0.417,0.397,27.1
2024-10-07,Tarakan,Kalimantan Utara,3.3002,117.5765,0.407,0.412,0.401,27.6
2024-10-08,Tarakan,Kalimantan Utara,3.3002,117.5765,0.398,0.406,0.4,27.6
2024-10-09,Tarakan,Kalimantan Utara,3.3002,117.5765,0.407,0.414,0.404,27.9
2024-10-10,Tarakan,Kalimantan Utara,3.3002,117.5765,0.389,0.406,0.407,28.2
2024-10-11,Tarakan,Kalimantan Utara,3.3002,117.5765,0.41,0.42,0.41,27.8
2024-10-12,Tarakan,Kalimantan Utara,3.3002,117.5765,0.395,0.406,0.41,28.2
2024-10-13,Tarakan,Kalimantan Utara,3.3002,117.5765,0.378,0.391,0.408,28.5
2024-10-14,Tarakan,Kalimantan Utara,3.3002,117.5765,0.399,0.395,0.406,27.6
2024-10-15,Tarakan,Kalimantan Utara,3.3002,117.5765,0.38,0.381,0.404,28.2
2024-10-16,Tarakan,Kalimantan Utara,3.3002,117.5765,0.409,0.395,0.402,27.1
2024-10-17,Tarakan,Kalimantan Utara,3.3002,117.5765,0.414,0.407,0.401,26.8
2024-10-18,Tarakan,Kalimantan Utara,3.3002,117.5765,0.418,0.426,0.412,26.7
2024-10-19,Tarakan,Kalimantan Utara,3.3002,117.5765,0.417,0.427,0.426,26.7
2024-10-20,Tarakan,Kalimantan Utara,3.3002,117.5765,0.393,0.408,0.42,27.1
2024-10-21,Tarakan,Kalimantan Utara,3.3002,117.5765,0.39,0.394,0.417,27.4
2024-10-22,Tarakan,Kalimantan Utara,3.3002,117.5765,0.375,0.384,0.414,28.0
2024-10-23,Tarakan,Kalimantan Utara,3.3002,117.5765,0.36,0.372,0.41,28.9
2024-10-24,Tarakan,Kalimantan Utara,3.3002,117.5765,0.342,0.361,0.406,29.4
2024-10-25,Tarakan,Kalimantan Utara,3.3002,117.5765,0.326,0.35,0.402,29.8
2024-10-26,Tarakan,Kalimantan Utara,3.3002,117.5765,0.33,0.342,0.398,29.6
2024-10-27,Tarakan,Kalimantan Utara,3.3002,117.5765,0.395,0.39,0.396,28.4
2024-10-28,Tarakan,Kalimantan Utara,3.3002,117.5765,0.407,0.41,0.396,28.3
2024-10-29,Tarakan,Kalimantan Utara,3.3002,117.5765,0.413,0.419,0.398,27.4
2024-10-30,Tarakan,Kalimantan Utara,3.3002,117.5765,0.416,0.413,0.4,27.6
2024-10-31,Tarakan,Kalimantan Utara,3.3002,117.5765,0.419,0.421,0.403,27.5
2024-11-01,Tarakan,Kalimantan Utara,3.3002,117.5765,0.403,0.414,0.407,27.7
2024-11-02,Tarakan,Kalimantan Utara,3.3002,117.5765,0.405,0.414,0.408,27.8
2024-11-03,Tarakan,Kalimantan Utara,3.3002,117.5765,0.419,0.422,0.411,26.4
2024-11-04,Tarakan,Kalimantan Utara,3.3002,117.5765,0.416,0.427,0.42,27.1
2024-11-05,Tarakan,Kalimantan Utara,3.3002,117.5765,0.41,0.416,0.421,27.4
2024-11-06,Tarakan,Kalimantan Utara,3.3002,117.5765,0.4,0.412,0.419,26.8
2024-11-07,Tarakan,Kalimantan Utara,3.3002,117.5765,0.386,0.396,0.417,27.6
2024-11-08,Tarakan,Kalimantan Utara,3.3002,117.5765,0.378,0.384,0.414,28.0
2024-11-09,Tarakan,Kalimantan Utara,3.3002,117.5765,0.384,0.378,0.411,27.4
2024-11-10,Tarakan,Kalimantan Utara,3.3002,117.5765,0.394,0.383,0.408,27.8
2024-11-11,Tarakan,Kalimantan Utara,3.3002,117.5765,0.4,0.392,0.405,27.5
2024-11-12,Tarakan,Kalimantan Utara,3.3002,117.5765,0.363,0.373,0.398,28.2
2024-11-13,Tarakan,Kalimantan Utara,3.3002,117.5765,0.344,0.329,0.371,28.4
2024-11-14,Tarakan,Kalimantan Utara,3.3002,117.5765,0.288,0.314,0.37,28.6
2024-11-15,Tarakan,Kalimantan Utara,3.3002,117.5765,0.264,0.304,0.369,28.7
2024-11-16,Tarakan,Kalimantan Utara,3.3002,117.5765,0.247,0.296,0.365,29.0
2024-11-17,Tarakan,Kalimantan Utara,3.3002,117.5765,0.267,0.284,0.363,28.4
2024-11-18,Tarakan,Kalimantan Utara,3.3002,117.5765,0.374,0.291,0.352,27.9
2024-11-19,Tarakan,Kalimantan Utara,3.3002,117.5765,0.424,0.409,0.346,26.6
2024-11-20,Tarakan,Kalimantan Utara,3.3002,117.5765,0.389,0.401,0.353,27.7
2024-11-21,Tarakan,Kalimantan Utara,3.3002,117.5765,0.375,0.381,0.348,28.4
2024-11-22,Tarakan,Kalimantan Utara,3.3002,117.5765,0.371,0.374,0.347,28.4
2024-11-23,Tarakan,Kalimantan Utara,3.3002,117.5765,0.345,0.357,0.346,28.4
2024-11-24,Tarakan,Kalimantan Utara,3.3002,117.5765,0.397,0.373,0.342,26.9
2024-11-25,Tarakan,Kalimantan Utara,3.3002,117.5765,0.419,0.413,0.351,26.8
2024-11-26,Tarakan,Kalimantan Utara,3.3002,117.5765,0.427,0.427,0.372,25.6
2024-11-27,Tarakan,Kalimantan Utara,3.3002,117.5765,0.403,0.411,0.38,26.7
2024-11-28,Tarakan,Kalimantan Utara,3.3002,117.5765,0.389,0.392,0.38,28.0
2024-11-29,Tarakan,Kalimantan Utara,3.3002,117.5765,0.402,0.395,0.38,27.7
2024-11-30,Tarakan,Kalimantan Utara,3.3002,117.5765,0.41,0.408,0.381,27.9
2024-12-01,Tarakan,Kalimantan Utara,3.3002,117.5765,0.418,0.406,0.384,26.4
2024-12-02,Tarakan,Kalimantan Utara,3.3002,117.5765,0.394,0.393,0.385,27.9
2024-12-03,Tarakan,Kalimantan Utara,3.3002,117.5765,0.411,0.412,0.386,27.7
2024-12-04,Tarakan,Kalimantan Utara,3.3002,117.5765,0.424,0.428,0.395,27.4
2024-12-05,Tarakan,Kalimantan Utara,3.3002,117.5765,0.424,0.431,0.421,26.0
2024-12-06,Tarakan,Kalimantan Utara,3.3002,117.5765,0.383,0.399,0.415,27.7
2024-12-07,Tarakan,Kalimantan Utara,3.3002,117.5765,0.402,0.401,0.413,27.4
2024-12-08,Tarakan,Kalimantan Utara,3.3002,117.5765,0.412,0.406,0.417,27.2
2024-12-09,Tarakan,Kalimantan Utara,3.3002,117.5765,0.394,0.397,0.412,28.3
2024-12-10,Tarakan,Kalimantan Utara,3.3002,117.5765,0.416,0.414,0.408,27.8
2024-12-11,Tarakan,Kalimantan Utara,3.3002,117.5765,0.424,0.424,0.408,27.5
2024-12-12,Tarakan,Kalimantan Utara,3.3002,117.5765,0.41,0.421,0.413,27.3
2024-12-13,Tarakan,Kalimantan Utara,3.3002,117.5765,0.424,0.428,0.418,27.0
2024-12-14,Tarakan,Kalimantan Utara,3.3002,117.5765,0.421,0.43,0.43,26.5
2024-12-15,Tarakan,Kalimantan Utara,3.3002,117.5765,0.4,0.411,0.428,27.7
2024-12-16,Tarakan,Kalimantan Utara,3.3002,117.5765,0.381,0.391,0.425,28.2
2024-12-17,Tarakan,Kalimantan Utara,3.3002,117.5765,0.39,0.391,0.42,28.3
2024-12-18,Tarakan,Kalimantan Utara,3.3002,117.5765,0.389,0.385,0.412,28.0
2024-12-19,Tarakan,Kalimantan Utara,3.3002,117.5765,0.378,0.369,0.403,28.1
2024-12-20,Tarakan,Kalimantan Utara,3.3002,117.5765,0.406,0.382,0.394,27.8
2024-12-21,Tarakan,Kalimantan Utara,3.3002,117.5765,0.416,0.412,0.389,27.8
2024-12-22,Tarakan,Kalimantan Utara,3.3002,117.5765,0.417,0.422,0.396,26.9
2024-12-23,Tarakan,Kalimantan Utara,3.3002,117.5765,0.389,0.406,0.397,28.5
2024-12-24,Tarakan,Kalimantan Utara,3.3002,117.5765,0.423,0.418,0.398,27.0
2024-12-25,Tarakan,Kalimantan Utara,3.3002,117.5765,0.399,0.41,0.4,27.5
2024-12-26,Tarakan,Kalimantan Utara,3.3002,117.5765,0.406,0.399,0.399,26.5
2024-12-27,Tarakan,Kalimantan Utara,3.3002,117.5765,0.389,0.392,0.398,27.5
2024-12-28,Tarakan,Kalimantan Utara,3.3002,117.5765,0.401,0.411,0.4,28.0
2024-12-29,Tarakan,Kalimantan Utara,3.3002,117.5765,0.403,0.407,0.398,27.8
2024-12-30,Tarakan,Kalimantan Utara,3.3002,117.5765,0.397,0.399,0.394,27.9
2024-12-31,Tarakan,Kalimantan Utara,3.3002,117.5765,0.421,0.428,0.403,27.4
2025-01-01,Tarakan,Kalimantan Utara,3.3002,117.5765,0.412,0.426,0.421,27.8
2025-01-02,Tarakan,Kalimantan Utara,3.3002,117.5765,0.41,0.423,0.426,27.7
2025-01-03,Tarakan,Kalimantan Utara,3.3002,117.5765,0.394,0.4,0.424,28.3
2025-01-04,Tarakan,Kalimantan Utara,3.3002,117.5765,0.425,0.43,0.42,26.0
2025-01-05,Tarakan,Kalimantan Utara,3.3002,117.5765,0.404,0.415,0.415,27.6
2025-01-06,Tarakan,Kalimantan Utara,3.3002,117.5765,0.401,0.41,0.413,27.8
2025-01-07,Tarakan,Kalimantan Utara,3.3002,117.5765,0.409,0.404,0.405,27.6
2025-01-08,Tarakan,Kalimantan Utara,3.3002,117.5765,0.411,0.417,0.411,27.0
2025-01-09,Tarakan,Kalimantan Utara,3.3002,117.5765,0.393,0.405,0.417,28.0
2025-01-10,Tarakan,Kalimantan Utara,3.3002,117.5765,0.399,0.4,0.414,28.1
2025-01-11,Tarakan,Kalimantan Utara,3.3002,117.5765,0.405,0.401,0.408,27.6
2025-01-12,Tarakan,Kalimantan Utara,3.3002,117.5765,0.389,0.385,0.394,27.5
2025-01-13,Tarakan,Kalimantan Utara,3.3002,117.5765,0.4,0.39,0.388,27.6
2025-01-14,Tarakan,Kalimantan Utara,3.3002,117.5765,0.419,0.416,0.382,27.2
2025-01-15,Tarakan,Kalimantan Utara,3.3002,117.5765,0.421,0.414,0.382,25.6
2025-01-16,Tarakan,Kalimantan Utara,3.3002,117.5765,0.425,0.421,0.385,26.3
2025-01-17,Tarakan,Kalimantan Utara,3.3002,117.5765,0.423,0.429,0.406,26.7
2025-01-18,Tarakan,Kalimantan Utara,3.3002,117.5765,0.409,0.413,0.411,27.2
2025-01-19,Tarakan,Kalimantan Utara,3.3002,117.5765,0.402,0.408,0.412,27.2
2025-01-20,Tarakan,Kalimantan Utara,3.3002,117.5765,0.419,0.43,0.422,26.9
2025-01-21,Tarakan,Kalimantan Utara,3.3002,117.5765,0.401,0.404,0.42,27.9
2025-01-22,Tarakan,Kalimantan Utara,3.3002,117.5765,0.399,0.401,0.419,27.7
2025-01-23,Tarakan,Kalimantan Utara,3.3002,117.5765,0.424,0.43,0.427,27.0
2025-01-24,Tarakan,Kalimantan Utara,3.3002,117.5765,0.423,0.427,0.429,26.9
2025-01-25,Tarakan,Kalimantan Utara,3.3002,117.5765,0.406,0.412,0.424,27.8
2025-01-26,Tarakan,Kalimantan Utara,3.3002,117.5765,0.428,0.424,0.417,26.7
2025-01-27,Tarakan,Kalimantan Utara,3.3002,117.5765,0.406,0.416,0.417,27.1
2025-01-28,Tarakan,Kalimantan Utara,3.3002,117.5765,0.409,0.416,0.409,26.7
2025-01-29,Tarakan,Kalimantan Utara,3.3002,117.5765,0.433,0.435,0.428,24.9
2025-01-30,Tarakan,Kalimantan Utara,3.3002,117.5765,0.414,0.423,0.431,26.5
2025-01-31,Tarakan,Kalimantan Utara,3.3002,117.5765,0.414,0.41,0.427,26.9
2025-02-01,Tarakan,Kalimantan Utara,3.3002,117.5765,0.409,0.402,0.413,26.8
2025-02-02,Tarakan,Kalimantan Utara,3.3002,117.5765,0.394,0.398,0.406,27.4
2025-02-03,Tarakan,Kalimantan Utara,3.3002,117.5765,0.389,0.39,0.401,26.9
2025-02-04,Tarakan,Kalimantan Utara,3.3002,117.5765,0.395,0.393,0.391,27.0
2025-02-05,Tarakan,Kalimantan Utara,3.3002,117.5765,0.389,0.387,0.38,27.0
2025-02-06,Tarakan,Kalimantan Utara,3.3002,117.5765,0.405,0.392,0.372,26.7
2025-02-07,Tarakan,Kalimantan Utara,3.3002,117.5765,0.375,0.383,0.37,27.8
2025-02-08,Tarakan,Kalimantan Utara,3.3002,117.5765,0.406,0.391,0.368,27.1
2025-02-09,Tarakan,Kalimantan Utara,3.3002,117.5765,0.417,0.42,0.37,26.9
2025-02-10,Tarakan,Kalimantan Utara,3.3002,117.5765,0.41,0.408,0.366,27.3
2025-02-11,Tarakan,Kalimantan Utara,3.3002,117.5765,0.411,0.415,0.367,26.1
2025-02-12,Tarakan,Kalimantan Utara,3.3002,117.5765,0.4,0.397,0.366,27.6
2025-02-13,Tarakan,Kalimantan Utara,3.3002,117.5765,0.399,0.392,0.364,27.1
2025-02-14,Tarakan,Kalimantan Utara,3.3002,117.5765,0.373,0.377,0.361,27.9
2025-02-15,Tarakan,Kalimantan Utara,3.3002,117.5765,0.355,0.367,0.357,28.3
2025-02-16,Tarakan,Kalimantan Utara,3.3002,117.5765,0.362,0.353,0.353,28.1
2025-02-17,Tarakan,Kalimantan Utara,3.3002,117.5765,0.414,0.376,0.352,25.7
2025-02-18,Tarakan,Kalimantan Utara,3.3002,117.5765,0.406,0.411,0.355,27.3
2025-02-19,Tarakan,Kalimantan Utara,3.3002,117.5765,0.385,0.386,0.355,27.6
2025-02-20,Tarakan,Kalimantan Utara,3.3002,117.5765,0.402,0.396,0.352,27.7
2025-02-21,Tarakan,Kalimantan Utara,3.3002,117.5765,0.392,0.388,0.351,27.1
2025-02-22,Tarakan,Kalimantan Utara,3.3002,117.5765,0.414,0.393,0.351,25.9
2025-02-23,Tarakan,Kalimantan Utara,3.3002,117.5765,0.425,0.424,0.359,26.1
2025-02-24,Tarakan,Kalimantan Utara,3.3002,117.5765,0.401,0.412,0.368,26.6
2025-02-25,Tarakan,Kalimantan Utara,3.3002,117.5765,0.388,0.393,0.367,27.2
2025-02-26,Tarakan,Kalimantan Utara,3.3002,117.5765,0.411,0.398,0.364,26.8
2025-02-27,Tarakan,Kalimantan Utara,3.3002,117.5765,0.4,0.408,0.368,26.9
2025-02-28,Tarakan,Kalimantan Utara,3.3002,117.5765,0.398,0.398,0.368,27.2
2025-03-01,Tarakan,Kalimantan Utara,3.3002,117.5765,0.419,0.401,0.365,26.8
2025-03-02,Tarakan,Kalimantan Utara,3.3002,117.5765,0.406,0.41,0.368,27.2
2025-03-03,Tarakan,Kalimantan Utara,3.3002,117.5765,0.396,0.398,0.368,27.6
2025-03-04,Tarakan,Kalimantan Utara,3.3002,117.5765,0.363,0.371,0.361,28.6
2025-03-05,Tarakan,Kalimantan Utara,3.3002,117.5765,0.371,0.35,0.353,28.2
2025-03-06,Tarakan,Kalimantan Utara,3.3002,117.5765,0.384,0.341,0.342,27.4
2025-03-07,Tarakan,Kalimantan Utara,3.3002,117.5765,0.407,0.388,0.341,27.3
2025-03-08,Tarakan,Kalimantan Utara,3.3002,117.5765,0.419,0.417,0.351,26.2
2025-03-09,Tarakan,Kalimantan Utara,3.3002,117.5765,0.415,0.417,0.358,26.6
2025-03-10,Tarakan,Kalimantan Utara,3.3002,117.5765,0.389,0.397,0.361,27.4
2025-03-11,Tarakan,Kalimantan Utara,3.3002,117.5765,0.411,0.411,0.36,27.0
2025-03-12,Tarakan,Kalimantan Utara,3.3002,117.5765,0.389,0.394,0.36,27.8
2025-03-13,Tarakan,Kalimantan Utara,3.3002,117.5765,0.375,0.38,0.351,28.1
2025-03-14,Tarakan,Kalimantan Utara,3.3002,117.5765,0.352,0.365,0.347,28.3
2025-03-15,Tarakan,Kalimantan Utara,3.3002,117.5765,0.364,0.354,0.34,28.3
2025-03-16,Tarakan,Kalimantan Utara,3.3002,117.5765,0.422,0.387,0.328,26.4
2025-03-17,Tarakan,Kalimantan Utara,3.3002,117.5765,0.427,0.423,0.334,26.4
2025-03-18,Tarakan,Kalimantan Utara,3.3002,117.5765,0.41,0.411,0.347,27.3
2025-03-19,Tarakan,Kalimantan Utara,3.3002,117.5765,0.418,0.422,0.36,27.3
2025-03-20,Tarakan,Kalimantan Utara,3.3002,117.5765,0.417,0.416,0.375,26.9
2025-03-21,Tarakan,Kalimantan Utara,3.3002,117.5765,0.416,0.414,0.386,26.1
2025-03-22,Tarakan,Kalimantan Utara,3.3002,117.5765,0.406,0.407,0.388,26.4
2025-03-23,Tarakan,Kalimantan Utara,3.3002,117.5765,0.399,0.398,0.387,26.5
2025-03-24,Tarakan,Kalimantan Utara,3.3002,117.5765,0.354,0.37,0.384,27.8
2025-03-25,Tarakan,Kalimantan Utara,3.3002,117.5765,0.408,0.398,0.385,26.5
2025-03-26,Tarakan,Kalimantan Utara,3.3002,117.5765,0.384,0.4,0.386,28.0
2025-03-27,Tarakan,Kalimantan Utara,3.3002,117.5765,0.375,0.383,0.384,28.3
2025-03-28,Tarakan,Kalimantan Utara,3.3002,117.5765,0.362,0.368,0.377,28.4
2025-03-29,Tarakan,Kalimantan Utara,3.3002,117.5765,0.37,0.358,0.373,27.9
2025-03-30,Tarakan,Kalimantan Utara,3.3002,117.5765,0.362,0.34,0.368,28.2
2025-03-31,Tarakan,Kalimantan Utara,3.3002,117.5765,0.377,0.353,0.365,26.9
2025-04-01,Tarakan,Kalimantan Utara,3.3002,117.5765,0.365,0.351,0.365,28.0
2025-04-02,Tarakan,Kalimantan Utara,3.3002,117.5765,0.404,0.381,0.362,27.1
2025-04-03,Tarakan,Kalimantan Utara,3.3002,117.5765,0.395,0.395,0.362,27.8
2025-04-04,Tarakan,Kalimantan Utara,3.3002,117.5765,0.393,0.385,0.361,27.0
2025-04-05,Tarakan,Kalimantan Utara,3.3002,117.5765,0.373,0.38,0.361,28.0
2025-04-06,Tarakan,Kalimantan Utara,3.3002,117.5765,0.355,0.365,0.36,28.2
2025-04-07,Tarakan,Kalimantan Utara,3.3002,117.5765,0.337,0.351,0.356,28.1
2025-04-08,Tarakan,Kalimantan Utara,3.3002,117.5765,0.318,0.338,0.354,28.6
2025-04-09,Tarakan,Kalimantan Utara,3.3002,117.5765,0.377,0.349,0.354,27.9
2025-04-10,Tarakan,Kalimantan Utara,3.3002,117.5765,0.385,0.379,0.354,28.4
2025-04-11,Tarakan,Kalimantan Utara,3.3002,117.5765,0.397,0.389,0.353,27.5
2025-04-12,Tarakan,Kalimantan Utara,3.3002,117.5765,0.37,0.371,0.351,28.4
2025-04-13,Tarakan,Kalimantan Utara,3.3002,117.5765,0.34,0.352,0.349,28.7
2025-04-14,Tarakan,Kalimantan Utara,3.3002,117.5765,0.394,0.366,0.349,27.0
2025-04-15,Tarakan,Kalimantan Utara,3.3002,117.5765,0.367,0.366,0.346,28.5
2025-04-16,Tarakan,Kalimantan Utara,3.3002,117.5765,0.383,0.359,0.342,27.9
2025-04-17,Tarakan,Kalimantan Utara,3.3002,117.5765,0.391,0.376,0.339,27.7
2025-04-18,Tarakan,Kalimantan Utara,3.3002,117.5765,0.358,0.368,0.339,28.3
2025-04-19,Tarakan,Kalimantan Utara,3.3002,117.5765,0.337,0.359,0.339,28.3
2025-04-20,Tarakan,Kalimantan Utara,3.3002,117.5765,0.317,0.346,0.338,28.9
2025-04-21,Tarakan,Kalimantan Utara,3.3002,117.5765,0.342,0.331,0.335,28.8
2025-04-22,Tarakan,Kalimantan Utara,3.3002,117.5765,0.386,0.335,0.327,28.4
2025-04-23,Tarakan,Kalimantan Utara,3.3002,117.5765,0.391,0.372,0.318,27.4
2025-04-24,Tarakan,Kalimantan Utara,3.3002,117.5765,0.41,0.398,0.317,27.5
2025-04-25,Tarakan,Kalimantan Utara,3.3002,117.5765,0.406,0.402,0.317,27.0
2025-04-26,Tarakan,Kalimantan Utara,3.3002,117.5765,0.379,0.383,0.32,27.3
2025-04-27,Tarakan,Kalimantan Utara,3.3002,117.5765,0.353,0.365,0.32,28.3
2025-04-28,Tarakan,Kalimantan Utara,3.3002,117.5765,0.402,0.38,0.32,27.5
2025-04-29,Tarakan,Kalimantan Utara,3.3002,117.5765,0.397,0.393,0.323,28.1
2025-04-30,Tarakan,Kalimantan Utara,3.3002,117.5765,0.401,0.41,0.332,27.6
2025-05-01,Tarakan,Kalimantan Utara,3.3002,117.5765,0.393,0.398,0.343,28.4
2025-05-02,Tarakan,Kalimantan Utara,3.3002,117.5765,0.383,0.382,0.347,27.9
2025-05-03,Tarakan,Kalimantan Utara,3.3002,117.5765,0.377,0.376,0.347,28.4
2025-05-04,Tarakan,Kalimantan Utara,3.3002,117.5765,0.397,0.403,0.352,28.4
2025-05-05,Tarakan,Kalimantan Utara,3.3002,117.5765,0.389,0.398,0.357,28.4
2025-05-06,Tarakan,Kalimantan Utara,3.3002,117.5765,0.408,0.408,0.36,28.3
2025-05-07,Tarakan,Kalimantan Utara,3.3002,117.5765,0.398,0.408,0.365,28.4
2025-05-08,Tarakan,Kalimantan Utara,3.3002,117.5765,0.402,0.409,0.366,28.2
2025-05-09,Tarakan,Kalimantan Utara,3.3002,117.5765,0.384,0.391,0.363,28.7
2025-05-10,Tarakan,Kalimantan Utara,3.3002,117.5765,0.372,0.362,0.357,27.9
2025-05-11,Tarakan,Kalimantan Utara,3.3002,117.5765,0.391,0.363,0.351,27.8
2025-05-12,Tarakan,Kalimantan Utara,3.3002,117.5765,0.409,0.391,0.349,27.9
2025-05-13,Tarakan,Kalimantan Utara,3.3002,117.5765,0.403,0.404,0.35,27.1
2025-05-14,Tarakan,Kalimantan Utara,3.3002,117.5765,0.399,0.398,0.349,28.3
2025-05-15,Tarakan,Kalimantan Utara,3.3002,117.5765,0.39,0.394,0.352,28.5
2025-05-16,Tarakan,Kalimantan Utara,3.3002,117.5765,0.4,0.398,0.353,28.3
2025-05-17,Tarakan,Kalimantan Utara,3.3002,117.5765,0.37,0.382,0.353,28.8
2025-05-18,Tarakan,Kalimantan Utara,3.3002,117.5765,0.396,0.384,0.352,28.1
2025-05-19,Tarakan,Kalimantan Utara,3.3002,117.5765,0.395,0.384,0.352,28.0
2025-05-20,Tarakan,Kalimantan Utara,3.3002,117.5765,0.407,0.405,0.355,28.2
2025-05-21,Tarakan,Kalimantan Utara,3.3002,117.5765,0.423,0.425,0.368,26.5
2025-05-22,Tarakan,Kalimantan Utara,3.3002,117.5765,0.397,0.405,0.373,28.3
2025-05-23,Tarakan,Kalimantan Utara,3.3002,117.5765,0.407,0.408,0.375,28.1
2025-05-24,Tarakan,Kalimantan Utara,3.3002,117.5765,0.418,0.418,0.381,27.2
2025-05-25,Tarakan,Kalimantan Utara,3.3002,117.5765,0.376,0.401,0.384,28.5
2025-05-26,Tarakan,Kalimantan Utara,3.3002,117.5765,0.363,0.385,0.384,28.9
2025-05-27,Tarakan,Kalimantan Utara,3.3002,117.5765,0.379,0.379,0.383,27.6
2025-05-28,Tarakan,Kalimantan Utara,3.3002,117.5765,0.37,0.377,0.381,28.3
2025-05-29,Tarakan,Kalimantan Utara,3.3002,117.5765,0.388,0.385,0.38,27.5
2025-05-30,Tarakan,Kalimantan Utara,3.3002,117.5765,0.362,0.371,0.378,28.7
2025-05-31,Tarakan,Kalimantan Utara,3.3002,117.5765,0.393,0.388,0.377,28.1
2025-06-01,Tarakan,Kalimantan Utara,3.3002,117.5765,0.406,0.397,0.378,27.1
2025-06-02,Tarakan,Kalimantan Utara,3.3002,117.5765,0.401,0.401,0.379,26.7
2025-06-03,Tarakan,Kalimantan Utara,3.3002,117.5765,0.395,0.396,0.38,26.7
2025-06-04,Tarakan,Kalimantan Utara,3.3002,117.5765,0.397,0.395,0.381,26.7
2025-06-05,Tarakan,Kalimantan Utara,3.3002,117.5765,0.406,0.404,0.382,27.3
2025-06-06,Tarakan,Kalimantan Utara,3.3002,117.5765,0.42,0.424,0.392,27.4
2025-06-07,Tarakan,Kalimantan Utara,3.3002,117.5765,0.414,0.424,0.402,27.3
2025-06-08,Tarakan,Kalimantan Utara,3.3002,117.5765,0.389,0.405,0.403,28.5
2025-06-09,Tarakan,Kalimantan Utara,3.3002,117.5765,0.411,0.424,0.415,27.4
2025-06-10,Tarakan,Kalimantan Utara,3.3002,117.5765,0.404,0.417,0.418,28.5
2025-06-11,Tarakan,Kalimantan Utara,3.3002,117.5765,0.416,0.419,0.417,27.9
2025-06-12,Tarakan,Kalimantan Utara,3.3002,117.5765,0.415,0.419,0.419,27.8
2025-06-13,Tarakan,Kalimantan Utara,3.3002,117.5765,0.396,0.411,0.418,28.2
2025-06-14,Tarakan,Kalimantan Utara,3.3002,117.5765,0.39,0.398,0.416,28.1
2025-06-15,Tarakan,Kalimantan Utara,3.3002,117.5765,0.406,0.4,0.413,27.6
2025-06-16,Tarakan,Kalimantan Utara,3.3002,117.5765,0.399,0.406,0.412,27.9
2025-06-17,Tarakan,Kalimantan Utara,3.3002,117.5765,0.382,0.396,0.41,28.5
2025-06-18,Tarakan,Kalimantan Utara,3.3002,117.5765,0.404,0.406,0.408,27.6
2025-06-19,Tarakan,Kalimantan Utara,3.3002,117.5765,0.418,0.419,0.409,27.3
2025-06-20,Tarakan,Kalimantan Utara,3.3002,117.5765,0.42,0.427,0.422,27.1
2025-06-21,Tarakan,Kalimantan Utara,3.3002,117.5765,0.405,0.412,0.426,26.7
2025-06-22,Tarakan,Kalimantan Utara,3.3002,117.5765,0.421,0.428,0.425,25.8
2025-06-23,Tarakan,Kalimantan Utara,3.3002,117.5765,0.388,0.401,0.421,27.7
2025-06-24,Tarakan,Kalimantan Utara,3.3002,117.5765,0.389,0.391,0.417,27.9
2025-06-25,Tarakan,Kalimantan Utara,3.3002,117.5765,0.398,0.404,0.415,28.0
2025-06-26,Tarakan,Kalimantan Utara,3.3002,117.5765,0.394,0.412,0.416,27.8
2025-06-27,Tarakan,Kalimantan Utara,3.3002,117.5765,0.399,0.408,0.416,27.9
2025-06-28,Tarakan,Kalimantan Utara,3.3002,117.5765,0.373,0.391,0.413,28.5
2025-06-29,Tarakan,Kalimantan Utara,3.3002,117.5765,0.403,0.397,0.41,27.8
2025-06-30,Tarakan,Kalimantan Utara,3.3002,117.5765,0.415,0.42,0.415,26.9
2025-07-01,Tarakan,Kalimantan Utara,3.3002,117.5765,0.38,0.401,0.416,28.3
2025-07-02,Tarakan,Kalimantan Utara,3.3002,117.5765,0.416,0.415,0.416,27.8
2025-07-03,Tarakan,Kalimantan Utara,3.3002,117.5765,0.399,0.415,0.42,28.0
2025-07-04,Tarakan,Kalimantan Utara,3.3002,117.5765,0.413,0.425,0.426,27.1
2025-07-05,Tarakan,Kalimantan Utara,3.3002,117.5765,0.394,0.402,0.423,27.9
2025-07-06,Tarakan,Kalimantan Utara,3.3002,117.5765,0.406,0.419,0.421,27.9
2025-07-07,Tarakan,Kalimantan Utara,3.3002,117.5765,0.418,0.409,0.419,25.9
2025-07-08,Tarakan,Kalimantan Utara,3.3002,117.5765,0.401,0.414,0.419,27.3
2025-07-09,Tarakan,Kalimantan Utara,3.3002,117.5765,0.414,0.424,0.421,27.4
2025-07-10,Tarakan,Kalimantan Utara,3.3002,117.5765,0.413,0.425,0.425,27.0
2025-07-11,Tarakan,Kalimantan Utara,3.3002,117.5765,0.39,0.402,0.423,27.9
2025-07-12,Tarakan,Kalimantan Utara,3.3002,117.5765,0.4,0.401,0.42,27.5
2025-07-13,Tarakan,Kalimantan Utara,3.3002,117.5765,0.406,0.406,0.418,27.9
2025-07-14,Tarakan,Kalimantan Utara,3.3002,117.5765,0.394,0.4,0.415,27.9
2025-07-15,Tarakan,Kalimantan Utara,3.3002,117.5765,0.411,0.423,0.416,27.5
2025-07-16,Tarakan,Kalimantan Utara,3.3002,117.5765,0.405,0.418,0.418,27.5
2025-07-17,Tarakan,Kalimantan Utara,3.3002,117.5765,0.422,0.429,0.424,26.1
2025-07-18,Tarakan,Kalimantan Utara,3.3002,117.5765,0.388,0.407,0.42,27.3
2025-07-19,Tarakan,Kalimantan Utara,3.3002,117.5765,0.367,0.389,0.418,28.2
2025-07-20,Tarakan,Kalimantan Utara,3.3002,117.5765,0.344,0.372,0.413,28.5
2025-07-21,Tarakan,Kalimantan Utara,3.3002,117.5765,0.329,0.358,0.408,28.7
2025-07-22,Tarakan,Kalimantan Utara,3.3002,117.5765,0.381,0.368,0.403,28.3
2025-07-23,Tarakan,Kalimantan Utara,3.3002,117.5765,0.347,0.354,0.398,29.0
2025-07-24,Tarakan,Kalimantan Utara,3.3002,117.5765,0.361,0.353,0.393,28.7
2025-07-25,Tarakan,Kalimantan Utara,3.3002,117.5765,0.351,0.343,0.387,28.7
2025-07-26,Tarakan,Kalimantan Utara,3.3002,117.5765,0.348,0.345,0.382,29.4
2025-07-27,Tarakan,Kalimantan Utara,3.3002,117.5765,0.401,0.395,0.379,28.5
2025-07-28,Tarakan,Kalimantan Utara,3.3002,117.5765,0.403,0.411,0.38,28.7
2025-07-29,Tarakan,Kalimantan Utara,3.3002,117.5765,0.369,0.394,0.379,29.3
2025-07-30,Tarakan,Kalimantan Utara,3.3002,117.5765,0.348,0.378,0.376,29.4
2025-07-31,Tarakan,Kalimantan Utara,3.3002,117.5765,0.331,0.363,0.372,29.1
2025-08-01,Tarakan,Kalimantan Utara,3.3002,117.5765,0.324,0.352,0.368,29.0
2025-08-02,Tarakan,Kalimantan Utara,3.3002,117.5765,0.312,0.34,0.364,29.0
2025-08-03,Tarakan,Kalimantan Utara,3.3002,117.5765,0.351,0.335,0.361,28.2
2025-08-04,Tarakan,Kalimantan Utara,3.3002,117.5765,0.384,0.353,0.357,27.9
2025-08-05,Tarakan,Kalimantan Utara,3.3002,117.5765,0.401,0.388,0.356,27.8
2025-08-06,Tarakan,Kalimantan Utara,3.3002,117.5765,0.427,0.428,0.378,25.4
2025-08-07,Tarakan,Kalimantan Utara,3.3002,117.5765,0.408,0.414,0.39,27.2
2025-08-08,Tarakan,Kalimantan Utara,3.3002,117.5765,0.403,0.413,0.394,27.5
2025-08-09,Tarakan,Kalimantan Utara,3.3002,117.5765,0.396,0.401,0.394,27.7
2025-08-10,Tarakan,Kalimantan Utara,3.3002,117.5765,0.415,0.416,0.394,26.6
2025-08-11,Tarakan,Kalimantan Utara,3.3002,117.5765,0.417,0.424,0.4,27.5
2025-08-12,Tarakan,Kalimantan Utara,3.3002,117.5765,0.424,0.43,0.411,26.5
2025-08-13,Tarakan,Kalimantan Utara,3.3002,117.5765,0.402,0.418,0.419,26.8
2025-08-14,Tarakan,Kalimantan Utara,3.3002,117.5765,0.39,0.4,0.418,27.5
2025-08-15,Tarakan,Kalimantan Utara,3.3002,117.5765,0.367,0.383,0.415,28.1
2025-08-16,Tarakan,Kalimantan Utara,3.3002,117.5765,0.398,0.389,0.412,27.5
2025-08-17,Tarakan,Kalimantan Utara,3.3002,117.5765,0.399,0.389,0.409,26.9
2025-08-18,Tarakan,Kalimantan Utara,3.3002,117.5765,0.41,0.4,0.406,26.4
2025-08-19,Tarakan,Kalimantan Utara,3.3002,117.5765,0.403,0.403,0.405,27.2
2025-08-20,Tarakan,Kalimantan Utara,3.3002,117.5765,0.414,0.421,0.405,26.8
2025-08-21,Tarakan,Kalimantan Utara,3.3002,117.5765,0.422,0.426,0.412,25.8
2025-08-22,Tarakan,Kalimantan Utara,3.3002,117.5765,0.41,0.416,0.416,25.8
2025-08-23,Tarakan,Kalimantan Utara,3.3002,117.5765,0.393,0.403,0.414,27.3
2025-08-24,Tarakan,Kalimantan Utara,3.3002,117.5765,0.376,0.389,0.412,27.5
2025-08-25,Tarakan,Kalimantan Utara,3.3002,117.5765,0.377,0.385,0.409,26.9
2025-08-26,Tarakan,Kalimantan Utara,3.3002,117.5765,0.374,0.385,0.407,27.3
2025-08-27,Tarakan,Kalimantan Utara,3.3002,117.5765,0.378,0.39,0.404,27.8
2025-08-28,Tarakan,Kalimantan Utara,3.3002,117.5765,0.376,0.386,0.402,28.0
2025-08-29,Tarakan,Kalimantan Utara,3.3002,117.5765,0.395,0.4,0.4,28.0
2025-08-30,Tarakan,Kalimantan Utara,3.3002,117.5765,0.397,0.412,0.411,27.5
2025-08-31,Tarakan,Kalimantan Utara,3.3002,117.5765,0.414,0.427,0.423,26.8
2025-09-01,Tarakan,Kalimantan Utara,3.3002,117.5765,0.404,0.411,0.422,27.8
2025-09-02,Tarakan,Kalimantan Utara,3.3002,117.5765,0.411,0.424,0.424,27.5
2025-09-03,Tarakan,Kalimantan Utara,3.3002,117.5765,0.407,0.418,0.427,28.0
2025-09-04,Tarakan,Kalimantan Utara,3.3002,117.5765,0.391,0.402,0.425,28.0
2025-09-05,Tarakan,Kalimantan Utara,3.3002,117.5765,0.412,0.42,0.426,27.5
2025-09-06,Tarakan,Kalimantan Utara,3.3002,117.5765,0.404,0.411,0.425,27.6
2025-09-07,Tarakan,Kalimantan Utara,3.3002,117.5765,0.406,0.421,0.426,27.7
2025-09-08,Tarakan,Kalimantan Utara,3.3002,117.5765,0.412,0.421,0.426,27.5
2025-09-09,Tarakan,Kalimantan Utara,3.3002,117.5765,0.405,0.416,0.427,27.8
2025-09-10,Tarakan,Kalimantan Utara,3.3002,117.5765,0.382,0.398,0.425,27.9
2025-09-11,Tarakan,Kalimantan Utara,3.3002,117.5765,0.393,0.392,0.421,28.2
2025-09-12,Tarakan,Kalimantan Utara,3.3002,117.5765,0.402,0.415,0.418,28.0
2025-09-13,Tarakan,Kalimantan Utara,3.3002,117.5765,0.421,0.426,0.423,27.4
2025-09-14,Tarakan,Kalimantan Utara,3.3002,117.5765,0.405,0.415,0.425,27.2
2025-09-15,Tarakan,Kalimantan Utara,3.3002,117.5765,0.407,0.421,0.427,27.0
2025-09-16,Tarakan,Kalimantan Utara,3.3002,117.5765,0.42,0.421,0.429,27.5
2025-09-17,Tarakan,Kalimantan Utara,3.3002,117.5765,0.41,0.419,0.43,26.8
2025-09-18,Tarakan,Kalimantan Utara,3.3002,117.5765,0.412,0.403,0.427,27.3
2025-09-19,Tarakan,Kalimantan Utara,3.3002,117.5765,0.407,0.421,0.426,27.8
2025-09-20,Tarakan,Kalimantan Utara,3.3002,117.5765,0.39,0.397,0.424,28.3
2025-09-21,Tarakan,Kalimantan Utara,3.3002,117.5765,0.391,0.397,0.418,28.0
2025-09-22,Tarakan,Kalimantan Utara,3.3002,117.5765,0.372,0.389,0.413,28.6
2025-09-23,Tarakan,Kalimantan Utara,3.3002,117.5765,0.335,0.368,0.406,28.7
2025-09-24,Tarakan,Kalimantan Utara,3.3002,117.5765,0.348,0.356,0.398,28.6
2025-09-25,Tarakan,Kalimantan Utara,3.3002,117.5765,0.365,0.357,0.391,28.3
2025-09-26,Tarakan,Kalimantan Utara,3.3002,117.5765,0.343,0.355,0.384,28.6
2025-09-27,Tarakan,Kalimantan Utara,3.3002,117.5765,0.333,0.345,0.378,28.7
2025-09-28,Tarakan,Kalimantan Utara,3.3002,117.5765,0.356,0.341,0.372,28.0
2025-09-29,Tarakan,Kalimantan Utara,3.3002,117.5765,0.372,0.348,0.366,28.0
2025-09-30,Tarakan,Kalimantan Utara,3.3002,117.5765,0.351,0.344,0.361,27.7
2025-10-01,Tarakan,Kalimantan Utara,3.3002,117.5765,0.303,0.331,0.356,28.5
2025-10-02,Tarakan,Kalimantan Utara,3.3002,117.5765,0.35,0.323,0.351,28.6
2025-10-03,Tarakan,Kalimantan Utara,3.3002,117.5765,0.362,0.335,0.346,28.2
2025-10-04,Tarakan,Kalimantan Utara,3.3002,117.5765,0.409,0.389,0.344,26.6
2025-10-05,Tarakan,Kalimantan Utara,3.3002,117.5765,0.4,0.398,0.342,27.2
2025-10-06,Tarakan,Kalimantan Utara,3.3002,117.5765,0.417,0.415,0.345,25.6
2025-10-07,Tarakan,Kalimantan Utara,3.3002,117.5765,0.391,0.398,0.346,26.7
2025-10-08,Tarakan,Kalimantan Utara,3.3002,117.5765,0.381,0.387,0.345,27.8
2025-10-09,Tarakan,Kalimantan Utara,3.3002,117.5765,0.407,0.406,0.345,27.2
2025-10-10,Tarakan,Kalimantan Utara,3.3002,117.5765,0.409,0.398,0.346,26.7
2025-10-11,Tarakan,Kalimantan Utara,3.3002,117.5765,0.406,0.407,0.347,27.4
2025-10-12,Tarakan,Kalimantan Utara,3.3002,117.5765,0.4,0.409,0.351,27.8
2025-10-13,Tarakan,Kalimantan Utara,3.3002,117.5765,0.395,0.403,0.353,28.1
2025-10-14,Tarakan,Kalimantan Utara,3.3002,117.5765,0.393,0.394,0.353,28.4
2025-10-15,Tarakan,Kalimantan Utara,3.3002,117.5765,0.377,0.385,0.351,28.5
2025-10-16,Tarakan,Kalimantan Utara,3.3002,117.5765,0.35,0.371,0.349,28.7
2025-10-17,Tarakan,Kalimantan Utara,3.3002,117.5765,0.335,0.36,0.347,29.1
2025-10-18,Tarakan,Kalimantan Utara,3.3002,117.5765,0.343,0.351,0.344,29.0
2025-10-19,Tarakan,Kalimantan Utara,3.3002,117.5765,0.383,0.369,0.341,28.2
2025-10-20,Tarakan,Kalimantan Utara,3.3002,117.5765,0.368,0.364,0.338,28.7
2025-10-21,Tarakan,Kalimantan Utara,3.3002,117.5765,0.328,0.352,0.334,29.2
2025-10-22,Tarakan,Kalimantan Utara,3.3002,117.5765,0.331,0.338,0.332,28.7
2025-10-23,Tarakan,Kalimantan Utara,3.3002,117.5765,0.354,0.335,0.327,28.5
2025-10-24,Tarakan,Kalimantan Utara,3.3002,117.5765,0.426,0.402,0.33,26.2
2025-10-25,Tarakan,Kalimantan Utara,3.3002,117.5765,0.41,0.415,0.341,27.7
2025-10-26,Tarakan,Kalimantan Utara,3.3002,117.5765,0.416,0.42,0.357,27.3
2025-10-27,Tarakan,Kalimantan Utara,3.3002,117.5765,0.415,0.418,0.365,26.8
2025-10-28,Tarakan,Kalimantan Utara,3.3002,117.5765,0.391,0.402,0.368,28.2
2025-10-29,Tarakan,Kalimantan Utara,3.3002,117.5765,0.421,0.421,0.374,26.3
2025-10-30,Tarakan,Kalimantan Utara,3.3002,117.5765,0.402,0.407,0.377,26.9
2025-10-31,Tarakan,Kalimantan Utara,3.3002,117.5765,0.387,0.398,0.377,27.2
2025-11-01,Tarakan,Kalimantan Utara,3.3002,117.5765,0.361,0.385,0.376,28.4
2025-11-02,Tarakan,Kalimantan Utara,3.3002,117.5765,0.362,0.374,0.374,28.4
2025-11-03,Tarakan,Kalimantan Utara,3.3002,117.5765,0.413,0.413,0.375,27.8
2025-11-04,Tarakan,Kalimantan Utara,3.3002,117.5765,0.393,0.4,0.377,27.4
2025-11-05,Tarakan,Kalimantan Utara,3.3002,117.5765,0.361,0.384,0.375,28.6
2025-11-06,Tarakan,Kalimantan Utara,3.3002,117.5765,0.38,0.378,0.373,28.3
2025-11-07,Tarakan,Kalimantan Utara,3.3002,117.5765,0.414,0.422,0.377,27.3
2025-11-08,Tarakan,Kalimantan Utara,3.3002,117.5765,0.386,0.402,0.379,28.7
2025-11-09,Tarakan,Kalimantan Utara,3.3002,117.5765,0.4,0.403,0.38,28.1
2025-11-10,Tarakan,Kalimantan Utara,3.3002,117.5765,0.381,0.393,0.38,28.6
2025-11-11,Tarakan,Kalimantan Utara,3.3002,117.5765,0.399,0.409,0.383,28.3
2025-11-12,Tarakan,Kalimantan Utara,3.3002,117.5765,0.414,0.425,0.399,27.7
2025-11-13,Tarakan,Kalimantan Utara,3.3002,117.5765,0.415,0.42,0.406,27.8
2025-11-14,Tarakan,Kalimantan Utara,3.3002,117.5765,0.41,0.426,0.424,27.5
2025-11-15,Tarakan,Kalimantan Utara,3.3002,117.5765,0.383,0.401,0.426,28.5
2025-11-16,Tarakan,Kalimantan Utara,3.3002,117.5765,0.387,0.397,0.422,28.2
2025-11-17,Tarakan,Kalimantan Utara,3.3002,117.5765,0.375,0.384,0.418,28.0
2025-11-18,Tarakan,Kalimantan Utara,3.3002,117.5765,0.4,0.39,0.415,27.8
2025-11-19,Tarakan,Kalimantan Utara,3.3002,117.5765,0.387,0.391,0.412,27.9
2025-11-20,Tarakan,Kalimantan Utara,3.3002,117.5765,0.422,0.416,0.411,27.3
2025-11-21,Tarakan,Kalimantan Utara,3.3002,117.5765,0.414,0.425,0.418,26.9
2025-11-22,Tarakan,Kalimantan Utara,3.3002,117.5765,0.406,0.417,0.421,27.6
2025-11-23,Tarakan,Kalimantan Utara,3.3002,117.5765,0.398,0.408,0.419,27.9
2025-11-24,Tarakan,Kalimantan Utara,3.3002,117.5765,0.413,0.42,0.419,28.0
2025-11-25,Tarakan,Kalimantan Utara,3.3002,117.5765,0.411,0.427,0.423,28.0
2025-11-26,Tarakan,Kalimantan Utara,3.3002,117.5765,0.389,0.416,0.426,28.4
2025-11-27,Tarakan,Kalimantan Utara,3.3002,117.5765,0.413,0.421,0.424,27.8
2025-11-28,Tarakan,Kalimantan Utara,3.3002,117.5765,0.413,0.415,0.422,28.0
2025-11-29,Tarakan,Kalimantan Utara,3.3002,117.5765,0.419,0.428,0.427,26.5
2025-11-30,Tarakan,Kalimantan Utara,3.3002,117.5765,0.39,0.405,0.427,27.9
2025-12-01,Tarakan,Kalimantan Utara,3.3002,117.5765,0.401,0.404,0.423,28.1
2025-12-02,Tarakan,Kalimantan Utara,3.3002,117.5765,0.389,0.401,0.42,28.1
2025-12-03,Tarakan,Kalimantan Utara,3.3002,117.5765,0.357,0.381,0.417,28.2
2025-12-04,Tarakan,Kalimantan Utara,3.3002,117.5765,0.39,0.392,0.413,27.7
2025-12-05,Tarakan,Kalimantan Utara,3.3002,117.5765,0.41,0.402,0.409,27.5
2025-12-06,Tarakan,Kalimantan Utara,3.3002,117.5765,0.403,0.422,0.413,27.5
2025-12-07,Tarakan,Kalimantan Utara,3.3002,117.5765,0.412,0.422,0.414,26.6
2025-12-08,Tarakan,Kalimantan Utara,3.3002,117.5765,0.37,0.398,0.411,28.4
2025-12-09,Tarakan,Kalimantan Utara,3.3002,117.5765,0.415,0.422,0.415,27.6
2025-12-10,Tarakan,Kalimantan Utara,3.3002,117.5765,0.397,0.414,0.418,28.0
2025-12-11,Tarakan,Kalimantan Utara,3.3002,117.5765,0.386,0.396,0.415,28.1
2025-12-12,Tarakan,Kalimantan Utara,3.3002,117.5765,0.413,0.417,0.418,27.0
2025-12-13,Tarakan,Kalimantan Utara,3.3002,117.5765,0.394,0.411,0.42,28.0
2025-12-14,Tarakan,Kalimantan Utara,3.3002,117.5765,0.363,0.392,0.418,28.3
2025-12-15,Tarakan,Kalimantan Utara,3.3002,117.5765,0.359,0.377,0.414,28.4
2025-12-16,Tarakan,Kalimantan Utara,3.3002,117.5765,0.365,0.371,0.409,27.8
2025-12-17,Tarakan,Kalimantan Utara,3.3002,117.5765,0.383,0.379,0.405,28.0
2025-12-18,Tarakan,Kalimantan Utara,3.3002,117.5765,0.396,0.393,0.401,27.3
2025-12-19,Tarakan,Kalimantan Utara,3.3002,117.5765,0.397,0.396,0.397,27.8
2025-12-20,Tarakan,Kalimantan Utara,3.3002,117.5765,0.387,0.391,0.394,27.8
2025-12-21,Tarakan,Kalimantan Utara,3.3002,117.5765,0.389,0.39,0.39,27.7
2025-12-22,Tarakan,Kalimantan Utara,3.3002,117.5765,0.399,0.401,0.387,27.9
2025-12-23,Tarakan,Kalimantan Utara,3.3002,117.5765,0.418,0.424,0.397,26.9
2025-12-24,Tarakan,Kalimantan Utara,3.3002,117.5765,0.385,0.411,0.403,28.1
2025-12-25,Tarakan,Kalimantan Utara,3.3002,117.5765,0.412,0.417,0.404,27.9
2025-12-26,Tarakan,Kalimantan Utara,3.3002,117.5765,0.393,0.412,0.405,28.2
2025-12-27,Tarakan,Kalimantan Utara,3.3002,117.5765,0.393,0.407,0.403,28.1
2025-12-28,Tarakan,Kalimantan Utara,3.3002,117.5765,0.387,0.4,0.4,28.0
2025-12-29,Tarakan,Kalimantan Utara,3.3002,117.5765,0.412,0.418,0.401,28.1
2025-12-30,Tarakan,Kalimantan Utara,3.3002,117.5765,0.42,0.426,0.406,27.0
2025-12-31,Tarakan,Kalimantan Utara,3.3002,117.5765,0.402,0.411,0.406,27.8
2026-01-01,Tarakan,Kalimantan Utara,3.3002,117.5765,0.417,0.425,0.408,27.3
2026-01-02,Tarakan,Kalimantan Utara,3.3002,117.5765,0.41,0.424,0.415,27.6
2026-01-03,Tarakan,Kalimantan Utara,3.3002,117.5765,0.426,0.431,0.425,26.5
2026-01-04,Tarakan,Kalimantan Utara,3.3002,117.5765,0.412,0.423,0.427,27.4
2026-01-05,Tarakan,Kalimantan Utara,3.3002,117.5765,0.429,0.43,0.429,26.5
2026-01-06,Tarakan,Kalimantan Utara,3.3002,117.5765,0.419,0.429,0.431,26.5
2026-01-07,Tarakan,Kalimantan Utara,3.3002,117.5765,0.418,0.425,0.432,26.5
2026-01-08,Tarakan,Kalimantan Utara,3.3002,117.5765,0.396,0.402,0.428,27.4
2026-01-09,Tarakan,Kalimantan Utara,3.3002,117.5765,0.414,0.414,0.425,27.5
2026-01-10,Tarakan,Kalimantan Utara,3.3002,117.5765,0.399,0.416,0.424,27.8
2026-01-11,Tarakan,Kalimantan Utara,3.3002,117.5765,0.378,0.394,0.421,27.9
2026-01-12,Tarakan,Kalimantan Utara,3.3002,117.5765,0.358,0.378,0.415,28.3
2026-01-13,Tarakan,Kalimantan Utara,3.3002,117.5765,0.376,0.377,0.408,28.3
2026-01-14,Tarakan,Kalimantan Utara,3.3002,117.5765,0.367,0.373,0.402,28.2
2026-01-15,Tarakan,Kalimantan Utara,3.3002,117.5765,0.361,0.366,0.396,28.2
2026-01-16,Tarakan,Kalimantan Utara,3.3002,117.5765,0.389,0.369,0.389,27.9
2026-01-17,Tarakan,Kalimantan Utara,3.3002,117.5765,0.386,0.384,0.384,28.2
2026-01-18,Tarakan,Kalimantan Utara,3.3002,117.5765,0.353,0.362,0.378,28.4
2026-01-19,Tarakan,Kalimantan Utara,3.3002,117.5765,0.404,0.391,0.374,27.9
2026-01-20,Tarakan,Kalimantan Utara,3.3002,117.5765,0.393,0.392,0.37,28.0
2026-01-21,Tarakan,Kalimantan Utara,3.3002,117.5765,0.393,0.388,0.367,27.9
2026-01-22,Tarakan,Kalimantan Utara,3.3002,117.5765,0.37,0.38,0.364,28.2
2026-01-23,Tarakan,Kalimantan Utara,3.3002,117.5765,0.344,0.368,0.36,28.2
2026-01-24,Tarakan,Kalimantan Utara,3.3002,117.5765,0.328,0.356,0.355,28.2
2026-01-25,Tarakan,Kalimantan Utara,3.3002,117.5765,0.316,0.345,0.351,28.4
2026-01-26,Tarakan,Kalimantan Utara,3.3002,117.5765,0.311,0.337,0.347,28.2
2026-01-27,Tarakan,Kalimantan Utara,3.3002,117.5765,0.315,0.33,0.34,28.5
2026-01-28,Tarakan,Kalimantan Utara,3.3002,117.5765,0.306,0.32,0.335,28.7
2026-01-29,Tarakan,Kalimantan Utara,3.3002,117.5765,0.376,0.323,0.332,27.6
2026-01-30,Tarakan,Kalimantan Utara,3.3002,117.5765,0.406,0.384,0.329,26.6
2026-01-31,Tarakan,Kalimantan Utara,3.3002,117.5765,0.385,0.387,0.329,27.4
2026-02-01,Tarakan,Kalimantan Utara,3.3002,117.5765,0.366,0.376,0.331,27.9
2026-02-02,Tarakan,Kalimantan Utara,3.3002,117.5765,0.363,0.365,0.329,28.0
2026-02-03,Tarakan,Kalimantan Utara,3.3002,117.5765,0.38,0.369,0.327,28.1
2026-02-04,Tarakan,Kalimantan Utara,3.3002,117.5765,0.374,0.366,0.325,27.9
2026-02-05,Tarakan,Kalimantan Utara,3.3002,117.5765,0.396,0.379,0.324,26.9
2026-02-06,Tarakan,Kalimantan Utara,3.3002,117.5765,0.4,0.383,0.323,25.8
2026-02-07,Tarakan,Kalimantan Utara,3.3002,117.5765,0.421,0.414,0.327,26.6
2026-02-08,Tarakan,Kalimantan Utara,3.3002,117.5765,0.398,0.399,0.331,27.0
2026-02-09,Tarakan,Kalimantan Utara,3.3002,117.5765,0.383,0.387,0.332,27.9
2026-02-10,Tarakan,Kalimantan Utara,3.3002,117.5765,0.387,0.382,0.331,27.8
2026-02-11,Tarakan,Kalimantan Utara,3.3002,117.5765,0.384,0.393,0.332,27.5
2026-02-12,Tarakan,Kalimantan Utara,3.3002,117.5765,0.399,0.403,0.336,27.2
2026-02-13,Tarakan,Kalimantan Utara,3.3002,117.5765,0.402,0.403,0.341,27.3
2026-02-14,Tarakan,Kalimantan Utara,3.3002,117.5765,0.392,0.393,0.342,26.7
2026-02-15,Tarakan,Kalimantan Utara,3.3002,117.5765,0.369,0.382,0.342,27.4
2026-02-16,Tarakan,Kalimantan Utara,3.3002,117.5765,0.37,0.373,0.341,27.8
2026-02-17,Tarakan,Kalimantan Utara,3.3002,117.5765,0.351,0.361,0.339,28.2
2026-02-18,Tarakan,Kalimantan Utara,3.3002,117.5765,0.36,0.355,0.338,27.8
2026-02-19,Tarakan,Kalimantan Utara,3.3002,117.5765,0.423,0.409,0.338,26.2
2026-02-20,Tarakan,Kalimantan Utara,3.3002,117.5765,0.413,0.415,0.346,26.5
2026-02-21,Tarakan,Kalimantan Utara,3.3002,117.5765,0.41,0.413,0.354,26.7
2026-02-22,Tarakan,Kalimantan Utara,3.3002,117.5765,0.388,0.399,0.358,27.2
2026-02-23,Tarakan,Kalimantan Utara,3.3002,117.5765,0.379,0.389,0.359,28.0
2026-02-24,Tarakan,Kalimantan Utara,3.3002,117.5765,0.411,0.396,0.359,27.4
2026-02-25,Tarakan,Kalimantan Utara,3.3002,117.5765,0.414,0.42,0.366,27.0
2026-02-26,Tarakan,Kalimantan Utara,3.3002,117.5765,0.403,0.417,0.379,27.0
2026-02-27,Tarakan,Kalimantan Utara,3.3002,117.5765,0.408,0.411,0.381,27.5
2026-02-28,Tarakan,Kalimantan Utara,3.3002,117.5765,0.408,0.422,0.389,26.9
2026-03-01,Tarakan,Kalimantan Utara,3.3002,117.5765,0.382,0.401,0.392,28.2
2026-03-02,Tarakan,Kalimantan Utara,3.3002,117.5765,0.404,0.407,0.392,27.9
2026-03-03,Tarakan,Kalimantan Utara,3.3002,117.5765,0.407,0.413,0.394,27.3
2026-03-04,Tarakan,Kalimantan Utara,3.3002,117.5765,0.397,0.403,0.395,27.9
2026-03-05,Tarakan,Kalimantan Utara,3.3002,117.5765,0.406,0.418,0.399,26.8
2026-03-06,Tarakan,Kalimantan Utara,3.3002,117.5765,0.387,0.403,0.4,27.8
2026-03-07,Tarakan,Kalimantan Utara,3.3002,117.5765,0.407,0.403,0.4,26.4
2026-03-08,Tarakan,Kalimantan Utara,3.3002,117.5765,0.38,0.393,0.398,28.0
2026-03-09,Tarakan,Kalimantan Utara,3.3002,117.5765,0.356,0.381,0.397,28.4
2026-03-10,Tarakan,Kalimantan Utara,3.3002,117.5765,0.362,0.371,0.394,28.3
2026-03-11,Tarakan,Kalimantan Utara,3.3002,117.5765,0.377,0.371,0.392,27.9
2026-03-12,Tarakan,Kalimantan Utara,3.3002,117.5765,0.4,0.395,0.391,27.2
2026-03-13,Tarakan,Kalimantan Utara,3.3002,117.5765,0.405,0.404,0.391,27.1
2026-03-14,Tarakan,Kalimantan Utara,3.3002,117.5765,0.381,0.399,0.391,27.6
2026-03-15,Tarakan,Kalimantan Utara,3.3002,117.5765,0.368,0.385,0.39,27.9
2026-03-16,Tarakan,Kalimantan Utara,3.3002,117.5765,0.351,0.373,0.388,28.1
2026-03-17,Tarakan,Kalimantan Utara,3.3002,117.5765,0.352,0.361,0.385,27.8
2026-03-18,Tarakan,Kalimantan Utara,3.3002,117.5765,0.353,0.355,0.383,26.7
2026-03-19,Tarakan,Kalimantan Utara,3.3002,117.5765,0.38,0.361,0.381,27.3
2026-03-20,Tarakan,Kalimantan Utara,3.3002,117.5765,0.402,0.39,0.379,27.2
2026-03-21,Tarakan,Kalimantan Utara,3.3002,117.5765,0.377,0.385,0.377,27.3
2026-03-22,Tarakan,Kalimantan Utara,3.3002,117.5765,0.338,0.368,0.375,28.0
2026-03-23,Tarakan,Kalimantan Utara,3.3002,117.5765,0.334,0.356,0.373,27.9
2026-03-24,Tarakan,Kalimantan Utara,3.3002,117.5765,0.332,0.347,0.37,28.1
2026-03-25,Tarakan,Kalimantan Utara,3.3002,117.5765,0.315,0.337,0.367,28.3
2026-03-26,Tarakan,Kalimantan Utara,3.3002,117.5765,0.298,0.328,0.364,28.7
2026-03-27,Tarakan,Kalimantan Utara,3.3002,117.5765,0.284,0.318,0.361,28.7
2026-03-28,Tarakan,Kalimantan Utara,3.3002,117.5765,0.27,0.307,0.358,28.5
2026-03-29,Tarakan,Kalimantan Utara,3.3002,117.5765,0.25,0.296,0.354,28.8
2026-03-30,Tarakan,Kalimantan Utara,3.3002,117.5765,0.235,0.285,0.351,28.8
2026-03-31,Tarakan,Kalimantan Utara,3.3002,117.5765,0.226,0.271,0.346,28.4
2026-04-01,Tarakan,Kalimantan Utara,3.3002,117.5765,0.251,0.263,0.34,28.5
2026-04-02,Tarakan,Kalimantan Utara,3.3002,117.5765,0.27,0.261,0.338,28.1
2026-04-03,Tarakan,Kalimantan Utara,3.3002,117.5765,0.257,0.259,0.333,28.2
2026-04-04,Tarakan,Kalimantan Utara,3.3002,117.5765,0.241,0.254,0.329,28.6
2026-04-05,Tarakan,Kalimantan Utara,3.3002,117.5765,0.238,0.249,0.323,28.6
2026-04-06,Tarakan,Kalimantan Utara,3.3002,117.5765,0.208,0.243,0.318,29.0
2026-04-07,Tarakan,Kalimantan Utara,3.3002,117.5765,0.305,0.239,0.309,28.6
2026-04-08,Tarakan,Kalimantan Utara,3.3002,117.5765,0.366,0.299,0.304,28.2
2026-04-09,Tarakan,Kalimantan Utara,3.3002,117.5765,0.348,0.306,0.3,28.3
2026-04-10,Tarakan,Kalimantan Utara,3.3002,117.5765,0.301,0.289,0.296,28.8
2026-04-11,Tarakan,Kalimantan Utara,3.3002,117.5765,0.28,0.278,0.294,28.3
2026-04-12,Tarakan,Kalimantan Utara,3.3002,117.5765,0.361,0.279,0.291,28.4
2026-04-13,Tarakan,Kalimantan Utara,3.3002,117.5765,0.334,0.29,0.289,28.1
2026-04-14,Tarakan,Kalimantan Utara,3.3002,117.5765,0.29,0.283,0.287,28.6
2026-04-15,Tarakan,Kalimantan Utara,3.3002,117.5765,0.295,0.277,0.284,28.4
2026-04-16,Tarakan,Kalimantan Utara,3.3002,117.5765,0.268,0.27,0.281,28.8
2026-04-17,Tarakan,Kalimantan Utara,3.3002,117.5765,0.25,0.261,0.277,28.5
2026-04-18,Tarakan,Kalimantan Utara,3.3002,117.5765,0.233,0.257,0.275,28.2
2026-04-19,Tarakan,Kalimantan Utara,3.3002,117.5765,0.216,0.252,0.274,28.7
2026-04-20,Tarakan,Kalimantan Utara,3.3002,117.5765,0.202,0.244,0.271,28.8
2026-04-21,Tarakan,Kalimantan Utara,3.3002,117.5765,0.291,0.24,0.268,27.8
2026-04-22,Tarakan,Kalimantan Utara,3.3002,117.5765,0.333,0.245,0.267,27.7
2026-04-23,Tarakan,Kalimantan Utara,3.3002,117.5765,0.318,0.25,0.266,28.2
2026-04-24,Tarakan,Kalimantan Utara,3.3002,117.5765,0.288,0.249,0.264,28.7
2026-04-25,Tarakan,Kalimantan Utara,3.3002,117.5765,0.265,0.246,0.264,28.7
2026-04-26,Tarakan,Kalimantan Utara,3.3002,117.5765,0.245,0.242,0.263,29.1
2026-04-27,Tarakan,Kalimantan Utara,3.3002,117.5765,0.239,0.237,0.262,29.2
2026-04-28,Tarakan,Kalimantan Utara,3.3002,117.5765,0.221,0.23,0.259,29.4
2026-04-29,Tarakan,Kalimantan Utara,3.3002,117.5765,0.204,0.225,0.257,29.6
2026-04-30,Tarakan,Kalimantan Utara,3.3002,117.5765,0.229,0.218,0.254,29.2
2026-05-01,Tarakan,Kalimantan Utara,3.3002,117.5765,0.229,0.214,0.25,29.1
2026-05-02,Tarakan,Kalimantan Utara,3.3002,117.5765,0.213,0.21,0.249,29.3
2026-05-03,Tarakan,Kalimantan Utara,3.3002,117.5765,0.2,0.205,0.247,29.8
2026-05-04,Tarakan,Kalimantan Utara,3.3002,117.5765,0.202,0.199,0.244,29.6
2026-05-05,Tarakan,Kalimantan Utara,3.3002,117.5765,0.286,0.198,0.243,29.0
2026-05-06,Tarakan,Kalimantan Utara,3.3002,117.5765,0.245,0.197,0.242,29.5
2026-05-07,Tarakan,Kalimantan Utara,3.3002,117.5765,0.223,0.195,0.241,29.4
2026-05-08,Tarakan,Kalimantan Utara,3.3002,117.5765,0.22,0.192,0.239,29.1
2026-05-09,Tarakan,Kalimantan Utara,3.3002,117.5765,0.222,0.188,0.237,29.6
2026-05-10,Tarakan,Kalimantan Utara,3.3002,117.5765,0.203,0.187,0.236,29.7
2026-05-11,Tarakan,Kalimantan Utara,3.3002,117.5765,0.191,0.181,0.23,30.4
2026-05-12,Tarakan,Kalimantan Utara,3.3002,117.5765,0.197,0.191,0.243,30.2
2026-05-13,Tarakan,Kalimantan Utara,3.3002,117.5765,0.235,0.205,0.263,29.7
2026-05-14,Tarakan,Kalimantan Utara,3.3002,117.5765,0.245,0.2,0.259,29.9
2026-05-15,Tarakan,Kalimantan Utara,3.3002,117.5765,0.255,0.198,0.258,28.6
2026-05-16,Tarakan,Kalimantan Utara,3.3002,117.5765,0.265,0.199,0.257,29.6
2026-05-17,Tarakan,Kalimantan Utara,3.3002,117.5765,0.312,0.204,0.255,28.6
2026-05-18,Tarakan,Kalimantan Utara,3.3002,117.5765,0.32,0.22,0.251,29.0
2026-05-19,Tarakan,Kalimantan Utara,3.3002,117.5765,0.276,0.215,0.248,29.0
2026-05-20,Tarakan,Kalimantan Utara,3.3002,117.5765,0.318,0.219,0.247,28.9
2026-05-21,Tarakan,Kalimantan Utara,3.3002,117.5765,0.29,0.224,0.246,29.8
2026-05-22,Tarakan,Kalimantan Utara,3.3002,117.5765,0.273,0.223,0.246,30.2
2026-05-23,Tarakan,Kalimantan Utara,3.3002,117.5765,0.268,0.222,0.244,29.8
2026-05-24,Tarakan,Kalimantan Utara,3.3002,117.5765,0.364,0.268,0.241,28.8
2026-05-25,Tarakan,Kalimantan Utara,3.3002,117.5765,0.41,0.365,0.243,28.2
2026-05-26,Tarakan,Kalimantan Utara,3.3002,117.5765,0.422,0.423,0.265,28.0
2026-05-27,Tarakan,Kalimantan Utara,3.3002,117.5765,0.412,0.419,0.29,27.8
2026-05-28,Tarakan,Kalimantan Utara,3.3002,117.5765,0.39,0.393,0.292,28.5
2026-05-29,Tarakan,Kalimantan Utara,3.3002,117.5765,0.412,0.409,0.299,28.1
2026-05-30,Tarakan,Kalimantan Utara,3.3002,117.5765,0.406,0.416,0.319,28.5
2026-05-31,Tarakan,Kalimantan Utara,3.3002,117.5765,0.383,0.392,0.326,28.9
